date,ticker,close
2022-01-03,SPY,98.21316603291278
2022-01-04,SPY,98.3157285713558
2022-01-05,SPY,99.17288225280319
2022-01-06,SPY,99.37598824717553
2022-01-07,SPY,100.38081816341493
2022-01-10,SPY,103.72840809964599
2022-01-11,SPY,102.02199068262551
2022-01-12,SPY,103.14812126621149
2022-01-13,SPY,101.2321717337344
2022-01-14,SPY,101.65888128214672
2022-01-17,SPY,101.10045835495131
2022-01-18,SPY,102.65007320510225
2022-01-19,SPY,101.68134391548674
2022-01-20,SPY,102.31257758178481
2022-01-21,SPY,100.87734482236783
2022-01-24,SPY,98.43965641061558
2022-01-25,SPY,98.95615747176484
2022-01-26,SPY,100.93242215869664
2022-01-27,SPY,101.55974010285165
2022-01-28,SPY,100.43790799771857
2022-01-31,SPY,100.77540073577364
2022-02-01,SPY,101.68403243774708
2022-02-02,SPY,103.08983609218446
2022-02-03,SPY,101.76963212049297
2022-02-04,SPY,102.60541792711182
2022-02-07,SPY,103.04680353414054
2022-02-08,SPY,103.04164169556526
2022-02-09,SPY,103.0897544528176
2022-02-10,SPY,102.32848709019945
2022-02-11,SPY,101.64097150663338
2022-02-14,SPY,103.20746324830068
2022-02-15,SPY,103.5431365620069
2022-02-16,SPY,103.01071214876288
2022-02-17,SPY,100.13292473325389
2022-02-18,SPY,99.16946188989054
2022-02-21,SPY,98.63251137606593
2022-02-22,SPY,97.2287875886483
2022-02-23,SPY,95.79300559572033
2022-02-24,SPY,96.72060144322539
2022-02-25,SPY,96.4801835794938
2022-02-28,SPY,94.6513635441334
2022-03-01,SPY,93.24846468088104
2022-03-02,SPY,92.96124772262284
2022-03-03,SPY,94.16585652437844
2022-03-04,SPY,92.5872967872074
2022-03-07,SPY,94.28605485285367
2022-03-08,SPY,93.79498594456986
2022-03-09,SPY,92.00494477001145
2022-03-10,SPY,92.56942790537823
2022-03-11,SPY,94.10724224779159
2022-03-14,SPY,93.90043575959923
2022-03-15,SPY,94.62106037448561
2022-03-16,SPY,94.31003271531449
2022-03-17,SPY,94.32823253381129
2022-03-18,SPY,96.13947688826372
2022-03-21,SPY,97.14651134956553
2022-03-22,SPY,95.85264072555752
2022-03-23,SPY,98.92589185708889
2022-03-24,SPY,97.8118065939447
2022-03-25,SPY,98.7834778583265
2022-03-28,SPY,99.37273969700307
2022-03-29,SPY,99.30913936806941
2022-03-30,SPY,99.5686856721441
2022-03-31,SPY,99.41535760102947
2022-04-01,SPY,100.39050547370908
2022-04-04,SPY,99.61139020504504
2022-04-05,SPY,98.31682585769133
2022-04-06,SPY,98.87787006995845
2022-04-07,SPY,100.85717421753317
2022-04-08,SPY,100.732924918129
2022-04-11,SPY,102.71043882037452
2022-04-12,SPY,102.64030384966014
2022-04-13,SPY,104.48525577853209
2022-04-14,SPY,105.65982694848111
2022-04-15,SPY,106.3196321854951
2022-04-18,SPY,107.48316733144026
2022-04-19,SPY,106.49731030943362
2022-04-20,SPY,106.64954266861768
2022-04-21,SPY,104.78414179184364
2022-04-22,SPY,102.70266161739139
2022-04-25,SPY,103.80528609180644
2022-04-26,SPY,103.66278121804882
2022-04-27,SPY,104.87774073082691
2022-04-28,SPY,105.06684195938534
2022-04-29,SPY,104.17922992964843
2022-05-02,SPY,107.63129431457128
2022-05-03,SPY,109.34608279238105
2022-05-04,SPY,109.5933784314374
2022-05-05,SPY,109.65580977938116
2022-05-06,SPY,111.74553765543102
2022-05-09,SPY,111.37317231384931
2022-05-10,SPY,113.33382997955552
2022-05-11,SPY,114.21103238174828
2022-05-12,SPY,112.53548368093472
2022-05-13,SPY,113.51961444942013
2022-05-16,SPY,114.9939353635568
2022-05-17,SPY,115.7429745773531
2022-05-18,SPY,117.04494351356236
2022-05-19,SPY,118.90665864426364
2022-05-20,SPY,118.28202249620298
2022-05-23,SPY,121.34251929379592
2022-05-24,SPY,121.60340486600776
2022-05-25,SPY,122.7916675443718
2022-05-26,SPY,120.6306205175681
2022-05-27,SPY,122.0512174139866
2022-05-30,SPY,123.0889789436763
2022-05-31,SPY,122.3134808387254
2022-06-01,SPY,123.29935185714082
2022-06-02,SPY,124.04503793498867
2022-06-03,SPY,125.49300625611492
2022-06-06,SPY,126.55139232715442
2022-06-07,SPY,125.79607749379011
2022-06-08,SPY,125.91429390142808
2022-06-09,SPY,123.52905091453177
2022-06-10,SPY,123.59832941975111
2022-06-13,SPY,122.91480421901413
2022-06-14,SPY,124.44349048777352
2022-06-15,SPY,126.37744433783813
2022-06-16,SPY,127.33655145186337
2022-06-17,SPY,124.70309744676761
2022-06-20,SPY,125.47932562730584
2022-06-21,SPY,123.94708357971614
2022-06-22,SPY,124.60181569554064
2022-06-23,SPY,124.86497815654157
2022-06-24,SPY,123.36056139147864
2022-06-27,SPY,121.553734793808
2022-06-28,SPY,122.74822804471906
2022-06-29,SPY,125.73755531432498
2022-06-30,SPY,125.70679509410172
2022-07-01,SPY,126.21094556517542
2022-07-04,SPY,125.46630827002376
2022-07-05,SPY,125.1215682869797
2022-07-06,SPY,122.78800475868444
2022-07-07,SPY,122.94231056515265
2022-07-08,SPY,123.24647515731534
2022-07-11,SPY,122.85488656772026
2022-07-12,SPY,123.04306683900165
2022-07-13,SPY,122.58407759807193
2022-07-14,SPY,124.48211904381843
2022-07-15,SPY,124.41405588118597
2022-07-18,SPY,124.82509897949802
2022-07-19,SPY,126.22482201133285
2022-07-20,SPY,126.53709157835036
2022-07-21,SPY,127.15702592464635
2022-07-22,SPY,124.56553440641495
2022-07-25,SPY,124.25351838029538
2022-07-26,SPY,126.99030419979238
2022-07-27,SPY,127.59306921573285
2022-07-28,SPY,129.11498153097583
2022-07-29,SPY,129.73147898295758
2022-08-01,SPY,132.5410106012293
2022-08-02,SPY,131.45854832660345
2022-08-03,SPY,130.29732228146668
2022-08-04,SPY,131.309914690072
2022-08-05,SPY,132.5222761347786
2022-08-08,SPY,133.04110999220975
2022-08-09,SPY,133.53000667700528
2022-08-10,SPY,132.56454432714625
2022-08-11,SPY,134.16295427458496
2022-08-12,SPY,134.2609236020326
2022-08-15,SPY,135.06251636304896
2022-08-16,SPY,134.37336769630411
2022-08-17,SPY,137.54064216199905
2022-08-18,SPY,136.88258547966126
2022-08-19,SPY,137.18483874377986
2022-08-22,SPY,135.5131497759517
2022-08-23,SPY,134.30849733342887
2022-08-24,SPY,134.2815327268783
2022-08-25,SPY,133.07173364151973
2022-08-26,SPY,133.3040641882292
2022-08-29,SPY,132.07714165729823
2022-08-30,SPY,132.30150026325555
2022-08-31,SPY,132.38542997387543
2022-09-01,SPY,134.2765195674173
2022-09-02,SPY,133.5505166799885
2022-09-05,SPY,131.92694702357304
2022-09-06,SPY,130.7689382798446
2022-09-07,SPY,127.60206664165305
2022-09-08,SPY,124.47597181805901
2022-09-09,SPY,125.93550917230499
2022-09-12,SPY,129.01050739183165
2022-09-13,SPY,128.49131115765377
2022-09-14,SPY,128.66675155116823
2022-09-15,SPY,128.04813509776912
2022-09-16,SPY,129.47075362330483
2022-09-19,SPY,129.25760378333845
2022-09-20,SPY,129.11672742319703
2022-09-21,SPY,128.9332006314623
2022-09-22,SPY,126.60758910322639
2022-09-23,SPY,127.83572428518232
2022-09-26,SPY,126.10451761028018
2022-09-27,SPY,129.30749361572828
2022-09-28,SPY,131.3236640137943
2022-09-29,SPY,131.64755600837356
2022-09-30,SPY,127.61409887850097
2022-10-03,SPY,127.70763796763644
2022-10-04,SPY,128.81792788103076
2022-10-05,SPY,129.40615584978593
2022-10-06,SPY,128.4989399303118
2022-10-07,SPY,131.47958165343155
2022-10-10,SPY,132.6114052984118
2022-10-11,SPY,132.30819030952583
2022-10-12,SPY,135.56686231137203
2022-10-13,SPY,136.22038555823187
2022-10-14,SPY,136.50994124847355
2022-10-17,SPY,137.15333446523888
2022-10-18,SPY,139.0858983377044
2022-10-19,SPY,139.62373029945104
2022-10-20,SPY,140.01600476280709
2022-10-21,SPY,140.45949653740448
2022-10-24,SPY,143.5288521795706
2022-10-25,SPY,143.70253147504272
2022-10-26,SPY,141.54528675727255
2022-10-27,SPY,140.35320388370292
2022-10-28,SPY,139.61694866261297
2022-10-31,SPY,141.3703613291813
2022-11-01,SPY,143.29803312448726
2022-11-02,SPY,142.7999828587887
2022-11-03,SPY,142.84653221293263
2022-11-04,SPY,142.41461830492784
2022-11-07,SPY,140.1430789031849
2022-11-08,SPY,138.43786837103545
2022-11-09,SPY,136.4234081559773
2022-11-10,SPY,136.88878449259602
2022-11-11,SPY,138.17226729315294
2022-11-14,SPY,137.98717722696296
2022-11-15,SPY,137.27174736998683
2022-11-16,SPY,138.38585932693576
2022-11-17,SPY,136.96781690424694
2022-11-18,SPY,133.92094028313178
2022-11-21,SPY,133.85171421717143
2022-11-22,SPY,134.38505059138268
2022-11-23,SPY,132.77501729046588
2022-11-24,SPY,130.6582487905935
2022-11-25,SPY,129.6608847497298
2022-11-28,SPY,127.64161457351275
2022-11-29,SPY,127.23546620606376
2022-11-30,SPY,126.86402025604058
2022-12-01,SPY,127.10572142458825
2022-12-02,SPY,128.43271226307724
2022-12-05,SPY,128.43064209622713
2022-12-06,SPY,129.28172766831995
2022-12-07,SPY,129.9638419558015
2022-12-08,SPY,127.61586974465435
2022-12-09,SPY,127.30244501228954
2022-12-12,SPY,125.7674413573036
2022-12-13,SPY,124.1227753988738
2022-12-14,SPY,124.24280431035979
2022-12-15,SPY,125.75722243517393
2022-12-16,SPY,126.6824245510937
2022-12-19,SPY,127.3396087863417
2022-12-20,SPY,129.4214047984176
2022-12-21,SPY,129.37667447422612
2022-12-22,SPY,128.4065448630732
2022-12-23,SPY,127.77292417943855
2022-12-26,SPY,127.01423657749382
2022-12-27,SPY,124.28485448730511
2022-12-28,SPY,126.02701058156937
2022-12-29,SPY,125.81794860042947
2022-12-30,SPY,125.68603350254949
2023-01-02,SPY,125.04876208169837
2023-01-03,SPY,125.12283688561052
2023-01-04,SPY,124.34278224381276
2023-01-05,SPY,125.68362019083857
2023-01-06,SPY,123.40264516967846
2023-01-09,SPY,124.37602997469254
2023-01-10,SPY,124.52401261220206
2023-01-11,SPY,126.17464119869155
2023-01-12,SPY,128.1965083811348
2023-01-13,SPY,130.21697442888953
2023-01-16,SPY,130.2531819592877
2023-01-17,SPY,128.99604162750614
2023-01-18,SPY,131.15620924966166
2023-01-19,SPY,129.63409123518724
2023-01-20,SPY,130.08495495573726
2023-01-23,SPY,129.39282648668865
2023-01-24,SPY,129.6958785419984
2023-01-25,SPY,132.58214988573718
2023-01-26,SPY,133.57664237309507
2023-01-27,SPY,134.1698983472707
2023-01-30,SPY,134.1327077681648
2023-01-31,SPY,134.7767895853048
2023-02-01,SPY,136.09817748620733
2023-02-02,SPY,137.06102163616492
2023-02-03,SPY,135.7267909954499
2023-02-06,SPY,134.79172071580126
2023-02-07,SPY,134.9009950652302
2023-02-08,SPY,136.12072487656533
2023-02-09,SPY,136.83853131181624
2023-02-10,SPY,136.63552215749056
2023-02-13,SPY,133.78478820621467
2023-02-14,SPY,131.98684679430158
2023-02-15,SPY,134.17657681790692
2023-02-16,SPY,133.49027369951756
2023-02-17,SPY,135.45420183692403
2023-02-20,SPY,135.93000708734732
2023-02-21,SPY,135.06248685496004
2023-02-22,SPY,132.50394878292386
2023-02-23,SPY,132.08350335202132
2023-02-24,SPY,131.15024132041785
2023-02-27,SPY,129.43025733348327
2023-02-28,SPY,128.95105816046518
2023-03-01,SPY,130.99123465308534
2023-03-02,SPY,133.5580121518128
2023-03-03,SPY,130.75395188169557
2023-03-06,SPY,130.37230774455207
2023-03-07,SPY,129.88233964885058
2023-03-08,SPY,130.40161295235086
2023-03-09,SPY,131.55985920815965
2023-03-10,SPY,132.14175946175703
2023-03-13,SPY,132.2637822043168
2023-03-14,SPY,130.01353874257643
2023-03-15,SPY,128.68019554157945
2023-03-16,SPY,128.10545467149487
2023-03-17,SPY,127.2322617572418
2023-03-20,SPY,124.99099154851987
2023-03-21,SPY,123.25393581152015
2023-03-22,SPY,124.29151814854636
2023-03-23,SPY,122.7325025957914
2023-03-24,SPY,122.13609134812764
2023-03-27,SPY,121.28571338885692
2023-03-28,SPY,121.78356904554846
2023-03-29,SPY,121.05634683291943
2023-03-30,SPY,119.54030273947053
2023-03-31,SPY,118.81715138803115
2023-04-03,SPY,120.15448439079182
2023-04-04,SPY,122.2438140159076
2023-04-05,SPY,123.20856459133141
2023-04-06,SPY,123.67178364454554
2023-04-07,SPY,122.98965279789178
2023-04-10,SPY,123.85120577019502
2023-04-11,SPY,126.06630839446242
2023-04-12,SPY,128.7499602603879
2023-04-13,SPY,126.80647090023689
2023-04-14,SPY,125.49428037510735
2023-04-17,SPY,128.99736749803972
2023-04-18,SPY,128.58896258766484
2023-04-19,SPY,130.2918999706682
2023-04-20,SPY,129.4502110259944
2023-04-21,SPY,131.07120826871082
2023-04-24,SPY,133.11111807949843
2023-04-25,SPY,130.8689598874295
2023-04-26,SPY,127.57733309715019
2023-04-27,SPY,127.75740215705524
2023-04-28,SPY,126.15916528237886
2023-05-01,SPY,125.8652706075439
2023-05-02,SPY,127.48404945883591
2023-05-03,SPY,128.9655215671364
2023-05-04,SPY,130.65695702674788
2023-05-05,SPY,128.23116187047378
2023-05-08,SPY,129.17034675307747
2023-05-09,SPY,127.31441746274345
2023-05-10,SPY,126.34003198844918
2023-05-11,SPY,127.40347339273168
2023-05-12,SPY,128.71767287019165
2023-05-15,SPY,129.14718942173963
2023-05-16,SPY,129.93262960497682
2023-05-17,SPY,129.7527359514017
2023-05-18,SPY,128.03902640405082
2023-05-19,SPY,127.16333855179332
2023-05-22,SPY,127.89316802605003
2023-05-23,SPY,126.44049053038542
2023-05-24,SPY,125.11467942260404
2023-05-25,SPY,123.00201520770861
2023-05-26,SPY,121.56825746211678
2023-05-29,SPY,121.31774154551024
2023-05-30,SPY,121.09945010596132
2023-05-31,SPY,123.61463934248032
2023-06-01,SPY,125.58568023326593
2023-06-02,SPY,123.7246696600806
2023-06-05,SPY,125.75832741212407
2023-06-06,SPY,125.31250472904911
2023-06-07,SPY,127.93111192513018
2023-06-08,SPY,127.0590384098043
2023-06-09,SPY,127.39289367590727
2023-06-12,SPY,128.2392602041312
2023-06-13,SPY,129.81639001691752
2023-06-14,SPY,131.42246720548658
2023-06-15,SPY,132.05846709644476
2023-06-16,SPY,130.43776313749274
2023-06-19,SPY,129.66993855325111
2023-06-20,SPY,128.73291622982956
2023-06-21,SPY,128.1972536950636
2023-06-22,SPY,126.84092746988296
2023-06-23,SPY,126.8893261156251
2023-06-26,SPY,123.93397313542194
2023-06-27,SPY,123.63732394183242
2023-06-28,SPY,123.36135368417467
2023-06-29,SPY,123.42206854526256
2023-06-30,SPY,123.94783807740248
2023-07-03,SPY,124.74195326159365
2023-07-04,SPY,124.7119774439857
2023-07-05,SPY,123.62408336823536
2023-07-06,SPY,127.06509073721992
2023-07-07,SPY,127.59908685125654
2023-07-10,SPY,129.84519609465542
2023-07-11,SPY,130.8805250728503
2023-07-12,SPY,128.63731623274597
2023-07-13,SPY,128.3949937586191
2023-07-14,SPY,127.9778903913336
2023-07-17,SPY,129.08751584620126
2023-07-18,SPY,129.03706681390736
2023-07-19,SPY,128.4824857339184
2023-07-20,SPY,130.51477283370164
2023-07-21,SPY,129.65984022019336
2023-07-24,SPY,129.62410411468878
2023-07-25,SPY,129.80878354980882
2023-07-26,SPY,129.0634650336594
2023-07-27,SPY,131.04368606884526
2023-07-28,SPY,134.88608587407867
2023-07-31,SPY,132.51053745579077
2023-08-01,SPY,132.4329869011041
2023-08-02,SPY,134.55086064672375
2023-08-03,SPY,134.4596435780193
2023-08-04,SPY,135.4573405202676
2023-08-07,SPY,134.58131031258637
2023-08-08,SPY,134.71836873657344
2023-08-09,SPY,135.36580399009978
2023-08-10,SPY,135.74031463665284
2023-08-11,SPY,134.8758034028984
2023-08-14,SPY,134.45920890327116
2023-08-15,SPY,134.294629946652
2023-08-16,SPY,135.2249144762323
2023-08-17,SPY,136.50333675436147
2023-08-18,SPY,137.5063956575508
2023-08-21,SPY,137.2614847041333
2023-08-22,SPY,138.1843579322458
2023-08-23,SPY,137.68409228682162
2023-08-24,SPY,138.7647765619316
2023-08-25,SPY,138.1182114513429
2023-08-28,SPY,138.91135136235638
2023-08-29,SPY,138.7526258657029
2023-08-30,SPY,141.3609295804943
2023-08-31,SPY,142.24776407167045
2023-09-01,SPY,145.24229045696796
2023-09-04,SPY,145.44384782885854
2023-09-05,SPY,145.12947981050738
2023-09-06,SPY,147.91102074227058
2023-09-07,SPY,148.5143064052016
2023-09-08,SPY,147.7842868255864
2023-09-11,SPY,150.9230416518779
2023-09-12,SPY,150.97487916541272
2023-09-13,SPY,148.51316710949888
2023-09-14,SPY,148.77374356419924
2023-09-15,SPY,147.67036360992407
2023-09-18,SPY,148.03224992189527
2023-09-19,SPY,147.7686120882611
2023-09-20,SPY,146.51528532336872
2023-09-21,SPY,144.0438599279646
2023-09-22,SPY,143.19024684480718
2023-09-25,SPY,142.3582430483177
2023-09-26,SPY,139.89557886582696
2023-09-27,SPY,141.14955277085986
2023-09-28,SPY,142.6634316800917
2023-09-29,SPY,143.33612193052318
2023-10-02,SPY,146.13802577724496
2023-10-03,SPY,146.11083108681032
2023-10-04,SPY,145.4005989354238
2023-10-05,SPY,144.92860110769718
2023-10-06,SPY,148.1502899122863
2023-10-09,SPY,148.07531484907287
2023-10-10,SPY,147.53089496483855
2023-10-11,SPY,148.96065369791185
2023-10-12,SPY,151.287658886426
2023-10-13,SPY,149.5783962416314
2023-10-16,SPY,148.92652801966338
2023-10-17,SPY,147.57866620474957
2023-10-18,SPY,150.02055454052666
2023-10-19,SPY,148.81775938189753
2023-10-20,SPY,150.74123445869137
2023-10-23,SPY,149.5945241301046
2023-10-24,SPY,149.22735336263392
2023-10-25,SPY,149.48447536079095
2023-10-26,SPY,147.0865242550811
2023-10-27,SPY,149.85630904949875
2023-10-30,SPY,150.1209704257965
2023-10-31,SPY,150.85915619647358
2023-11-01,SPY,150.5255255553908
2023-11-02,SPY,151.62149285427802
2023-11-03,SPY,151.14632863051975
2023-11-06,SPY,148.3744740313586
2023-11-07,SPY,144.91164636818198
2023-11-08,SPY,147.29344941143336
2023-11-09,SPY,145.16459951532798
2023-11-10,SPY,141.591187656128
2023-11-13,SPY,142.05319675672175
2023-11-14,SPY,141.2322803888485
2023-11-15,SPY,141.740123560338
2023-11-16,SPY,144.3384502588826
2023-11-17,SPY,145.584081875684
2023-11-20,SPY,144.5454524308858
2023-11-21,SPY,147.3264822102198
2023-11-22,SPY,148.00376925908608
2023-11-23,SPY,149.86699572537518
2023-11-24,SPY,151.54767839532227
2023-11-27,SPY,154.44373729400783
2023-11-28,SPY,156.3128633658655
2023-11-29,SPY,158.35559260772894
2023-11-30,SPY,157.31726615189532
2023-12-01,SPY,155.25926859007816
2023-12-04,SPY,156.5898935627773
2023-12-05,SPY,157.81346051795634
2023-12-06,SPY,159.7045178151817
2023-12-07,SPY,160.60103488318643
2023-12-08,SPY,161.6230635315104
2023-12-11,SPY,158.85025174505273
2023-12-12,SPY,160.78625429033707
2023-12-13,SPY,157.5273556196083
2023-12-14,SPY,159.5043258269477
2023-12-15,SPY,158.07733431379708
2023-12-18,SPY,158.06908811300585
2023-12-19,SPY,161.83153995441978
2023-12-20,SPY,162.32575048077
2023-12-21,SPY,158.91885393339598
2023-12-22,SPY,156.28735446280115
2023-12-25,SPY,155.4115483244999
2023-12-26,SPY,155.9702957922058
2023-12-27,SPY,155.30856150410492
2023-12-28,SPY,154.07167997289554
2023-12-29,SPY,155.79786534015022
2024-01-01,SPY,154.10437513021134
2024-01-02,SPY,159.22853749193416
2024-01-03,SPY,158.5180551866255
2024-01-04,SPY,158.34813992816575
2024-01-05,SPY,157.6017361013076
2024-01-08,SPY,157.01639972856862
2024-01-09,SPY,159.73880625007328
2024-01-10,SPY,159.48175649556546
2024-01-11,SPY,157.819687450169
2024-01-12,SPY,156.72941016216848
2024-01-15,SPY,157.46108268432374
2024-01-16,SPY,155.7332976131726
2024-01-17,SPY,158.38326315152057
2024-01-18,SPY,158.26778009182812
2024-01-19,SPY,156.86714601251978
2024-01-22,SPY,154.7961500270431
2024-01-23,SPY,157.96083843690874
2024-01-24,SPY,156.9287156623798
2024-01-25,SPY,158.4680629372287
2024-01-26,SPY,158.24312396650404
2024-01-29,SPY,157.80235392264416
2024-01-30,SPY,159.73508334392145
2024-01-31,SPY,162.96151440112837
2024-02-01,SPY,164.08658533256911
2024-02-02,SPY,163.63417551388054
2024-02-05,SPY,160.7767283257919
2024-02-06,SPY,162.63648063644953
2024-02-07,SPY,161.77490462833572
2024-02-08,SPY,158.66973909219882
2024-02-09,SPY,159.19802914392594
2024-02-12,SPY,159.164686445218
2024-02-13,SPY,157.7912357842358
2024-02-14,SPY,156.06164223848936
2024-02-15,SPY,154.71053856759485
2024-02-16,SPY,151.93716340624218
2024-02-19,SPY,154.59498888341898
2024-02-20,SPY,155.9683859036482
2024-02-21,SPY,154.56833038590972
2024-02-22,SPY,155.12420567426625
2024-02-23,SPY,155.2681826950973
2024-02-26,SPY,155.81191229252528
2024-02-27,SPY,155.82237797051
2024-02-28,SPY,157.90443324268014
2024-02-29,SPY,156.25737130156784
2024-03-01,SPY,156.61990332151333
2024-03-04,SPY,155.23072533595914
2024-03-05,SPY,158.4085777436792
2024-03-06,SPY,155.71767918984352
2024-03-07,SPY,153.63732287999304
2024-03-08,SPY,155.72745971862665
2024-03-11,SPY,155.39778329028712
2024-03-12,SPY,156.67349826757788
2024-03-13,SPY,155.2427362023696
2024-03-14,SPY,158.51003163387875
2024-03-15,SPY,158.40537256498644
2024-03-18,SPY,158.50291476986686
2024-03-19,SPY,158.2021921566669
2024-03-20,SPY,155.12020568266075
2024-03-21,SPY,152.81674064333822
2024-03-22,SPY,152.46257671144764
2024-03-25,SPY,151.03343714886262
2024-03-26,SPY,153.30893597537977
2024-03-27,SPY,154.81992106169477
2024-03-28,SPY,155.92960236047801
2024-03-29,SPY,159.50063740280197
2024-04-01,SPY,161.52189247708048
2024-04-02,SPY,162.40846877153544
2024-04-03,SPY,165.46688993930152
2024-04-04,SPY,161.80143615912758
2024-04-05,SPY,162.4612517288645
2024-04-08,SPY,162.14327524594256
2024-04-09,SPY,162.59063048631884
2024-04-10,SPY,162.762405471474
2024-04-11,SPY,162.22263765877244
2024-04-12,SPY,164.4103616247851
2024-04-15,SPY,162.3381445758157
2024-04-16,SPY,164.6171251612402
2024-04-17,SPY,162.13163013300974
2024-04-18,SPY,159.86501068969184
2024-04-19,SPY,158.35828014628433
2024-04-22,SPY,158.60136310183805
2024-04-23,SPY,158.63232824955108
2024-04-24,SPY,158.15076101925345
2024-04-25,SPY,157.73584084356338
2024-04-26,SPY,155.42490372770968
2024-04-29,SPY,158.86651068594014
2024-04-30,SPY,159.85098696720206
2024-05-01,SPY,159.8673293343839
2024-05-02,SPY,159.35515293566863
2024-05-03,SPY,158.3104132277643
2024-05-06,SPY,159.3760037270798
2024-05-07,SPY,157.4906637460415
2024-05-08,SPY,155.35830435895497
2024-05-09,SPY,153.22652135209492
2024-05-10,SPY,155.95408070958362
2024-05-13,SPY,157.29352382203388
2024-05-14,SPY,157.40567845983412
2024-05-15,SPY,156.6625892585196
2024-05-16,SPY,158.34966868153614
2024-05-17,SPY,159.98410062274718
2024-05-20,SPY,156.67383056021933
2024-05-21,SPY,156.7713283281762
2024-05-22,SPY,154.85684019331666
2024-05-23,SPY,153.01729303484942
2024-05-24,SPY,156.51196239649698
2024-05-27,SPY,159.77182183237818
2024-05-28,SPY,160.58665937815397
2024-05-29,SPY,159.90454382315488
2024-05-30,SPY,161.99654842235915
2024-05-31,SPY,165.28268073127188
2024-06-03,SPY,165.32538487189444
2024-06-04,SPY,162.9990842572329
2024-06-05,SPY,166.11181970084064
2024-06-06,SPY,163.2154004302937
2024-06-07,SPY,159.01259865605675
2024-06-10,SPY,158.3848920675132
2024-06-11,SPY,156.22176552367517
2024-06-12,SPY,155.13005249029572
2024-06-13,SPY,155.18569977341554
2024-06-14,SPY,156.47994884803595
2024-06-17,SPY,157.93511875280157
2024-06-18,SPY,158.39210538681948
2024-06-19,SPY,158.2537365622783
2024-06-20,SPY,157.76143892086841
2024-06-21,SPY,156.47975913614368
2024-06-24,SPY,155.94627031798245
2024-06-25,SPY,155.12315935501903
2024-06-26,SPY,158.67367971642386
2024-06-27,SPY,158.53681887692093
2024-06-28,SPY,158.29093881065904
2024-07-01,SPY,159.90757767592598
2024-07-02,SPY,159.69811814872742
2024-07-03,SPY,158.75541190302437
2024-07-04,SPY,156.98813244725827
2024-07-05,SPY,158.49059995228686
2024-07-08,SPY,157.9822959790137
2024-07-09,SPY,159.2565328164207
2024-07-10,SPY,156.19042723202364
2024-07-11,SPY,156.3786864835339
2024-07-12,SPY,157.30496512174633
2024-07-15,SPY,157.17990026923587
2024-07-16,SPY,160.70515500624322
2024-07-17,SPY,160.17230200063418
2024-07-18,SPY,157.89202439056385
2024-07-19,SPY,163.12494745966492
2024-07-22,SPY,164.663269469204
2024-07-23,SPY,164.763226158349
2024-07-24,SPY,168.88116202535
2024-07-25,SPY,170.9536292007731
2024-07-26,SPY,170.42959240637526
2024-07-29,SPY,170.98007628214688
2024-07-30,SPY,170.82216789261244
2024-07-31,SPY,171.81647688375884
2024-08-01,SPY,171.65830272823075
2024-08-02,SPY,173.43161114354336
2024-08-05,SPY,169.53926801991844
2024-08-06,SPY,170.85849216591734
2024-08-07,SPY,170.6299481166525
2024-08-08,SPY,170.561733899736
2024-08-09,SPY,169.86084483403283
2024-08-12,SPY,169.39063973796277
2024-08-13,SPY,172.9731193641632
2024-08-14,SPY,174.00859392740645
2024-08-15,SPY,175.21249448578376
2024-08-16,SPY,177.07215474716477
2024-08-19,SPY,179.09242362647498
2024-08-20,SPY,177.5935345444873
2024-08-21,SPY,176.3354706776421
2024-08-22,SPY,177.15485731865382
2024-08-23,SPY,178.3360556441111
2024-08-26,SPY,179.34296055948298
2024-08-27,SPY,179.1687948277079
2024-08-28,SPY,180.96585867397914
2024-08-29,SPY,181.31834246280212
2024-08-30,SPY,178.86165190674555
2024-09-02,SPY,179.62485423639833
2024-09-03,SPY,177.1241029370811
2024-09-04,SPY,176.06233888881914
2024-09-05,SPY,178.11209733591647
2024-09-06,SPY,177.39518372911058
2024-09-09,SPY,178.24262280084127
2024-09-10,SPY,179.8278487880498
2024-09-11,SPY,179.63349571961123
2024-09-12,SPY,181.5232022984249
2024-09-13,SPY,182.677675073053
2024-09-16,SPY,184.06494483420838
2024-09-17,SPY,186.29300002323038
2024-09-18,SPY,184.46784667166148
2024-09-19,SPY,182.68168127036083
2024-09-20,SPY,186.241185469494
2024-09-23,SPY,187.44781101528295
2024-09-24,SPY,185.9020554514281
2024-09-25,SPY,189.0041709765853
2024-09-26,SPY,186.27123443709678
2024-09-27,SPY,188.4302323964263
2024-09-30,SPY,187.33561342846323
2024-10-01,SPY,187.72430713678676
2024-10-02,SPY,191.75136154916026
2024-10-03,SPY,191.3172896330933
2024-10-04,SPY,189.96619283099977
2024-10-07,SPY,191.33033738181888
2024-10-08,SPY,189.82783734622672
2024-10-09,SPY,193.05626173295545
2024-10-10,SPY,196.77230319248878
2024-10-11,SPY,195.76931547750155
2024-10-14,SPY,193.9557111149101
2024-10-15,SPY,188.81696094059353
2024-10-16,SPY,191.84693744551214
2024-10-17,SPY,189.16968433952894
2024-10-18,SPY,189.94737658826475
2024-10-21,SPY,190.39516560327266
2024-10-22,SPY,192.59212305754042
2024-10-23,SPY,190.63509585944274
2024-10-24,SPY,193.32212091105774
2024-10-25,SPY,191.4772197792757
2024-10-28,SPY,192.06264783240206
2024-10-29,SPY,187.89862997195542
2024-10-30,SPY,185.3333385827422
2024-10-31,SPY,186.6062947893806
2024-11-01,SPY,187.32363144172305
2024-11-04,SPY,188.4125788048786
2024-11-05,SPY,191.6237882685588
2024-11-06,SPY,190.68783651402234
2024-11-07,SPY,190.4692946578636
2024-11-08,SPY,190.74447370671993
2024-11-11,SPY,187.81572439639356
2024-11-12,SPY,189.2662522015575
2024-11-13,SPY,189.33422849043194
2024-11-14,SPY,191.48164362549082
2024-11-15,SPY,192.96055877523614
2024-11-18,SPY,196.12873756323353
2024-11-19,SPY,196.61563899473902
2024-11-20,SPY,197.72885304538144
2024-11-21,SPY,198.80501439514046
2024-11-22,SPY,199.19404714106543
2024-11-25,SPY,195.83420726637456
2024-11-26,SPY,198.07886140777958
2024-11-27,SPY,195.65533021340767
2024-11-28,SPY,194.08500508160873
2024-11-29,SPY,193.08025235734488
2024-12-02,SPY,194.95731583337096
2024-12-03,SPY,200.21875685005068
2024-12-04,SPY,200.26592558639385
2024-12-05,SPY,204.39420655930624
2024-12-06,SPY,204.34587265961736
2024-12-09,SPY,206.78987431678516
2024-12-10,SPY,204.89550352289828
2024-12-11,SPY,205.2287722191116
2024-12-12,SPY,203.64131410906157
2024-12-13,SPY,201.6454016914798
2024-12-16,SPY,198.48353472887138
2024-12-17,SPY,201.1282738454089
2024-12-18,SPY,202.8237790000215
2024-12-19,SPY,203.3142875496819
2024-12-20,SPY,202.59249269900067
2024-12-23,SPY,202.41257767663697
2024-12-24,SPY,202.8950988994985
2024-12-25,SPY,200.99026137836455
2024-12-26,SPY,200.8619894046547
2024-12-27,SPY,198.9066109127699
2024-12-30,SPY,200.77010677054466
2024-12-31,SPY,198.50776175262453
2025-01-01,SPY,199.72974938657393
2025-01-02,SPY,200.90661819801772
2025-01-03,SPY,199.81253813368454
2025-01-06,SPY,200.82944879406756
2025-01-07,SPY,202.69897334419923
2025-01-08,SPY,203.66790342834804
2025-01-09,SPY,203.7531717690173
2025-01-10,SPY,202.98873653222165
2025-01-13,SPY,204.24385477470724
2025-01-14,SPY,200.01432650526644
2025-01-15,SPY,201.55066898961365
2025-01-16,SPY,200.57128630316404
2025-01-17,SPY,200.2873891195202
2025-01-20,SPY,200.27937030394077
2025-01-21,SPY,197.73605092134656
2025-01-22,SPY,197.45668269966845
2025-01-23,SPY,195.0832118842272
2025-01-24,SPY,192.0848116829225
2025-01-27,SPY,190.73495644228245
2025-01-28,SPY,193.68747021343643
2025-01-29,SPY,199.89325205799992
2025-01-30,SPY,199.44698362895858
2025-01-31,SPY,200.70566006191183
2025-02-03,SPY,198.1906519167861
2025-02-04,SPY,195.99480009331052
2025-02-05,SPY,195.96555196999446
2025-02-06,SPY,198.59843402138594
2025-02-07,SPY,193.8997663729544
2025-02-10,SPY,191.5694942915855
2025-02-11,SPY,192.86995719047152
2025-02-12,SPY,191.77454455326466
2025-02-13,SPY,190.9984499430752
2025-02-14,SPY,190.25259366008748
2025-02-17,SPY,193.0641418982639
2025-02-18,SPY,193.74286070123864
2025-02-19,SPY,192.98167376920372
2025-02-20,SPY,196.25633247258742
2025-02-21,SPY,197.11824750231426
2025-02-24,SPY,199.5123959053413
2025-02-25,SPY,195.92973634360794
2025-02-26,SPY,192.8479135321205
2025-02-27,SPY,196.91721572898098
2025-02-28,SPY,196.38443234943895
2025-03-03,SPY,193.14991386400365
2025-03-04,SPY,193.3426998579399
2025-03-05,SPY,194.71964312363033
2025-03-06,SPY,196.30027814252537
2025-03-07,SPY,197.33800158353267
2025-03-10,SPY,197.18410429365434
2025-03-11,SPY,197.40500134629545
2025-03-12,SPY,194.61067327396316
2025-03-13,SPY,192.28399005137823
2025-03-14,SPY,192.41298311896756
2025-03-17,SPY,193.3230384905309
2025-03-18,SPY,195.95147460537004
2025-03-19,SPY,189.8628781864258
2025-03-20,SPY,185.13422515649825
2025-03-21,SPY,185.70785286713618
2025-03-24,SPY,186.62246970670694
2025-03-25,SPY,186.5808030039599
2025-03-26,SPY,187.3744195432821
2025-03-27,SPY,187.3515173726952
2025-03-28,SPY,188.39803850146274
2025-03-31,SPY,188.19635907988973
2025-04-01,SPY,187.92632026275484
2025-04-02,SPY,185.6557114022811
2025-04-03,SPY,185.438926021688
2025-04-04,SPY,187.34476706800285
2025-04-07,SPY,191.19047749519777
2025-04-08,SPY,190.90347286773297
2025-04-09,SPY,191.74764370595767
2025-04-10,SPY,192.2223049773001
2025-04-11,SPY,188.70471469170346
2025-04-14,SPY,188.33430265899307
2025-04-15,SPY,188.46137232399641
2025-04-16,SPY,197.24671133321397
2025-04-17,SPY,193.1567588355719
2025-04-18,SPY,191.41325209064377
2025-04-21,SPY,186.72837786698594
2025-04-22,SPY,185.9994823888277
2025-04-23,SPY,185.2960791228237
2025-04-24,SPY,185.39069796220718
2025-04-25,SPY,188.04055411401325
2025-04-28,SPY,187.4420438268309
2025-04-29,SPY,186.52293868113594
2025-04-30,SPY,183.06060279733524
2025-05-01,SPY,181.22037375488156
2025-05-02,SPY,181.08159530382503
2025-05-05,SPY,182.63173482870775
2025-05-06,SPY,179.9031058261585
2025-05-07,SPY,184.69737179314788
2025-05-08,SPY,185.84078163580685
2025-05-09,SPY,185.63701196105328
2025-05-12,SPY,185.42223800911512
2025-05-13,SPY,187.1186940505283
2025-05-14,SPY,186.4408840608817
2025-05-15,SPY,182.98666746966302
2025-05-16,SPY,180.99344674317027
2025-05-19,SPY,178.5796914336036
2025-05-20,SPY,179.14148775261057
2025-05-21,SPY,178.72532073212594
2025-05-22,SPY,179.77476463834063
2025-05-23,SPY,178.39377953857687
2025-05-26,SPY,180.6544773742491
2025-05-27,SPY,180.90092693717833
2025-05-28,SPY,179.9384386580131
2025-05-29,SPY,179.0434887257644
2025-05-30,SPY,177.3887875483321
2025-06-02,SPY,176.6942966385487
2025-06-03,SPY,177.33700339389023
2025-06-04,SPY,174.55150400904662
2025-06-05,SPY,173.92393889638643
2025-06-06,SPY,172.35862295758946
2025-06-09,SPY,170.90021119682208
2025-06-10,SPY,171.72830310119934
2025-06-11,SPY,172.1185240533572
2025-06-12,SPY,173.51713896881512
2025-06-13,SPY,174.00203013074855
2025-06-16,SPY,173.53366185664763
2025-06-17,SPY,173.0025459232568
2025-06-18,SPY,177.27682941519964
2025-06-19,SPY,177.34591333485884
2025-06-20,SPY,177.0097120347851
2025-06-23,SPY,176.890104864321
2025-06-24,SPY,176.48690152803124
2025-06-25,SPY,175.80206768314005
2025-06-26,SPY,183.16224502435642
2025-06-27,SPY,186.1917213298069
2025-06-30,SPY,188.62032432585974
2025-07-01,SPY,187.37026793719235
2025-07-02,SPY,186.60868992496222
2025-07-03,SPY,187.50980450583816
2025-07-04,SPY,189.1676889634079
2025-07-07,SPY,189.7064776503541
2025-07-08,SPY,187.2753947809168
2025-07-09,SPY,186.37693419124847
2025-07-10,SPY,187.36405064165154
2025-07-11,SPY,184.66525171359743
2025-07-14,SPY,189.73489491423544
2025-07-15,SPY,190.28552185182005
2025-07-16,SPY,190.6934631564254
2025-07-17,SPY,189.96730290314957
2025-07-18,SPY,191.94046255407676
2025-07-21,SPY,191.2061465586201
2025-07-22,SPY,189.88016371541792
2025-07-23,SPY,192.72628444973782
2025-07-24,SPY,193.477027342729
2025-07-25,SPY,193.7199950504268
2025-07-28,SPY,192.4681035164086
2025-07-29,SPY,194.31591687309634
2025-07-30,SPY,195.58716940838949
2025-07-31,SPY,197.7982189054152
2025-08-01,SPY,195.2273411317879
2025-08-04,SPY,196.5815797355369
2025-08-05,SPY,194.20631803266343
2025-08-06,SPY,196.76061451348198
2025-08-07,SPY,196.98829187589797
2025-08-08,SPY,196.19697121423812
2025-08-11,SPY,196.6649300954214
2025-08-12,SPY,193.34265669504282
2025-08-13,SPY,194.3276544216206
2025-08-14,SPY,196.5326264993671
2025-08-15,SPY,194.21248845653784
2025-08-18,SPY,193.81955798468564
2025-08-19,SPY,194.6771503770921
2025-08-20,SPY,196.36206155998087
2025-08-21,SPY,192.98912416822856
2025-08-22,SPY,190.63885718687945
2025-08-25,SPY,193.3746301261791
2025-08-26,SPY,190.8067722321622
2025-08-27,SPY,191.4523087701877
2025-08-28,SPY,188.05785264911302
2025-08-29,SPY,188.73093263027033
2025-09-01,SPY,186.30981351070045
2025-09-02,SPY,185.7708277824866
2025-09-03,SPY,188.34532576599534
2025-09-04,SPY,189.23068174432126
2025-09-05,SPY,191.6663484206274
2025-09-08,SPY,191.366563155499
2025-09-09,SPY,192.6132139226746
2025-09-10,SPY,190.44271640413467
2025-09-11,SPY,193.03214230822664
2025-09-12,SPY,193.87860178551935
2025-09-15,SPY,193.42916797563
2025-09-16,SPY,197.46339061861897
2025-09-17,SPY,196.49428733956128
2025-09-18,SPY,193.86775317065386
2025-09-19,SPY,193.78065327420217
2022-01-03,AGG,99.72538709735514
2022-01-04,AGG,99.82058154217312
2022-01-05,AGG,99.51102890894468
2022-01-06,AGG,99.89583603737641
2022-01-07,AGG,100.10063388297729
2022-01-10,AGG,100.33540474280352
2022-01-11,AGG,100.43412293280261
2022-01-12,AGG,100.8136818532239
2022-01-13,AGG,100.68145729039229
2022-01-14,AGG,100.58260434211515
2022-01-17,AGG,100.73782242750538
2022-01-18,AGG,100.55196773425324
2022-01-19,AGG,100.29460103112238
2022-01-20,AGG,100.18500418314493
2022-01-21,AGG,100.2233463539309
2022-01-24,AGG,99.84933939225262
2022-01-25,AGG,99.1404687716416
2022-01-26,AGG,99.23042557059742
2022-01-27,AGG,99.09645630286002
2022-01-28,AGG,99.19444973430646
2022-01-31,AGG,98.75750797423188
2022-02-01,AGG,99.2264070201635
2022-02-02,AGG,99.6168692931317
2022-02-03,AGG,99.53152436694631
2022-02-04,AGG,99.80019749539476
2022-02-07,AGG,100.50833362320326
2022-02-08,AGG,101.06624143899543
2022-02-09,AGG,101.27945565930186
2022-02-10,AGG,101.58636155510644
2022-02-11,AGG,101.3016734609036
2022-02-14,AGG,101.56738243849368
2022-02-15,AGG,101.79501098248551
2022-02-16,AGG,101.98314193099294
2022-02-17,AGG,101.6779945307637
2022-02-18,AGG,101.80681679344357
2022-02-21,AGG,101.39392413987585
2022-02-22,AGG,101.45320466840599
2022-02-23,AGG,101.79770873835949
2022-02-24,AGG,101.92434792026108
2022-02-25,AGG,102.23079660345779
2022-02-28,AGG,101.90281381495868
2022-03-01,AGG,101.4679617943452
2022-03-02,AGG,101.0734951135023
2022-03-03,AGG,101.60900022151564
2022-03-04,AGG,101.01751758385701
2022-03-07,AGG,101.07362742810946
2022-03-08,AGG,101.06982439810696
2022-03-09,AGG,101.29157714194994
2022-03-10,AGG,101.41621288370364
2022-03-11,AGG,101.36966231915171
2022-03-14,AGG,100.60499695223268
2022-03-15,AGG,100.10892673321506
2022-03-16,AGG,100.15358287581797
2022-03-17,AGG,100.30796316821208
2022-03-18,AGG,99.74836026328951
2022-03-21,AGG,99.9005823862434
2022-03-22,AGG,100.09568714411475
2022-03-23,AGG,99.7942306388989
2022-03-24,AGG,100.11405337983223
2022-03-25,AGG,100.35124869662697
2022-03-28,AGG,100.27275381005953
2022-03-29,AGG,100.12574626475302
2022-03-30,AGG,100.31083706126647
2022-03-31,AGG,100.72430130464222
2022-04-01,AGG,100.46640838981
2022-04-04,AGG,100.8923576945294
2022-04-05,AGG,100.94406718780175
2022-04-06,AGG,101.44652618513751
2022-04-07,AGG,101.0548677235488
2022-04-08,AGG,101.53596522159243
2022-04-11,AGG,101.80009674186152
2022-04-12,AGG,102.06710046407825
2022-04-13,AGG,102.50342630681185
2022-04-14,AGG,102.75718888281075
2022-04-15,AGG,102.34834427143036
2022-04-18,AGG,102.35463077014433
2022-04-19,AGG,102.30135332393053
2022-04-20,AGG,102.17113292785378
2022-04-21,AGG,102.37334600636075
2022-04-22,AGG,102.29623175329215
2022-04-25,AGG,102.02208534155868
2022-04-26,AGG,102.70791459577056
2022-04-27,AGG,102.29021444056494
2022-04-28,AGG,102.10699635056903
2022-04-29,AGG,102.07463985046554
2022-05-02,AGG,102.10377505506199
2022-05-03,AGG,101.74405226773422
2022-05-04,AGG,102.03906377508956
2022-05-05,AGG,102.00910294368913
2022-05-06,AGG,102.17593582594355
2022-05-09,AGG,102.23906112747241
2022-05-10,AGG,101.63153636572942
2022-05-11,AGG,101.7629199360638
2022-05-12,AGG,102.06505673945614
2022-05-13,AGG,101.90232550410914
2022-05-16,AGG,101.88372765905547
2022-05-17,AGG,101.9680795205353
2022-05-18,AGG,102.04287494089496
2022-05-19,AGG,101.74058524811389
2022-05-20,AGG,101.9027745965291
2022-05-23,AGG,101.98468375114788
2022-05-24,AGG,102.2242274485657
2022-05-25,AGG,102.09072135609722
2022-05-26,AGG,101.4653127654504
2022-05-27,AGG,101.70128684252526
2022-05-30,AGG,101.99150638844343
2022-05-31,AGG,101.52169765551788
2022-06-01,AGG,101.20295837861599
2022-06-02,AGG,101.79680930789941
2022-06-03,AGG,101.97194954416648
2022-06-06,AGG,101.90840059722233
2022-06-07,AGG,102.23678158466389
2022-06-08,AGG,102.38663218764519
2022-06-09,AGG,102.12275109680391
2022-06-10,AGG,102.24015004184379
2022-06-13,AGG,102.52228194847106
2022-06-14,AGG,102.88427330204809
2022-06-15,AGG,102.98732210452219
2022-06-16,AGG,103.42466076148531
2022-06-17,AGG,103.50525142520502
2022-06-20,AGG,103.21002668623873
2022-06-21,AGG,103.0782168072194
2022-06-22,AGG,103.257972241888
2022-06-23,AGG,103.80138375128092
2022-06-24,AGG,103.88938951846727
2022-06-27,AGG,103.60544896469767
2022-06-28,AGG,103.40948226396083
2022-06-29,AGG,103.56695577890818
2022-06-30,AGG,103.54462853155593
2022-07-01,AGG,103.82210138850465
2022-07-04,AGG,103.97417696509702
2022-07-05,AGG,104.21436436069482
2022-07-06,AGG,103.94225494468915
2022-07-07,AGG,103.40194659697313
2022-07-08,AGG,103.53794673143301
2022-07-11,AGG,103.73869067802445
2022-07-12,AGG,104.47715326944208
2022-07-13,AGG,104.6847121692962
2022-07-14,AGG,104.41580319821672
2022-07-15,AGG,103.61399268301375
2022-07-18,AGG,103.88485463119024
2022-07-19,AGG,103.3131344491713
2022-07-20,AGG,103.30172787892242
2022-07-21,AGG,103.3611557828644
2022-07-22,AGG,103.41149343461056
2022-07-25,AGG,103.42289240416862
2022-07-26,AGG,103.3210378634439
2022-07-27,AGG,103.21403301157642
2022-07-28,AGG,102.35787304969331
2022-07-29,AGG,102.4532667186674
2022-08-01,AGG,102.89941193996293
2022-08-02,AGG,102.7805755274701
2022-08-03,AGG,102.6234885874837
2022-08-04,AGG,103.02322773140264
2022-08-05,AGG,102.70054416607543
2022-08-08,AGG,103.13232244239934
2022-08-09,AGG,102.99388253133866
2022-08-10,AGG,102.81391999072274
2022-08-11,AGG,102.64639610083965
2022-08-12,AGG,102.73479658799394
2022-08-15,AGG,102.25805635414049
2022-08-16,AGG,102.25812715478459
2022-08-17,AGG,101.75317892498667
2022-08-18,AGG,101.30206595376599
2022-08-19,AGG,101.53223223584698
2022-08-22,AGG,101.40049018498725
2022-08-23,AGG,101.07083631730293
2022-08-24,AGG,100.89117779883978
2022-08-25,AGG,101.47470773793943
2022-08-26,AGG,101.57427274736787
2022-08-29,AGG,101.3124566362319
2022-08-30,AGG,101.1485896747318
2022-08-31,AGG,101.23474525779241
2022-09-01,AGG,100.75793430332797
2022-09-02,AGG,101.00932487511218
2022-09-05,AGG,100.90357177447888
2022-09-06,AGG,100.71667169172815
2022-09-07,AGG,101.12822779723132
2022-09-08,AGG,101.2261664630836
2022-09-09,AGG,101.77492600395495
2022-09-12,AGG,101.6732228013262
2022-09-13,AGG,101.65078998248576
2022-09-14,AGG,102.04248696669991
2022-09-15,AGG,101.89068522493369
2022-09-16,AGG,102.25125805273518
2022-09-19,AGG,102.11611551263051
2022-09-20,AGG,101.99442143305578
2022-09-21,AGG,101.54419069732215
2022-09-22,AGG,101.67321187222093
2022-09-23,AGG,101.53715103261875
2022-09-26,AGG,101.42326386696266
2022-09-27,AGG,101.59848503236208
2022-09-28,AGG,101.74587344076649
2022-09-29,AGG,101.51929510581176
2022-09-30,AGG,101.25753318691062
2022-10-03,AGG,101.36953808386721
2022-10-04,AGG,101.02197079513952
2022-10-05,AGG,101.08408296781299
2022-10-06,AGG,101.15737249669672
2022-10-07,AGG,101.1301980036222
2022-10-10,AGG,100.75176026010455
2022-10-11,AGG,100.94322152952431
2022-10-12,AGG,101.04652412211111
2022-10-13,AGG,101.20911655333032
2022-10-14,AGG,101.44025832394472
2022-10-17,AGG,101.54143779155662
2022-10-18,AGG,101.73619200552575
2022-10-19,AGG,101.2788477368994
2022-10-20,AGG,101.41504394460866
2022-10-21,AGG,101.17256560976027
2022-10-24,AGG,101.27636139446471
2022-10-25,AGG,101.18578241658147
2022-10-26,AGG,101.16560830097154
2022-10-27,AGG,101.01565013532097
2022-10-28,AGG,100.97820437651639
2022-10-31,AGG,101.21294557628285
2022-11-01,AGG,101.20689474247955
2022-11-02,AGG,100.83928971096503
2022-11-03,AGG,100.45449839010271
2022-11-04,AGG,100.2280002209381
2022-11-07,AGG,100.00782173799006
2022-11-08,AGG,100.10298480371151
2022-11-09,AGG,99.67100951973121
2022-11-10,AGG,99.31710207827467
2022-11-11,AGG,99.15050848095687
2022-11-14,AGG,99.12392343639421
2022-11-15,AGG,99.82564055402138
2022-11-16,AGG,99.94135668936795
2022-11-17,AGG,99.82623389478464
2022-11-18,AGG,100.19769075797227
2022-11-21,AGG,100.22876096106981
2022-11-22,AGG,100.02991433965205
2022-11-23,AGG,99.96208235856365
2022-11-24,AGG,99.88105409075779
2022-11-25,AGG,99.75179494145547
2022-11-28,AGG,99.34580683159218
2022-11-29,AGG,98.82701305521758
2022-11-30,AGG,98.87261735749026
2022-12-01,AGG,98.78424582530079
2022-12-02,AGG,98.96027527512
2022-12-05,AGG,99.35249202359657
2022-12-06,AGG,99.55978652301273
2022-12-07,AGG,99.85784837700888
2022-12-08,AGG,99.4604992328779
2022-12-09,AGG,99.45912191906652
2022-12-12,AGG,99.25614614203556
2022-12-13,AGG,99.60964247232604
2022-12-14,AGG,99.21276523225562
2022-12-15,AGG,98.4038615420144
2022-12-16,AGG,98.33107637403712
2022-12-19,AGG,98.4012018778967
2022-12-20,AGG,97.99484231650017
2022-12-21,AGG,98.08954168453911
2022-12-22,AGG,98.02384521367952
2022-12-23,AGG,97.730220191765
2022-12-26,AGG,97.90864793602199
2022-12-27,AGG,97.83985286646198
2022-12-28,AGG,97.58809282904409
2022-12-29,AGG,97.96259808000927
2022-12-30,AGG,98.09326803906532
2023-01-02,AGG,97.76737142429084
2023-01-03,AGG,97.47517537073055
2023-01-04,AGG,97.53726789665495
2023-01-05,AGG,97.5003508459501
2023-01-06,AGG,97.62137011576847
2023-01-09,AGG,97.57316513550313
2023-01-10,AGG,97.0922770947347
2023-01-11,AGG,96.29019846016497
2023-01-12,AGG,95.99364702062525
2023-01-13,AGG,95.57615953886341
2023-01-16,AGG,95.8388233618999
2023-01-17,AGG,95.75265135118859
2023-01-18,AGG,95.28161336653861
2023-01-19,AGG,95.247196131154
2023-01-20,AGG,95.56689301248824
2023-01-23,AGG,95.46089561107858
2023-01-24,AGG,95.9393196197852
2023-01-25,AGG,96.0633453342451
2023-01-26,AGG,96.28914058959394
2023-01-27,AGG,96.43449251359726
2023-01-30,AGG,96.06699961661158
2023-01-31,AGG,95.88405856879626
2023-02-01,AGG,95.38274774212795
2023-02-02,AGG,95.10517802352399
2023-02-03,AGG,95.16687592659422
2023-02-06,AGG,95.44175289429535
2023-02-07,AGG,95.5375074087103
2023-02-08,AGG,95.26877430179597
2023-02-09,AGG,95.56504020455823
2023-02-10,AGG,95.87077172832893
2023-02-13,AGG,96.05370455856738
2023-02-14,AGG,95.79701764538015
2023-02-15,AGG,96.24379846312536
2023-02-16,AGG,96.74045278227801
2023-02-17,AGG,96.76784439925981
2023-02-20,AGG,97.52344328827476
2023-02-21,AGG,97.38629035100912
2023-02-22,AGG,96.9028900785706
2023-02-23,AGG,96.73604951538309
2023-02-24,AGG,96.55765336533109
2023-02-27,AGG,96.52279186510425
2023-02-28,AGG,96.35602775195133
2023-03-01,AGG,96.8374073392115
2023-03-02,AGG,96.81201926032232
2023-03-03,AGG,96.58552415136937
2023-03-06,AGG,96.67642631564777
2023-03-07,AGG,96.43898606706904
2023-03-08,AGG,96.6274455363578
2023-03-09,AGG,96.55573054126438
2023-03-10,AGG,96.91587090100832
2023-03-13,AGG,96.57763064429861
2023-03-14,AGG,96.63886296307606
2023-03-15,AGG,96.72418632318653
2023-03-16,AGG,96.9316795043519
2023-03-17,AGG,96.71101025948613
2023-03-20,AGG,96.45774469173858
2023-03-21,AGG,96.50445287868534
2023-03-22,AGG,96.85721609412997
2023-03-23,AGG,97.25551787554208
2023-03-24,AGG,97.24918874261684
2023-03-27,AGG,97.58681355575764
2023-03-28,AGG,97.92972117995473
2023-03-29,AGG,97.96179343196071
2023-03-30,AGG,98.07385362095228
2023-03-31,AGG,97.91152241099095
2023-04-03,AGG,97.77911731561203
2023-04-04,AGG,97.81867885662948
2023-04-05,AGG,97.81865103372346
2023-04-06,AGG,97.3509954121837
2023-04-07,AGG,97.62388114736679
2023-04-10,AGG,97.69665323307692
2023-04-11,AGG,97.9259866858974
2023-04-12,AGG,97.84548249985914
2023-04-13,AGG,97.34594930585342
2023-04-14,AGG,97.95747091522229
2023-04-17,AGG,97.63229693400488
2023-04-18,AGG,97.80756358748229
2023-04-19,AGG,97.66346135891739
2023-04-20,AGG,97.69693645392108
2023-04-21,AGG,97.81569431924757
2023-04-24,AGG,97.71525908170963
2023-04-25,AGG,98.02034261859133
2023-04-26,AGG,98.15042910031373
2023-04-27,AGG,98.09737142741128
2023-04-28,AGG,97.98559445140857
2023-05-01,AGG,97.78430583874503
2023-05-02,AGG,98.0012954192459
2023-05-03,AGG,97.75466922693708
2023-05-04,AGG,97.9605865036751
2023-05-05,AGG,97.70550196113757
2023-05-08,AGG,97.67978121348263
2023-05-09,AGG,97.58851616406866
2023-05-10,AGG,97.67171999221289
2023-05-11,AGG,97.76378177612199
2023-05-12,AGG,97.33880703770562
2023-05-15,AGG,97.27760189632673
2023-05-16,AGG,97.49405044211873
2023-05-17,AGG,97.69076020959187
2023-05-18,AGG,97.74096922335251
2023-05-19,AGG,97.61860330351031
2023-05-22,AGG,97.4252459176867
2023-05-23,AGG,97.01660282280628
2023-05-24,AGG,96.67678993490841
2023-05-25,AGG,96.84876045574879
2023-05-26,AGG,96.63736043224395
2023-05-29,AGG,96.56461556169118
2023-05-30,AGG,96.83144856349955
2023-05-31,AGG,96.78343719713543
2023-06-01,AGG,96.65982584375438
2023-06-02,AGG,97.00207245635603
2023-06-05,AGG,96.99409051673939
2023-06-06,AGG,97.03665394111363
2023-06-07,AGG,96.90445160122138
2023-06-08,AGG,96.69658524119633
2023-06-09,AGG,96.57638781060308
2023-06-12,AGG,96.53362545145548
2023-06-13,AGG,96.67062952649496
2023-06-14,AGG,96.73395461619614
2023-06-15,AGG,96.98099118808271
2023-06-16,AGG,97.27368516605864
2023-06-19,AGG,97.50268568709645
2023-06-20,AGG,97.51121027161001
2023-06-21,AGG,97.47568915250173
2023-06-22,AGG,97.56552659496464
2023-06-23,AGG,97.40461691064728
2023-06-26,AGG,97.53965436903006
2023-06-27,AGG,97.1539174045999
2023-06-28,AGG,97.05761981366474
2023-06-29,AGG,96.71494727604752
2023-06-30,AGG,96.45373751267454
2023-07-03,AGG,96.624049547788
2023-07-04,AGG,97.00673048636816
2023-07-05,AGG,96.53961386492178
2023-07-06,AGG,96.43142019611808
2023-07-07,AGG,96.49903768345904
2023-07-10,AGG,96.00128072819565
2023-07-11,AGG,95.7786942369804
2023-07-12,AGG,95.42628119326028
2023-07-13,AGG,96.24892547275681
2023-07-14,AGG,96.35363876734053
2023-07-17,AGG,95.85548131198593
2023-07-18,AGG,95.7106024107278
2023-07-19,AGG,96.28687584504738
2023-07-20,AGG,96.64733598901316
2023-07-21,AGG,97.12207516197155
2023-07-24,AGG,97.40938331833327
2023-07-25,AGG,97.66117129297847
2023-07-26,AGG,98.27778250420232
2023-07-27,AGG,97.84901428933667
2023-07-28,AGG,98.10773842462001
2023-07-31,AGG,98.11117448798512
2023-08-01,AGG,98.57500171205163
2023-08-02,AGG,98.7670659877338
2023-08-03,AGG,99.0479329826143
2023-08-04,AGG,99.06744593299113
2023-08-07,AGG,98.90035271995129
2023-08-08,AGG,99.27234131811674
2023-08-09,AGG,99.2394866369129
2023-08-10,AGG,99.03958207816575
2023-08-11,AGG,99.18052473541702
2023-08-14,AGG,99.1091235115713
2023-08-15,AGG,99.1682304607699
2023-08-16,AGG,99.5780005761982
2023-08-17,AGG,99.8743084492267
2023-08-18,AGG,100.36227003112283
2023-08-21,AGG,100.16296864724484
2023-08-22,AGG,100.12734876116018
2023-08-23,AGG,99.79480776808994
2023-08-24,AGG,99.59901246677828
2023-08-25,AGG,99.56692676532884
2023-08-28,AGG,99.46727959436444
2023-08-29,AGG,99.56706231377044
2023-08-30,AGG,99.45084620466803
2023-08-31,AGG,99.31273470043497
2023-09-01,AGG,98.50473800589899
2023-09-04,AGG,98.50882434834682
2023-09-05,AGG,99.04220681178865
2023-09-06,AGG,98.89895949987307
2023-09-07,AGG,98.71991689429002
2023-09-08,AGG,98.5056575016181
2023-09-11,AGG,97.78090973543866
2023-09-12,AGG,97.50692938781633
2023-09-13,AGG,97.45672997502946
2023-09-14,AGG,96.95702224163632
2023-09-15,AGG,97.03324592521982
2023-09-18,AGG,97.17964947181194
2023-09-19,AGG,96.90473901200485
2023-09-20,AGG,96.5964923176168
2023-09-21,AGG,97.06322923779518
2023-09-22,AGG,96.94679923555186
2023-09-25,AGG,97.26256116781579
2023-09-26,AGG,97.37388916302677
2023-09-27,AGG,97.34288586999809
2023-09-28,AGG,97.43419877471612
2023-09-29,AGG,97.5695836934849
2023-10-02,AGG,97.72449970214197
2023-10-03,AGG,97.78420735690723
2023-10-04,AGG,97.8676916617859
2023-10-05,AGG,97.61531182098344
2023-10-06,AGG,97.42059146541264
2023-10-09,AGG,97.06530246944658
2023-10-10,AGG,97.22100068851618
2023-10-11,AGG,97.03727697912417
2023-10-12,AGG,97.0363937302937
2023-10-13,AGG,97.08700622745063
2023-10-16,AGG,97.0350367867745
2023-10-17,AGG,97.27108845302116
2023-10-18,AGG,96.52659300297887
2023-10-19,AGG,96.8754636430327
2023-10-20,AGG,96.74799381170779
2023-10-23,AGG,96.39357686860414
2023-10-24,AGG,96.68248399688719
2023-10-25,AGG,96.27595904162243
2023-10-26,AGG,95.96646906940514
2023-10-27,AGG,95.58248517513478
2023-10-30,AGG,95.70437785951005
2023-10-31,AGG,95.7881820262562
2023-11-01,AGG,95.59223331555829
2023-11-02,AGG,95.9326060265005
2023-11-03,AGG,95.48815516574898
2023-11-06,AGG,95.42480793384338
2023-11-07,AGG,95.16039931929303
2023-11-08,AGG,94.84417660672595
2023-11-09,AGG,94.49626723459666
2023-11-10,AGG,94.67380787485791
2023-11-13,AGG,94.7797540449598
2023-11-14,AGG,94.93766600734583
2023-11-15,AGG,94.93463250410392
2023-11-16,AGG,95.21392849298714
2023-11-17,AGG,95.63440542474376
2023-11-20,AGG,94.8699573890642
2023-11-21,AGG,94.58840708310436
2023-11-22,AGG,94.1178045144123
2023-11-23,AGG,94.05943916916868
2023-11-24,AGG,94.37536531742374
2023-11-27,AGG,94.32595517082382
2023-11-28,AGG,94.26358825961482
2023-11-29,AGG,94.35870391617576
2023-11-30,AGG,94.50584829416955
2023-12-01,AGG,93.65839576979491
2023-12-04,AGG,93.96843400573692
2023-12-05,AGG,93.84745090159792
2023-12-06,AGG,94.20399890227384
2023-12-07,AGG,94.14820040298441
2023-12-08,AGG,94.2188981665454
2023-12-11,AGG,93.97852126383728
2023-12-12,AGG,94.45731967420487
2023-12-13,AGG,94.88833815886203
2023-12-14,AGG,95.01053569898735
2023-12-15,AGG,95.009852881519
2023-12-18,AGG,94.81253090274447
2023-12-19,AGG,94.77862672513098
2023-12-20,AGG,94.46890835057646
2023-12-21,AGG,94.72961691463969
2023-12-22,AGG,94.83737086709043
2023-12-25,AGG,94.9183348317141
2023-12-26,AGG,94.65429730937373
2023-12-27,AGG,94.89135051280721
2023-12-28,AGG,94.27211003573427
2023-12-29,AGG,94.52997955931711
2024-01-01,AGG,94.28698141046738
2024-01-02,AGG,94.67786566461336
2024-01-03,AGG,94.20440862203303
2024-01-04,AGG,94.43241957016669
2024-01-05,AGG,94.68351815194552
2024-01-08,AGG,94.75501812654907
2024-01-09,AGG,94.66372742722471
2024-01-10,AGG,94.35111332633284
2024-01-11,AGG,93.96899951271946
2024-01-12,AGG,94.05035232842013
2024-01-15,AGG,94.06725758185308
2024-01-16,AGG,94.00861312764228
2024-01-17,AGG,93.48858352454162
2024-01-18,AGG,93.69695634710604
2024-01-19,AGG,93.85633482817508
2024-01-22,AGG,93.5560493608421
2024-01-23,AGG,93.46587440479777
2024-01-24,AGG,93.32306144963786
2024-01-25,AGG,93.14051800434898
2024-01-26,AGG,93.11802077672824
2024-01-29,AGG,93.06974603480111
2024-01-30,AGG,92.8444241495064
2024-01-31,AGG,93.05163145505713
2024-02-01,AGG,92.77455253428477
2024-02-02,AGG,92.82600307331148
2024-02-05,AGG,93.18677641037488
2024-02-06,AGG,93.30170734651763
2024-02-07,AGG,93.26115616515587
2024-02-08,AGG,93.66660028957378
2024-02-09,AGG,94.07609479161962
2024-02-12,AGG,94.49572266845885
2024-02-13,AGG,94.69748599622322
2024-02-14,AGG,94.69896881953866
2024-02-15,AGG,94.67341296056858
2024-02-16,AGG,94.46153714158818
2024-02-19,AGG,93.79659806971145
2024-02-20,AGG,94.29280736424278
2024-02-21,AGG,94.5130275191616
2024-02-22,AGG,94.64864094270557
2024-02-23,AGG,94.46355433162121
2024-02-26,AGG,94.72741545868335
2024-02-27,AGG,94.47084942194654
2024-02-28,AGG,94.19266950509252
2024-02-29,AGG,94.31385313148854
2024-03-01,AGG,94.42061499687148
2024-03-04,AGG,93.52625575279724
2024-03-05,AGG,93.3480585354755
2024-03-06,AGG,94.01832896344001
2024-03-07,AGG,94.08249610672127
2024-03-08,AGG,93.79302960349042
2024-03-11,AGG,93.96739364761345
2024-03-12,AGG,93.75721295913468
2024-03-13,AGG,94.14049544686465
2024-03-14,AGG,94.04038102344103
2024-03-15,AGG,94.29473430409372
2024-03-18,AGG,94.19240463864479
2024-03-19,AGG,94.55780961452788
2024-03-20,AGG,94.4843229269965
2024-03-21,AGG,94.42107018389555
2024-03-22,AGG,94.94497406231808
2024-03-25,AGG,94.53594178154458
2024-03-26,AGG,94.53938999490558
2024-03-27,AGG,94.38041898529977
2024-03-28,AGG,94.10032250239736
2024-03-29,AGG,94.08630024718806
2024-04-01,AGG,94.12443898783611
2024-04-02,AGG,94.17973057387707
2024-04-03,AGG,94.03750285209831
2024-04-04,AGG,94.01284131609292
2024-04-05,AGG,94.06391593161165
2024-04-08,AGG,93.64393346440741
2024-04-09,AGG,93.74434060346853
2024-04-10,AGG,93.52771003908342
2024-04-11,AGG,94.02613034070959
2024-04-12,AGG,94.14727355732848
2024-04-15,AGG,94.71396267307419
2024-04-16,AGG,94.58867991735993
2024-04-17,AGG,94.63263154273245
2024-04-18,AGG,95.03353972767708
2024-04-19,AGG,94.70085723377136
2024-04-22,AGG,94.69500411342618
2024-04-23,AGG,94.26480697686402
2024-04-24,AGG,93.98779019107518
2024-04-25,AGG,93.97275939244749
2024-04-26,AGG,94.2024404245554
2024-04-29,AGG,94.45277777707398
2024-04-30,AGG,94.34378516165441
2024-05-01,AGG,94.49356776766687
2024-05-02,AGG,94.17631659304074
2024-05-03,AGG,94.6598778042248
2024-05-06,AGG,95.37010676532985
2024-05-07,AGG,95.17413848320597
2024-05-08,AGG,94.81027560742781
2024-05-09,AGG,95.05853993143674
2024-05-10,AGG,95.554715249829
2024-05-13,AGG,95.71639940841327
2024-05-14,AGG,95.50780870232282
2024-05-15,AGG,95.63155230438275
2024-05-16,AGG,95.75551961279555
2024-05-17,AGG,95.55967846059961
2024-05-20,AGG,95.6874059063705
2024-05-21,AGG,95.83307278839712
2024-05-22,AGG,96.04317720192377
2024-05-23,AGG,95.80292224223467
2024-05-24,AGG,96.38128629577751
2024-05-27,AGG,96.21083014257586
2024-05-28,AGG,96.49552903881684
2024-05-29,AGG,96.64073864869914
2024-05-30,AGG,97.31743106244102
2024-05-31,AGG,97.60425868588739
2024-06-03,AGG,97.71953052862646
2024-06-04,AGG,97.54061898191559
2024-06-05,AGG,97.65631571985061
2024-06-06,AGG,97.0997158580613
2024-06-07,AGG,97.46612198194948
2024-06-10,AGG,97.31214568321765
2024-06-11,AGG,97.59064679165189
2024-06-12,AGG,97.68825257651675
2024-06-13,AGG,97.48029813654834
2024-06-14,AGG,97.3241807473879
2024-06-17,AGG,97.66827624458213
2024-06-18,AGG,97.55575686850725
2024-06-19,AGG,97.73394438711722
2024-06-20,AGG,97.97765730626851
2024-06-21,AGG,98.40332309166948
2024-06-24,AGG,98.30949488911693
2024-06-25,AGG,98.37087070469816
2024-06-26,AGG,98.34013474640545
2024-06-27,AGG,98.34349608931042
2024-06-28,AGG,98.79815654571814
2024-07-01,AGG,99.01447870467169
2024-07-02,AGG,99.13881924086854
2024-07-03,AGG,98.96237191951134
2024-07-04,AGG,98.8511364101802
2024-07-05,AGG,98.50457922964908
2024-07-08,AGG,98.86346218553534
2024-07-09,AGG,99.01906932067467
2024-07-10,AGG,99.07311610633923
2024-07-11,AGG,99.14954986750215
2024-07-12,AGG,99.04795252863738
2024-07-15,AGG,99.19966791142
2024-07-16,AGG,99.2996288912147
2024-07-17,AGG,99.23966524860242
2024-07-18,AGG,99.45969982906334
2024-07-19,AGG,99.87055655420778
2024-07-22,AGG,99.27957234815055
2024-07-23,AGG,99.06219845274737
2024-07-24,AGG,99.36900013604988
2024-07-25,AGG,99.77490253521307
2024-07-26,AGG,99.88343805303214
2024-07-29,AGG,100.00724663703818
2024-07-30,AGG,99.79582157566173
2024-07-31,AGG,100.1437499970931
2024-08-01,AGG,100.53089608560146
2024-08-02,AGG,100.83877658962822
2024-08-05,AGG,100.56546480059029
2024-08-06,AGG,100.92947634561997
2024-08-07,AGG,101.19343508836936
2024-08-08,AGG,100.95662654408511
2024-08-09,AGG,100.60242041974614
2024-08-12,AGG,101.15057368732833
2024-08-13,AGG,101.62827373307368
2024-08-14,AGG,101.2678505701262
2024-08-15,AGG,101.03817093772471
2024-08-16,AGG,100.89510406388018
2024-08-19,AGG,101.10891106130362
2024-08-20,AGG,101.11139202273394
2024-08-21,AGG,100.59102149570154
2024-08-22,AGG,100.50951128148344
2024-08-23,AGG,100.24000008659286
2024-08-26,AGG,100.12548179968415
2024-08-27,AGG,100.43230149612997
2024-08-28,AGG,100.41823651071186
2024-08-29,AGG,100.15817582041917
2024-08-30,AGG,100.11107528479432
2024-09-02,AGG,100.36445358202954
2024-09-03,AGG,100.07101079329968
2024-09-04,AGG,100.45170442876301
2024-09-05,AGG,100.29885542893062
2024-09-06,AGG,100.31339258144747
2024-09-09,AGG,100.10095310456275
2024-09-10,AGG,99.32989036670676
2024-09-11,AGG,99.27055992972446
2024-09-12,AGG,99.28839658496177
2024-09-13,AGG,98.74340115970219
2024-09-16,AGG,98.89389791881008
2024-09-17,AGG,98.93448330843918
2024-09-18,AGG,98.94668173837599
2024-09-19,AGG,98.8345220243249
2024-09-20,AGG,98.84835589691029
2024-09-23,AGG,99.20636262880124
2024-09-24,AGG,99.3243483722184
2024-09-25,AGG,99.11385482161371
2024-09-26,AGG,98.6593713311041
2024-09-27,AGG,98.04068853793343
2024-09-30,AGG,98.5399237801341
2024-10-01,AGG,98.63839105236003
2024-10-02,AGG,99.03054945412502
2024-10-03,AGG,99.28507688776588
2024-10-04,AGG,99.59735271698331
2024-10-07,AGG,99.63372608416469
2024-10-08,AGG,99.51040041982384
2024-10-09,AGG,98.80117108742596
2024-10-10,AGG,98.6415122117625
2024-10-11,AGG,98.3310683263259
2024-10-14,AGG,98.16610246999997
2024-10-15,AGG,98.73386645082552
2024-10-16,AGG,98.51153131258069
2024-10-17,AGG,99.02716637888646
2024-10-18,AGG,99.13083979972605
2024-10-21,AGG,98.99542919950686
2024-10-22,AGG,98.37696776661896
2024-10-23,AGG,98.17271262781085
2024-10-24,AGG,97.72995121475255
2024-10-25,AGG,97.30693881643955
2024-10-28,AGG,97.21271125702842
2024-10-29,AGG,97.02541618666508
2024-10-30,AGG,96.74558794911002
2024-10-31,AGG,96.56234326183817
2024-11-01,AGG,96.22060458580908
2024-11-04,AGG,95.72320055111518
2024-11-05,AGG,95.08027000133143
2024-11-06,AGG,94.70775122757902
2024-11-07,AGG,95.00624288342262
2024-11-08,AGG,94.84367325526767
2024-11-11,AGG,94.82669658140021
2024-11-12,AGG,94.81927325245218
2024-11-13,AGG,94.95818298608874
2024-11-14,AGG,94.67718412768834
2024-11-15,AGG,94.59611827016721
2024-11-18,AGG,94.4929499044165
2024-11-19,AGG,94.49553675982816
2024-11-20,AGG,94.52026124896086
2024-11-21,AGG,94.5602863972781
2024-11-22,AGG,94.95061374600532
2024-11-25,AGG,94.59798869010882
2024-11-26,AGG,94.54840535865637
2024-11-27,AGG,94.70752179929757
2024-11-28,AGG,94.99438392460185
2024-11-29,AGG,94.92595360794166
2024-12-02,AGG,94.47201236524714
2024-12-03,AGG,95.05403549631328
2024-12-04,AGG,95.19513596479673
2024-12-05,AGG,95.48485130967683
2024-12-06,AGG,95.64781912170582
2024-12-09,AGG,95.8408562005811
2024-12-10,AGG,96.00083272222034
2024-12-11,AGG,96.11902700339408
2024-12-12,AGG,96.52154599216621
2024-12-13,AGG,96.50829337188877
2024-12-16,AGG,96.31139135871507
2024-12-17,AGG,96.34876385217999
2024-12-18,AGG,96.44057105108467
2024-12-19,AGG,96.78619440437146
2024-12-20,AGG,96.98318434459993
2024-12-23,AGG,96.84506456510881
2024-12-24,AGG,96.99839145318894
2024-12-25,AGG,97.23932085111983
2024-12-26,AGG,97.01278492133643
2024-12-27,AGG,96.47633572417303
2024-12-30,AGG,96.37414695225772
2024-12-31,AGG,96.47443279383945
2025-01-01,AGG,96.3549319720085
2025-01-02,AGG,95.95524233604077
2025-01-03,AGG,95.85332118401445
2025-01-06,AGG,96.5482908416029
2025-01-07,AGG,96.60593941371133
2025-01-08,AGG,96.77244735731841
2025-01-09,AGG,96.77411095209337
2025-01-10,AGG,97.31991431837926
2025-01-13,AGG,97.25871018092461
2025-01-14,AGG,97.01959587033235
2025-01-15,AGG,97.20281136664698
2025-01-16,AGG,97.33252781446012
2025-01-17,AGG,97.06508440532878
2025-01-20,AGG,97.72205179247437
2025-01-21,AGG,97.42008399536329
2025-01-22,AGG,97.63841145878565
2025-01-23,AGG,97.52649103898091
2025-01-24,AGG,97.68899527737922
2025-01-27,AGG,97.65779131689509
2025-01-28,AGG,97.3987832285562
2025-01-29,AGG,97.25745215771944
2025-01-30,AGG,97.7534382763936
2025-01-31,AGG,98.00556883219642
2025-02-03,AGG,98.13185994972606
2025-02-04,AGG,98.3092834835524
2025-02-05,AGG,98.7317313641591
2025-02-06,AGG,99.09235317629323
2025-02-07,AGG,98.79339799276894
2025-02-10,AGG,98.83233681720127
2025-02-11,AGG,99.20754249006876
2025-02-12,AGG,99.25705580885248
2025-02-13,AGG,98.90351524356173
2025-02-14,AGG,98.50203474281243
2025-02-17,AGG,98.60677519287331
2025-02-18,AGG,98.89613244423224
2025-02-19,AGG,98.47374461638829
2025-02-20,AGG,98.82831706853422
2025-02-21,AGG,99.2377148649906
2025-02-24,AGG,99.04682815831877
2025-02-25,AGG,98.75669651297252
2025-02-26,AGG,98.81803506466514
2025-02-27,AGG,99.62484057114786
2025-02-28,AGG,99.24540696280822
2025-03-03,AGG,99.1320553262606
2025-03-04,AGG,99.77057406580117
2025-03-05,AGG,99.93426077888688
2025-03-06,AGG,99.90980891980925
2025-03-07,AGG,100.37594488009263
2025-03-10,AGG,100.20938546746925
2025-03-11,AGG,99.65834734702963
2025-03-12,AGG,99.58042358544674
2025-03-13,AGG,99.42056604881431
2025-03-14,AGG,99.64349066781577
2025-03-17,AGG,100.15047713406805
2025-03-18,AGG,100.12465860996824
2025-03-19,AGG,99.95855647354682
2025-03-20,AGG,99.94920790631863
2025-03-21,AGG,99.77541868073429
2025-03-24,AGG,100.11439332394514
2025-03-25,AGG,100.38151506502166
2025-03-26,AGG,100.98661562866955
2025-03-27,AGG,101.25123337504924
2025-03-28,AGG,101.57724282039796
2025-03-31,AGG,101.3604548490764
2025-04-01,AGG,101.03091843280573
2025-04-02,AGG,100.78567284961326
2025-04-03,AGG,100.7519083733915
2025-04-04,AGG,101.09027553742567
2025-04-07,AGG,101.22034959158744
2025-04-08,AGG,101.01250367797104
2025-04-09,AGG,100.8925881986752
2025-04-10,AGG,101.00187408962466
2025-04-11,AGG,101.07748120114258
2025-04-14,AGG,101.08935905680516
2025-04-15,AGG,101.01627055065651
2025-04-16,AGG,100.60717647112514
2025-04-17,AGG,101.09166349387297
2025-04-18,AGG,101.26260070863383
2025-04-21,AGG,101.4222203343697
2025-04-22,AGG,101.88588078258685
2025-04-23,AGG,101.49659545291621
2025-04-24,AGG,100.96371688635406
2025-04-25,AGG,101.17769795486136
2025-04-28,AGG,100.93005957692344
2025-04-29,AGG,100.91308913667409
2025-04-30,AGG,100.892450899013
2025-05-01,AGG,100.706190614453
2025-05-02,AGG,101.19751765473653
2025-05-05,AGG,100.97166694256703
2025-05-06,AGG,101.02293205961328
2025-05-07,AGG,100.86472358107899
2025-05-08,AGG,100.84787248153792
2025-05-09,AGG,100.51852068069289
2025-05-12,AGG,100.2542481391624
2025-05-13,AGG,100.54709228523355
2025-05-14,AGG,101.05746477010193
2025-05-15,AGG,101.27619334927915
2025-05-16,AGG,101.5121850892959
2025-05-19,AGG,101.69328683231458
2025-05-20,AGG,101.71187604273233
2025-05-21,AGG,102.13759366824848
2025-05-22,AGG,102.27073093147582
2025-05-23,AGG,101.99580319486559
2025-05-26,AGG,101.896585272806
2025-05-27,AGG,101.77054398649798
2025-05-28,AGG,102.70498643539231
2025-05-29,AGG,102.51111342928694
2025-05-30,AGG,102.85932705354253
2025-06-02,AGG,103.11154416301251
2025-06-03,AGG,103.07731365947419
2025-06-04,AGG,102.60270579410764
2025-06-05,AGG,102.2521689107028
2025-06-06,AGG,102.10521308139808
2025-06-09,AGG,101.89109185587274
2025-06-10,AGG,101.82182210897639
2025-06-11,AGG,101.86206764026421
2025-06-12,AGG,101.56599101453834
2025-06-13,AGG,101.55099939790342
2025-06-16,AGG,101.45874038715137
2025-06-17,AGG,101.64319836851705
2025-06-18,AGG,101.4628855383498
2025-06-19,AGG,101.58849998218304
2025-06-20,AGG,101.84986607539204
2025-06-23,AGG,101.45567120078991
2025-06-24,AGG,101.12010746348838
2025-06-25,AGG,101.37649123215897
2025-06-26,AGG,102.11317901396288
2025-06-27,AGG,101.42817589855414
2025-06-30,AGG,101.77661780276257
2025-07-01,AGG,101.15330285033097
2025-07-02,AGG,101.15341398106423
2025-07-03,AGG,101.07857960208382
2025-07-04,AGG,101.20427856259818
2025-07-07,AGG,101.67126028491724
2025-07-08,AGG,100.80758876599903
2025-07-09,AGG,100.45868809922595
2025-07-10,AGG,100.44363404809596
2025-07-11,AGG,100.66456755931029
2025-07-14,AGG,100.54379257402192
2025-07-15,AGG,100.68123011352483
2025-07-16,AGG,100.7034370307575
2025-07-17,AGG,100.81230496606928
2025-07-18,AGG,100.80068630898826
2025-07-21,AGG,100.81838351186838
2025-07-22,AGG,100.59924886558629
2025-07-23,AGG,101.10552709529561
2025-07-24,AGG,100.82702930736762
2025-07-25,AGG,101.11728038399895
2025-07-28,AGG,101.46335544527203
2025-07-29,AGG,101.82658986291018
2025-07-30,AGG,101.38341962026658
2025-07-31,AGG,101.14503056362143
2025-08-01,AGG,100.80703981624252
2025-08-04,AGG,101.0954315128733
2025-08-05,AGG,100.37649241858053
2025-08-06,AGG,99.8020769941995
2025-08-07,AGG,100.40063678451716
2025-08-08,AGG,100.31415622909164
2025-08-11,AGG,100.10225385467069
2025-08-12,AGG,99.90144930445452
2025-08-13,AGG,99.99730557326829
2025-08-14,AGG,100.19316031407546
2025-08-15,AGG,100.58904553222077
2025-08-18,AGG,100.32345903955888
2025-08-19,AGG,100.22412747361493
2025-08-20,AGG,100.15051423620042
2025-08-21,AGG,100.26521371139418
2025-08-22,AGG,100.46267601505534
2025-08-25,AGG,100.57063447412418
2025-08-26,AGG,100.48966946948232
2025-08-27,AGG,100.78367937278743
2025-08-28,AGG,100.93808829751279
2025-08-29,AGG,101.09276693809703
2025-09-01,AGG,101.4132795981507
2025-09-02,AGG,101.54881231320935
2025-09-03,AGG,101.54278625438593
2025-09-04,AGG,101.44743493548776
2025-09-05,AGG,101.88445740692329
2025-09-08,AGG,102.01102409456051
2025-09-09,AGG,102.53011506527803
2025-09-10,AGG,102.56465852060394
2025-09-11,AGG,102.89260584194191
2025-09-12,AGG,103.00205939945472
2025-09-15,AGG,102.56326657203813
2025-09-16,AGG,102.51797350784322
2025-09-17,AGG,102.5277988621931
2025-09-18,AGG,103.00312948626046
2025-09-19,AGG,103.19321062860138
2022-01-03,EUINFRA,98.66644675479186
2022-01-04,EUINFRA,97.55191538275749
2022-01-05,EUINFRA,97.90511212534004
2022-01-06,EUINFRA,97.60438664614404
2022-01-07,EUINFRA,97.55475487918504
2022-01-10,EUINFRA,95.5969613190765
2022-01-11,EUINFRA,96.95449966926755
2022-01-12,EUINFRA,97.15075923381806
2022-01-13,EUINFRA,98.0200541655706
2022-01-14,EUINFRA,98.25293068233627
2022-01-17,EUINFRA,99.05237910978443
2022-01-18,EUINFRA,98.77100042331938
2022-01-19,EUINFRA,97.03487395868513
2022-01-20,EUINFRA,95.92981548126849
2022-01-21,EUINFRA,95.60137509425036
2022-01-24,EUINFRA,96.69140953426603
2022-01-25,EUINFRA,98.45027392742723
2022-01-26,EUINFRA,97.78530795534276
2022-01-27,EUINFRA,98.16766256284964
2022-01-28,EUINFRA,96.48990692764693
2022-01-31,EUINFRA,97.41710995361932
2022-02-01,EUINFRA,95.66779364985145
2022-02-02,EUINFRA,95.27410858621103
2022-02-03,EUINFRA,96.19254441502041
2022-02-04,EUINFRA,98.6186935438229
2022-02-07,EUINFRA,99.04658463411617
2022-02-08,EUINFRA,98.64815634877961
2022-02-09,EUINFRA,97.80627017956743
2022-02-10,EUINFRA,97.4147745499808
2022-02-11,EUINFRA,97.54511386946999
2022-02-14,EUINFRA,98.6319193115998
2022-02-15,EUINFRA,99.48288597778931
2022-02-16,EUINFRA,100.16270962407945
2022-02-17,EUINFRA,99.62513137468042
2022-02-18,EUINFRA,100.32156498996407
2022-02-21,EUINFRA,100.33291657614471
2022-02-22,EUINFRA,100.22062000461891
2022-02-23,EUINFRA,98.2244240226057
2022-02-24,EUINFRA,98.19742894271839
2022-02-25,EUINFRA,98.11123510241858
2022-02-28,EUINFRA,98.27910867862941
2022-03-01,EUINFRA,98.51988148971704
2022-03-02,EUINFRA,97.29112182770288
2022-03-03,EUINFRA,96.9858555835343
2022-03-04,EUINFRA,97.13009556329403
2022-03-07,EUINFRA,98.1742199250878
2022-03-08,EUINFRA,97.80808997307724
2022-03-09,EUINFRA,99.10292012836211
2022-03-10,EUINFRA,100.69909844638883
2022-03-11,EUINFRA,102.6561781392252
2022-03-14,EUINFRA,103.45704522109067
2022-03-15,EUINFRA,103.80403887676752
2022-03-16,EUINFRA,104.90487896920723
2022-03-17,EUINFRA,103.51088679949656
2022-03-18,EUINFRA,103.31559465586597
2022-03-21,EUINFRA,102.60327994007238
2022-03-22,EUINFRA,103.56297835836213
2022-03-23,EUINFRA,103.06097746445411
2022-03-24,EUINFRA,103.24974616122877
2022-03-25,EUINFRA,102.47918392218335
2022-03-28,EUINFRA,101.87935590825312
2022-03-29,EUINFRA,101.9270431399583
2022-03-30,EUINFRA,101.77520378800413
2022-03-31,EUINFRA,101.87975474039219
2022-04-01,EUINFRA,101.62598335492848
2022-04-04,EUINFRA,101.20323629980832
2022-04-05,EUINFRA,99.89535469436458
2022-04-06,EUINFRA,99.94849240028991
2022-04-07,EUINFRA,98.36853876770508
2022-04-08,EUINFRA,98.2980418157435
2022-04-11,EUINFRA,98.89514138796339
2022-04-12,EUINFRA,99.81498115491159
2022-04-13,EUINFRA,98.65123507375097
2022-04-14,EUINFRA,98.02381163439686
2022-04-15,EUINFRA,99.55413393023231
2022-04-18,EUINFRA,99.81552181447924
2022-04-19,EUINFRA,100.46285140640725
2022-04-20,EUINFRA,100.01691554341892
2022-04-21,EUINFRA,100.51677767414986
2022-04-22,EUINFRA,100.93541637856589
2022-04-25,EUINFRA,101.82359831637606
2022-04-26,EUINFRA,102.58573707995309
2022-04-27,EUINFRA,103.91319390183791
2022-04-28,EUINFRA,104.65690492140183
2022-04-29,EUINFRA,103.87805100087921
2022-05-02,EUINFRA,102.42445265834812
2022-05-03,EUINFRA,102.89434620229953
2022-05-04,EUINFRA,105.97704699815272
2022-05-05,EUINFRA,104.66669358439344
2022-05-06,EUINFRA,105.17121480088858
2022-05-09,EUINFRA,104.00473172854095
2022-05-10,EUINFRA,102.78753763063784
2022-05-11,EUINFRA,103.54311856614822
2022-05-12,EUINFRA,101.88300201659595
2022-05-13,EUINFRA,101.63288332930482
2022-05-16,EUINFRA,101.69066897066361
2022-05-17,EUINFRA,100.76484408709912
2022-05-18,EUINFRA,100.49249610546067
2022-05-19,EUINFRA,100.61909721731506
2022-05-20,EUINFRA,99.8965236046134
2022-05-23,EUINFRA,99.98961096485608
2022-05-24,EUINFRA,99.30723706718494
2022-05-25,EUINFRA,100.30846112585787
2022-05-26,EUINFRA,100.31797935978595
2022-05-27,EUINFRA,99.90961961273254
2022-05-30,EUINFRA,97.29385228284593
2022-05-31,EUINFRA,97.2014975716056
2022-06-01,EUINFRA,97.15033952233301
2022-06-02,EUINFRA,96.41358633057688
2022-06-03,EUINFRA,95.3559580890912
2022-06-06,EUINFRA,93.75611714156175
2022-06-07,EUINFRA,93.0242795926995
2022-06-08,EUINFRA,93.01077056787219
2022-06-09,EUINFRA,93.52347364420936
2022-06-10,EUINFRA,93.14058504830682
2022-06-13,EUINFRA,92.78864074153933
2022-06-14,EUINFRA,93.39506964229642
2022-06-15,EUINFRA,94.91942142725243
2022-06-16,EUINFRA,95.4213706768286
2022-06-17,EUINFRA,95.1748162954337
2022-06-20,EUINFRA,95.02713180709497
2022-06-21,EUINFRA,94.90856092650672
2022-06-22,EUINFRA,94.68627167943735
2022-06-23,EUINFRA,96.15394326947857
2022-06-24,EUINFRA,97.15701648763589
2022-06-27,EUINFRA,96.16243400441665
2022-06-28,EUINFRA,96.39989791736684
2022-06-29,EUINFRA,96.63809506685304
2022-06-30,EUINFRA,98.31087913237575
2022-07-01,EUINFRA,97.06239211570592
2022-07-04,EUINFRA,95.71797230496234
2022-07-05,EUINFRA,94.84966729487385
2022-07-06,EUINFRA,95.80340062055765
2022-07-07,EUINFRA,93.89578584591285
2022-07-08,EUINFRA,92.76289358976857
2022-07-11,EUINFRA,90.9990685483537
2022-07-12,EUINFRA,90.23586119097398
2022-07-13,EUINFRA,90.8544051916024
2022-07-14,EUINFRA,89.23662914275546
2022-07-15,EUINFRA,88.87645878978651
2022-07-18,EUINFRA,89.2405286988442
2022-07-19,EUINFRA,88.89185204772335
2022-07-20,EUINFRA,89.90729812008394
2022-07-21,EUINFRA,88.63123424506828
2022-07-22,EUINFRA,89.70840917220777
2022-07-25,EUINFRA,90.45960760287929
2022-07-26,EUINFRA,91.05230167526892
2022-07-27,EUINFRA,91.35330250685679
2022-07-28,EUINFRA,90.61304747124782
2022-07-29,EUINFRA,90.30367896497623
2022-08-01,EUINFRA,91.5907419173527
2022-08-02,EUINFRA,91.64739037759516
2022-08-03,EUINFRA,90.95821129341786
2022-08-04,EUINFRA,91.51872765860146
2022-08-05,EUINFRA,92.83951118806382
2022-08-08,EUINFRA,93.6696503796299
2022-08-09,EUINFRA,93.51897633446565
2022-08-10,EUINFRA,93.09344317669223
2022-08-11,EUINFRA,94.13863168231383
2022-08-12,EUINFRA,94.47095246698805
2022-08-15,EUINFRA,96.18090829731331
2022-08-16,EUINFRA,97.35245904599059
2022-08-17,EUINFRA,97.39868276294618
2022-08-18,EUINFRA,98.41558137908352
2022-08-19,EUINFRA,99.82447976187878
2022-08-22,EUINFRA,100.16942273010929
2022-08-23,EUINFRA,101.76566677678471
2022-08-24,EUINFRA,102.0436919924945
2022-08-25,EUINFRA,104.4497566913297
2022-08-26,EUINFRA,104.03378603512463
2022-08-29,EUINFRA,104.53881150292258
2022-08-30,EUINFRA,105.77517917706736
2022-08-31,EUINFRA,105.14145304816817
2022-09-01,EUINFRA,106.49490821667429
2022-09-02,EUINFRA,107.12716718521762
2022-09-05,EUINFRA,107.52557124332711
2022-09-06,EUINFRA,106.36168652076614
2022-09-07,EUINFRA,106.39597704241031
2022-09-08,EUINFRA,106.71910392512642
2022-09-09,EUINFRA,107.41586478172714
2022-09-12,EUINFRA,107.73539000730814
2022-09-13,EUINFRA,107.17213890339683
2022-09-14,EUINFRA,108.10152773840234
2022-09-15,EUINFRA,108.94956662165845
2022-09-16,EUINFRA,108.68573668886235
2022-09-19,EUINFRA,108.91396338098727
2022-09-20,EUINFRA,106.43982916004227
2022-09-21,EUINFRA,107.5067640513619
2022-09-22,EUINFRA,106.77752978398236
2022-09-23,EUINFRA,107.07481369660287
2022-09-26,EUINFRA,108.28111263249312
2022-09-27,EUINFRA,108.65782072565663
2022-09-28,EUINFRA,109.85239407569065
2022-09-29,EUINFRA,109.65699542562213
2022-09-30,EUINFRA,109.90561921558898
2022-10-03,EUINFRA,110.69350745481226
2022-10-04,EUINFRA,110.08561294928276
2022-10-05,EUINFRA,110.94027974121468
2022-10-06,EUINFRA,113.09536901376411
2022-10-07,EUINFRA,113.99986608693638
2022-10-10,EUINFRA,112.19026032164447
2022-10-11,EUINFRA,113.44101947759341
2022-10-12,EUINFRA,110.8865177914379
2022-10-13,EUINFRA,109.54443400953215
2022-10-14,EUINFRA,108.94644006774905
2022-10-17,EUINFRA,106.75002021016337
2022-10-18,EUINFRA,108.76752624767481
2022-10-19,EUINFRA,108.49458125775678
2022-10-20,EUINFRA,109.89988371914419
2022-10-21,EUINFRA,110.63856870546599
2022-10-24,EUINFRA,110.70560366884831
2022-10-25,EUINFRA,110.2645739423979
2022-10-26,EUINFRA,111.6773355220617
2022-10-27,EUINFRA,111.96209807165127
2022-10-28,EUINFRA,111.20733960739948
2022-10-31,EUINFRA,113.3276172267962
2022-11-01,EUINFRA,113.97563065146198
2022-11-02,EUINFRA,114.57667831821765
2022-11-03,EUINFRA,114.15472964357534
2022-11-04,EUINFRA,112.65387428986338
2022-11-07,EUINFRA,113.36594413239327
2022-11-08,EUINFRA,113.0418872275553
2022-11-09,EUINFRA,112.61753672601877
2022-11-10,EUINFRA,112.33945299374125
2022-11-11,EUINFRA,113.27473387651692
2022-11-14,EUINFRA,113.53466923747672
2022-11-15,EUINFRA,112.12288718005755
2022-11-16,EUINFRA,112.20884733034877
2022-11-17,EUINFRA,112.52100795357303
2022-11-18,EUINFRA,113.4648652246278
2022-11-21,EUINFRA,114.17657321074839
2022-11-22,EUINFRA,113.41369606561646
2022-11-23,EUINFRA,112.24376855583313
2022-11-24,EUINFRA,111.42748666499358
2022-11-25,EUINFRA,111.54729844078423
2022-11-28,EUINFRA,112.13857894911798
2022-11-29,EUINFRA,112.09450032855814
2022-11-30,EUINFRA,110.32122814813381
2022-12-01,EUINFRA,113.09047696471808
2022-12-02,EUINFRA,113.0497011769941
2022-12-05,EUINFRA,112.70521191978817
2022-12-06,EUINFRA,112.5061745552906
2022-12-07,EUINFRA,111.77642356694406
2022-12-08,EUINFRA,111.17489568850631
2022-12-09,EUINFRA,110.2649482510824
2022-12-12,EUINFRA,109.07624893937353
2022-12-13,EUINFRA,107.40509764880801
2022-12-14,EUINFRA,107.11004976783775
2022-12-15,EUINFRA,107.84796840356907
2022-12-16,EUINFRA,105.8635448969142
2022-12-19,EUINFRA,105.00123939346815
2022-12-20,EUINFRA,105.58939751355605
2022-12-21,EUINFRA,105.2493843082161
2022-12-22,EUINFRA,106.11394955991531
2022-12-23,EUINFRA,107.45326930797339
2022-12-26,EUINFRA,107.09231461701509
2022-12-27,EUINFRA,106.00544680437855
2022-12-28,EUINFRA,104.75104285401804
2022-12-29,EUINFRA,106.15363043087052
2022-12-30,EUINFRA,106.55514327227719
2023-01-02,EUINFRA,107.32214361625995
2023-01-03,EUINFRA,106.6621185708297
2023-01-04,EUINFRA,106.33714575501007
2023-01-05,EUINFRA,106.75627749429691
2023-01-06,EUINFRA,107.13271349698739
2023-01-09,EUINFRA,107.30427026846345
2023-01-10,EUINFRA,104.76107511386243
2023-01-11,EUINFRA,105.02670758648165
2023-01-12,EUINFRA,105.91290852219444
2023-01-13,EUINFRA,106.31903491515635
2023-01-16,EUINFRA,106.07960481912602
2023-01-17,EUINFRA,103.28537181290305
2023-01-18,EUINFRA,103.14492174801511
2023-01-19,EUINFRA,103.54039419402565
2023-01-20,EUINFRA,103.72519931273887
2023-01-23,EUINFRA,105.22681556466758
2023-01-24,EUINFRA,104.8479335782019
2023-01-25,EUINFRA,104.465896474672
2023-01-26,EUINFRA,104.08093493310513
2023-01-27,EUINFRA,103.3975605451476
2023-01-30,EUINFRA,103.50776542769376
2023-01-31,EUINFRA,103.2808750330766
2023-02-01,EUINFRA,104.3495613642218
2023-02-02,EUINFRA,104.0828644257241
2023-02-03,EUINFRA,104.66734549367511
2023-02-06,EUINFRA,103.80859439282737
2023-02-07,EUINFRA,103.38135136237672
2023-02-08,EUINFRA,102.87628216641187
2023-02-09,EUINFRA,102.76081739690885
2023-02-10,EUINFRA,101.9186949141972
2023-02-13,EUINFRA,101.61295465079436
2023-02-14,EUINFRA,104.0192021698475
2023-02-15,EUINFRA,102.13757751898711
2023-02-16,EUINFRA,102.1391450529481
2023-02-17,EUINFRA,101.01516842004415
2023-02-20,EUINFRA,100.93464993678998
2023-02-21,EUINFRA,100.75530863115054
2023-02-22,EUINFRA,99.56829619891573
2023-02-23,EUINFRA,98.58534084401074
2023-02-24,EUINFRA,97.74039514171153
2023-02-27,EUINFRA,96.48948781222681
2023-02-28,EUINFRA,96.75782528559597
2023-03-01,EUINFRA,96.35315176240218
2023-03-02,EUINFRA,96.30170531167936
2023-03-03,EUINFRA,96.89052207239412
2023-03-06,EUINFRA,96.82741716348548
2023-03-07,EUINFRA,97.27704875540778
2023-03-08,EUINFRA,97.03026343390677
2023-03-09,EUINFRA,96.25420740464969
2023-03-10,EUINFRA,98.18660906808316
2023-03-13,EUINFRA,98.13057767336521
2023-03-14,EUINFRA,98.31644719284802
2023-03-15,EUINFRA,97.85748534960254
2023-03-16,EUINFRA,97.26609749529167
2023-03-17,EUINFRA,96.1842028175076
2023-03-20,EUINFRA,96.39656291573586
2023-03-21,EUINFRA,97.51700962004864
2023-03-22,EUINFRA,95.71010603708247
2023-03-23,EUINFRA,94.57121442194946
2023-03-24,EUINFRA,94.35708570580451
2023-03-27,EUINFRA,94.52403374506562
2023-03-28,EUINFRA,93.06027368587156
2023-03-29,EUINFRA,93.59763807625221
2023-03-30,EUINFRA,93.18896482114558
2023-03-31,EUINFRA,92.23905201771494
2023-04-03,EUINFRA,93.52509089830784
2023-04-04,EUINFRA,92.80977765198679
2023-04-05,EUINFRA,91.65580554835645
2023-04-06,EUINFRA,92.9972283460483
2023-04-07,EUINFRA,93.55243254299708
2023-04-10,EUINFRA,93.9878948118294
2023-04-11,EUINFRA,94.29663251239955
2023-04-12,EUINFRA,94.47732573845869
2023-04-13,EUINFRA,94.98533138886562
2023-04-14,EUINFRA,96.24549296619419
2023-04-17,EUINFRA,95.22300791508931
2023-04-18,EUINFRA,94.61906415509503
2023-04-19,EUINFRA,94.92319065524349
2023-04-20,EUINFRA,95.22967753653228
2023-04-21,EUINFRA,95.44881670246352
2023-04-24,EUINFRA,95.21607603524667
2023-04-25,EUINFRA,95.42077200807876
2023-04-26,EUINFRA,94.3256366451134
2023-04-27,EUINFRA,95.26812013416315
2023-04-28,EUINFRA,95.77687983940304
2023-05-01,EUINFRA,95.81074352362383
2023-05-02,EUINFRA,96.25420594499744
2023-05-03,EUINFRA,96.29088651286158
2023-05-04,EUINFRA,97.28167310506313
2023-05-05,EUINFRA,97.87577851061234
2023-05-08,EUINFRA,100.19002516949658
2023-05-09,EUINFRA,100.4877294199913
2023-05-10,EUINFRA,100.88681791722907
2023-05-11,EUINFRA,102.66546252967075
2023-05-12,EUINFRA,102.48812405708436
2023-05-15,EUINFRA,103.70360316583404
2023-05-16,EUINFRA,104.06333587822164
2023-05-17,EUINFRA,104.19775848997787
2023-05-18,EUINFRA,105.2844796135798
2023-05-19,EUINFRA,106.0277461164143
2023-05-22,EUINFRA,107.4068487310246
2023-05-23,EUINFRA,107.3568030416147
2023-05-24,EUINFRA,107.68748095472513
2023-05-25,EUINFRA,108.07306513303332
2023-05-26,EUINFRA,107.89351323270743
2023-05-29,EUINFRA,109.14787991406646
2023-05-30,EUINFRA,110.33649048956391
2023-05-31,EUINFRA,108.73837080112949
2023-06-01,EUINFRA,108.98292462653171
2023-06-02,EUINFRA,110.13767328238457
2023-06-05,EUINFRA,111.70555669302593
2023-06-06,EUINFRA,111.65365292344644
2023-06-07,EUINFRA,112.88226908658552
2023-06-08,EUINFRA,112.21305108566068
2023-06-09,EUINFRA,114.07886415066655
2023-06-12,EUINFRA,114.00472061685774
2023-06-13,EUINFRA,115.224821808498
2023-06-14,EUINFRA,114.01016600242026
2023-06-15,EUINFRA,115.05364641548536
2023-06-16,EUINFRA,114.38220636457518
2023-06-19,EUINFRA,113.59355676634554
2023-06-20,EUINFRA,112.89865764156394
2023-06-21,EUINFRA,114.1357190487413
2023-06-22,EUINFRA,115.53109331865052
2023-06-23,EUINFRA,117.15994866028781
2023-06-26,EUINFRA,116.29669556228693
2023-06-27,EUINFRA,116.13040443976104
2023-06-28,EUINFRA,116.11042526957789
2023-06-29,EUINFRA,116.32107597927688
2023-06-30,EUINFRA,115.99907316921194
2023-07-03,EUINFRA,117.11726489891419
2023-07-04,EUINFRA,115.6109249159994
2023-07-05,EUINFRA,115.19798195513329
2023-07-06,EUINFRA,115.05666615169987
2023-07-07,EUINFRA,113.98813008230934
2023-07-10,EUINFRA,115.31085216540515
2023-07-11,EUINFRA,116.93989465483692
2023-07-12,EUINFRA,116.82639090983211
2023-07-13,EUINFRA,115.68757158766252
2023-07-14,EUINFRA,114.09029963816847
2023-07-17,EUINFRA,114.99310092587083
2023-07-18,EUINFRA,113.22035843820612
2023-07-19,EUINFRA,110.83250040537744
2023-07-20,EUINFRA,111.32676307258147
2023-07-21,EUINFRA,111.49005237894389
2023-07-24,EUINFRA,111.46361341069944
2023-07-25,EUINFRA,110.96462746682
2023-07-26,EUINFRA,112.97663869914625
2023-07-27,EUINFRA,113.0050305147225
2023-07-28,EUINFRA,112.80461351264472
2023-07-31,EUINFRA,111.98741764913113
2023-08-01,EUINFRA,110.08553913955672
2023-08-02,EUINFRA,108.50324890201064
2023-08-03,EUINFRA,108.58125908400748
2023-08-04,EUINFRA,108.9626986361826
2023-08-07,EUINFRA,111.1167553785031
2023-08-08,EUINFRA,112.44189296703624
2023-08-09,EUINFRA,111.97456170545621
2023-08-10,EUINFRA,112.43972287338968
2023-08-11,EUINFRA,111.19639687588499
2023-08-14,EUINFRA,110.29972221992979
2023-08-15,EUINFRA,109.98772402107487
2023-08-16,EUINFRA,110.17245924336207
2023-08-17,EUINFRA,110.57220124911113
2023-08-18,EUINFRA,109.75693360113372
2023-08-21,EUINFRA,109.0090951627807
2023-08-22,EUINFRA,108.19697571823666
2023-08-23,EUINFRA,106.84286893401666
2023-08-24,EUINFRA,105.99638289430109
2023-08-25,EUINFRA,107.90618036799124
2023-08-28,EUINFRA,108.80357893914203
2023-08-29,EUINFRA,109.47598583984608
2023-08-30,EUINFRA,109.19688822858737
2023-08-31,EUINFRA,110.21896557690522
2023-09-01,EUINFRA,109.38425538285207
2023-09-04,EUINFRA,108.92588689475609
2023-09-05,EUINFRA,107.60957610193051
2023-09-06,EUINFRA,106.68347053585912
2023-09-07,EUINFRA,106.2755110133373
2023-09-08,EUINFRA,105.23367731815492
2023-09-11,EUINFRA,107.43940515171401
2023-09-12,EUINFRA,107.83107314164036
2023-09-13,EUINFRA,107.90157312907624
2023-09-14,EUINFRA,108.2939364097274
2023-09-15,EUINFRA,108.4920217306536
2023-09-18,EUINFRA,107.94096792178216
2023-09-19,EUINFRA,106.59022765868038
2023-09-20,EUINFRA,107.4330396774531
2023-09-21,EUINFRA,107.83387871938419
2023-09-22,EUINFRA,107.87877892375353
2023-09-25,EUINFRA,107.51553324113794
2023-09-26,EUINFRA,108.35296170263189
2023-09-27,EUINFRA,107.63448158916434
2023-09-28,EUINFRA,107.78824174363473
2023-09-29,EUINFRA,105.95667129752368
2023-10-02,EUINFRA,104.82471704028073
2023-10-03,EUINFRA,103.96759212229402
2023-10-04,EUINFRA,104.17887165754279
2023-10-05,EUINFRA,102.70806734587205
2023-10-06,EUINFRA,101.93719005717719
2023-10-09,EUINFRA,101.57227957553987
2023-10-10,EUINFRA,102.40538534949476
2023-10-11,EUINFRA,102.97177423097743
2023-10-12,EUINFRA,102.70997281874293
2023-10-13,EUINFRA,102.46489017857053
2023-10-16,EUINFRA,101.64703404956086
2023-10-17,EUINFRA,101.14992320574258
2023-10-18,EUINFRA,101.85673586520132
2023-10-19,EUINFRA,101.63289048952903
2023-10-20,EUINFRA,101.30199247362823
2023-10-23,EUINFRA,102.13234292413658
2023-10-24,EUINFRA,102.09569273974266
2023-10-25,EUINFRA,102.2856383627032
2023-10-26,EUINFRA,102.6569328333117
2023-10-27,EUINFRA,102.4992236738488
2023-10-30,EUINFRA,102.73808091741927
2023-10-31,EUINFRA,103.73032364137995
2023-11-01,EUINFRA,103.4697746836553
2023-11-02,EUINFRA,103.85382700157983
2023-11-03,EUINFRA,105.38577715943079
2023-11-06,EUINFRA,105.55607492164143
2023-11-07,EUINFRA,107.05798123606942
2023-11-08,EUINFRA,107.53334230251765
2023-11-09,EUINFRA,106.54317528739799
2023-11-10,EUINFRA,106.48555119682052
2023-11-13,EUINFRA,106.60761804359278
2023-11-14,EUINFRA,107.21276174569034
2023-11-15,EUINFRA,107.6354051465842
2023-11-16,EUINFRA,108.27079076023938
2023-11-17,EUINFRA,107.27798884759375
2023-11-20,EUINFRA,108.6667208490437
2023-11-21,EUINFRA,108.3337580869695
2023-11-22,EUINFRA,105.9047033126738
2023-11-23,EUINFRA,107.12346180047234
2023-11-24,EUINFRA,106.71093613016924
2023-11-27,EUINFRA,107.34859168443917
2023-11-28,EUINFRA,107.14286548893617
2023-11-29,EUINFRA,106.70846866987573
2023-11-30,EUINFRA,106.75784325909325
2023-12-01,EUINFRA,106.81716399679995
2023-12-04,EUINFRA,108.40782918348482
2023-12-05,EUINFRA,107.50728672023715
2023-12-06,EUINFRA,107.19782127245496
2023-12-07,EUINFRA,108.11802080326108
2023-12-08,EUINFRA,106.88289195546766
2023-12-11,EUINFRA,107.40303921200032
2023-12-12,EUINFRA,105.7632863218634
2023-12-13,EUINFRA,104.29161139281442
2023-12-14,EUINFRA,105.78779568074532
2023-12-15,EUINFRA,105.86873451830373
2023-12-18,EUINFRA,105.65326141892974
2023-12-19,EUINFRA,106.36941860225633
2023-12-20,EUINFRA,106.75632963830033
2023-12-21,EUINFRA,107.75268497951853
2023-12-22,EUINFRA,107.46871578637369
2023-12-25,EUINFRA,106.34706950886444
2023-12-26,EUINFRA,108.0320334173924
2023-12-27,EUINFRA,107.14716601336261
2023-12-28,EUINFRA,106.32960364895752
2023-12-29,EUINFRA,106.40924013228828
2024-01-01,EUINFRA,107.871355892891
2024-01-02,EUINFRA,108.34525684070194
2024-01-03,EUINFRA,109.00326438169769
2024-01-04,EUINFRA,109.48395482498219
2024-01-05,EUINFRA,107.72313927364776
2024-01-08,EUINFRA,107.56659459300353
2024-01-09,EUINFRA,106.74568441310326
2024-01-10,EUINFRA,107.05474113750005
2024-01-11,EUINFRA,106.86629853802312
2024-01-12,EUINFRA,106.39989943711221
2024-01-15,EUINFRA,106.21761194829415
2024-01-16,EUINFRA,105.31129081647966
2024-01-17,EUINFRA,103.16985491962285
2024-01-18,EUINFRA,103.05476030414009
2024-01-19,EUINFRA,102.71280043630433
2024-01-22,EUINFRA,102.9118221714283
2024-01-23,EUINFRA,101.62436017771093
2024-01-24,EUINFRA,103.01262853251106
2024-01-25,EUINFRA,102.09272705429517
2024-01-26,EUINFRA,102.06066899276078
2024-01-29,EUINFRA,103.20171346744755
2024-01-30,EUINFRA,104.34193834155737
2024-01-31,EUINFRA,104.68517172679366
2024-02-01,EUINFRA,105.6794860203903
2024-02-02,EUINFRA,105.7728324350304
2024-02-05,EUINFRA,104.8661562231859
2024-02-06,EUINFRA,104.72592288420049
2024-02-07,EUINFRA,105.9729643875424
2024-02-08,EUINFRA,105.46493713195821
2024-02-09,EUINFRA,108.19996798704695
2024-02-12,EUINFRA,108.72140918601482
2024-02-13,EUINFRA,106.9024257402256
2024-02-14,EUINFRA,105.89157733227749
2024-02-15,EUINFRA,106.762664500387
2024-02-16,EUINFRA,106.90296205111724
2024-02-19,EUINFRA,109.36351301695497
2024-02-20,EUINFRA,110.59873616203093
2024-02-21,EUINFRA,111.25202384046595
2024-02-22,EUINFRA,111.0285220708323
2024-02-23,EUINFRA,110.2357198063119
2024-02-26,EUINFRA,111.50007255980282
2024-02-27,EUINFRA,110.56514666625303
2024-02-28,EUINFRA,109.27274178444912
2024-02-29,EUINFRA,109.7705042153363
2024-03-01,EUINFRA,110.63099040525745
2024-03-04,EUINFRA,112.7852822270714
2024-03-05,EUINFRA,111.68677515178504
2024-03-06,EUINFRA,110.99707815427733
2024-03-07,EUINFRA,112.89317396158881
2024-03-08,EUINFRA,114.32234947826716
2024-03-11,EUINFRA,115.16403459281877
2024-03-12,EUINFRA,113.71045841474925
2024-03-13,EUINFRA,114.39971427597719
2024-03-14,EUINFRA,113.59995384390854
2024-03-15,EUINFRA,115.49665702011114
2024-03-18,EUINFRA,115.84495198484474
2024-03-19,EUINFRA,114.95376136173736
2024-03-20,EUINFRA,116.66754312582772
2024-03-21,EUINFRA,118.18368837640396
2024-03-22,EUINFRA,118.97974335071824
2024-03-25,EUINFRA,117.84659641625996
2024-03-26,EUINFRA,118.04335278506211
2024-03-27,EUINFRA,121.23558368286889
2024-03-28,EUINFRA,122.27420299646579
2024-03-29,EUINFRA,122.92609218134747
2024-04-01,EUINFRA,123.31327609039282
2024-04-02,EUINFRA,122.39982919713994
2024-04-03,EUINFRA,123.73086686413761
2024-04-04,EUINFRA,123.45769118194873
2024-04-05,EUINFRA,124.760956562792
2024-04-08,EUINFRA,125.26543766299827
2024-04-09,EUINFRA,123.20078564267824
2024-04-10,EUINFRA,123.49628908341413
2024-04-11,EUINFRA,123.70326477504989
2024-04-12,EUINFRA,126.43385491414898
2024-04-15,EUINFRA,126.74873139312382
2024-04-16,EUINFRA,126.10432385129546
2024-04-17,EUINFRA,125.54305840079896
2024-04-18,EUINFRA,124.32665587674414
2024-04-19,EUINFRA,125.97621261431158
2024-04-22,EUINFRA,127.51704253340705
2024-04-23,EUINFRA,127.63294835116407
2024-04-24,EUINFRA,125.50297896852898
2024-04-25,EUINFRA,126.52524150728131
2024-04-26,EUINFRA,129.05932202988734
2024-04-29,EUINFRA,131.68264809017822
2024-04-30,EUINFRA,134.31953014341204
2024-05-01,EUINFRA,136.9356393315005
2024-05-02,EUINFRA,138.48339226747677
2024-05-03,EUINFRA,137.17142705633424
2024-05-06,EUINFRA,137.2150361502143
2024-05-07,EUINFRA,138.31819004528705
2024-05-08,EUINFRA,139.8650195781915
2024-05-09,EUINFRA,140.22556584249662
2024-05-10,EUINFRA,140.83998456721275
2024-05-13,EUINFRA,142.69070601372323
2024-05-14,EUINFRA,141.87761095732958
2024-05-15,EUINFRA,143.1433678411114
2024-05-16,EUINFRA,142.9304168733362
2024-05-17,EUINFRA,142.69490992419412
2024-05-20,EUINFRA,139.8241571097797
2024-05-21,EUINFRA,138.27794620965832
2024-05-22,EUINFRA,137.15131465219912
2024-05-23,EUINFRA,137.85591625217614
2024-05-24,EUINFRA,137.07162261329796
2024-05-27,EUINFRA,137.59860067292584
2024-05-28,EUINFRA,139.2924871553555
2024-05-29,EUINFRA,139.10039620814297
2024-05-30,EUINFRA,135.9622818180957
2024-05-31,EUINFRA,133.06655588177955
2024-06-03,EUINFRA,134.6040414802635
2024-06-04,EUINFRA,133.07431072552288
2024-06-05,EUINFRA,133.6467384212118
2024-06-06,EUINFRA,134.58340851145755
2024-06-07,EUINFRA,134.4976244631909
2024-06-10,EUINFRA,135.10430848975938
2024-06-11,EUINFRA,137.3611569581617
2024-06-12,EUINFRA,136.79503280242486
2024-06-13,EUINFRA,135.24885203609702
2024-06-14,EUINFRA,133.71829103703482
2024-06-17,EUINFRA,131.0251299264407
2024-06-18,EUINFRA,128.62583605142058
2024-06-19,EUINFRA,129.50620427397874
2024-06-20,EUINFRA,130.6862001841021
2024-06-21,EUINFRA,131.48075833796568
2024-06-24,EUINFRA,132.51151617686017
2024-06-25,EUINFRA,131.29960194879067
2024-06-26,EUINFRA,130.14255836985697
2024-06-27,EUINFRA,129.5788931587341
2024-06-28,EUINFRA,128.72271219323534
2024-07-01,EUINFRA,131.31615950324885
2024-07-02,EUINFRA,130.64101901728338
2024-07-03,EUINFRA,130.3559274623979
2024-07-04,EUINFRA,132.0175061426675
2024-07-05,EUINFRA,132.66733390637663
2024-07-08,EUINFRA,133.8013664904183
2024-07-09,EUINFRA,135.52502237317208
2024-07-10,EUINFRA,133.06722241466795
2024-07-11,EUINFRA,134.6929736698399
2024-07-12,EUINFRA,135.99916455061827
2024-07-15,EUINFRA,137.2391355410367
2024-07-16,EUINFRA,137.89686472264344
2024-07-17,EUINFRA,134.99318686102274
2024-07-18,EUINFRA,133.2581771298622
2024-07-19,EUINFRA,132.3224877330634
2024-07-22,EUINFRA,133.07535481135557
2024-07-23,EUINFRA,133.22745290281193
2024-07-24,EUINFRA,132.90951972343026
2024-07-25,EUINFRA,130.32457744942738
2024-07-26,EUINFRA,128.93401553454186
2024-07-29,EUINFRA,127.68506483559582
2024-07-30,EUINFRA,130.08360100313578
2024-07-31,EUINFRA,130.31965936094124
2024-08-01,EUINFRA,128.98728184712056
2024-08-02,EUINFRA,128.3598685955699
2024-08-05,EUINFRA,127.65050338724153
2024-08-06,EUINFRA,128.95462207267738
2024-08-07,EUINFRA,129.36896264686533
2024-08-08,EUINFRA,129.2979539677118
2024-08-09,EUINFRA,129.1639424956654
2024-08-12,EUINFRA,127.43984353147653
2024-08-13,EUINFRA,125.6406678805502
2024-08-14,EUINFRA,125.61881990460353
2024-08-15,EUINFRA,127.03847977119615
2024-08-16,EUINFRA,126.38368232946343
2024-08-19,EUINFRA,125.08537291912805
2024-08-20,EUINFRA,126.25379030353669
2024-08-21,EUINFRA,124.5180199504033
2024-08-22,EUINFRA,122.63799789534231
2024-08-23,EUINFRA,122.96828640796944
2024-08-26,EUINFRA,123.61127797263767
2024-08-27,EUINFRA,124.22286096813164
2024-08-28,EUINFRA,122.35178637051544
2024-08-29,EUINFRA,122.25518351087015
2024-08-30,EUINFRA,124.28643270960167
2024-09-02,EUINFRA,125.58401810774566
2024-09-03,EUINFRA,125.4280064357774
2024-09-04,EUINFRA,124.08110011959306
2024-09-05,EUINFRA,123.40766259763085
2024-09-06,EUINFRA,124.26869034523904
2024-09-09,EUINFRA,125.48320211964253
2024-09-10,EUINFRA,127.80893764327668
2024-09-11,EUINFRA,128.5709962829445
2024-09-12,EUINFRA,127.44356889530195
2024-09-13,EUINFRA,126.79907306464469
2024-09-16,EUINFRA,125.4176328757595
2024-09-17,EUINFRA,125.55331655022293
2024-09-18,EUINFRA,126.58545168781825
2024-09-19,EUINFRA,127.60538919570101
2024-09-20,EUINFRA,127.69987716009506
2024-09-23,EUINFRA,127.01122904373221
2024-09-24,EUINFRA,128.9426274920562
2024-09-25,EUINFRA,129.06410169745746
2024-09-26,EUINFRA,130.1153798918843
2024-09-27,EUINFRA,129.31743222521186
2024-09-30,EUINFRA,128.76957292051665
2024-10-01,EUINFRA,130.57201817494467
2024-10-02,EUINFRA,128.68509470446597
2024-10-03,EUINFRA,128.45829474846104
2024-10-04,EUINFRA,126.76950374510254
2024-10-07,EUINFRA,128.06180087264562
2024-10-08,EUINFRA,128.98398696710177
2024-10-09,EUINFRA,128.2042611611639
2024-10-10,EUINFRA,127.1571287645167
2024-10-11,EUINFRA,125.6846816620941
2024-10-14,EUINFRA,127.84681189887786
2024-10-15,EUINFRA,129.91809133992888
2024-10-16,EUINFRA,129.99755868628276
2024-10-17,EUINFRA,128.00487463736684
2024-10-18,EUINFRA,126.71243252236155
2024-10-21,EUINFRA,126.8751892309929
2024-10-22,EUINFRA,126.05118007181015
2024-10-23,EUINFRA,126.06383433478614
2024-10-24,EUINFRA,127.85696509311984
2024-10-25,EUINFRA,129.48806558389944
2024-10-28,EUINFRA,130.46315817534108
2024-10-29,EUINFRA,129.4550235078777
2024-10-30,EUINFRA,129.0840986246598
2024-10-31,EUINFRA,128.72379935303712
2024-11-01,EUINFRA,127.07317025327049
2024-11-04,EUINFRA,127.24269447228951
2024-11-05,EUINFRA,125.63113398210477
2024-11-06,EUINFRA,124.98999071540507
2024-11-07,EUINFRA,124.07583863640596
2024-11-08,EUINFRA,121.83306734585679
2024-11-11,EUINFRA,120.84614310019192
2024-11-12,EUINFRA,120.6331405755658
2024-11-13,EUINFRA,120.05667221035694
2024-11-14,EUINFRA,121.1704850101257
2024-11-15,EUINFRA,119.71530673645422
2024-11-18,EUINFRA,119.29645413489425
2024-11-19,EUINFRA,120.6829720502677
2024-11-20,EUINFRA,119.1962822739886
2024-11-21,EUINFRA,119.57342870896468
2024-11-22,EUINFRA,121.75988357538141
2024-11-25,EUINFRA,121.79917859704771
2024-11-26,EUINFRA,120.49396496268005
2024-11-27,EUINFRA,119.286410147767
2024-11-28,EUINFRA,120.29476505647688
2024-11-29,EUINFRA,118.95830030150982
2024-12-02,EUINFRA,118.61495320091481
2024-12-03,EUINFRA,119.40094608841063
2024-12-04,EUINFRA,122.67738558922892
2024-12-05,EUINFRA,122.48776062083624
2024-12-06,EUINFRA,122.16145512019143
2024-12-09,EUINFRA,123.16225384543658
2024-12-10,EUINFRA,125.49566121321271
2024-12-11,EUINFRA,127.48061692404333
2024-12-12,EUINFRA,128.97764608721275
2024-12-13,EUINFRA,130.61434575034383
2024-12-16,EUINFRA,127.00395510393543
2024-12-17,EUINFRA,126.17065640157622
2024-12-18,EUINFRA,125.88209511818049
2024-12-19,EUINFRA,126.78018535625635
2024-12-20,EUINFRA,127.29472392904886
2024-12-23,EUINFRA,127.40415984664313
2024-12-24,EUINFRA,125.59052142393578
2024-12-25,EUINFRA,126.14734932315845
2024-12-26,EUINFRA,126.66439692600639
2024-12-27,EUINFRA,126.55807409412685
2024-12-30,EUINFRA,126.17693988231136
2024-12-31,EUINFRA,124.86262005473647
2025-01-01,EUINFRA,126.39016499805713
2025-01-02,EUINFRA,123.33204802394778
2025-01-03,EUINFRA,123.15624339827593
2025-01-06,EUINFRA,125.65676682948339
2025-01-07,EUINFRA,125.65178836424636
2025-01-08,EUINFRA,125.50620165249502
2025-01-09,EUINFRA,126.43198462774725
2025-01-10,EUINFRA,129.2129053732143
2025-01-13,EUINFRA,130.70403790430277
2025-01-14,EUINFRA,134.36276015679928
2025-01-15,EUINFRA,137.76179919700235
2025-01-16,EUINFRA,138.14901503665612
2025-01-17,EUINFRA,138.10945048770958
2025-01-20,EUINFRA,139.19371140595328
2025-01-21,EUINFRA,138.91878489461936
2025-01-22,EUINFRA,135.9451852947549
2025-01-23,EUINFRA,136.84273173434366
2025-01-24,EUINFRA,136.7171791315583
2025-01-27,EUINFRA,138.70019308301818
2025-01-28,EUINFRA,139.3727937082295
2025-01-29,EUINFRA,138.88466117782093
2025-01-30,EUINFRA,138.73016986357595
2025-01-31,EUINFRA,139.18137242098453
2025-02-03,EUINFRA,141.4308124962148
2025-02-04,EUINFRA,140.1417143915727
2025-02-05,EUINFRA,141.98531921307404
2025-02-06,EUINFRA,143.93663798649754
2025-02-07,EUINFRA,145.28100700970822
2025-02-10,EUINFRA,145.77206114037403
2025-02-11,EUINFRA,146.0461817291806
2025-02-12,EUINFRA,149.74758573161597
2025-02-13,EUINFRA,149.44535701453856
2025-02-14,EUINFRA,150.16250283027432
2025-02-17,EUINFRA,151.03428106880366
2025-02-18,EUINFRA,150.26078408414793
2025-02-19,EUINFRA,149.01524667731263
2025-02-20,EUINFRA,151.4139695502844
2025-02-21,EUINFRA,148.617427629872
2025-02-24,EUINFRA,147.00592210032474
2025-02-25,EUINFRA,148.92264174605273
2025-02-26,EUINFRA,150.0822082533062
2025-02-27,EUINFRA,150.95149356885966
2025-02-28,EUINFRA,154.1035745075677
2025-03-03,EUINFRA,153.39942862763397
2025-03-04,EUINFRA,154.8212106832176
2025-03-05,EUINFRA,155.25007939976484
2025-03-06,EUINFRA,160.77903792863145
2025-03-07,EUINFRA,162.23283986717982
2025-03-10,EUINFRA,163.3892053554195
2025-03-11,EUINFRA,163.79231667030604
2025-03-12,EUINFRA,164.06465543558642
2025-03-13,EUINFRA,163.22031190619214
2025-03-14,EUINFRA,162.35572423314332
2025-03-17,EUINFRA,160.74585548475952
2025-03-18,EUINFRA,162.69391094414945
2025-03-19,EUINFRA,165.7881300286993
2025-03-20,EUINFRA,165.94131149712044
2025-03-21,EUINFRA,163.91250922875983
2025-03-24,EUINFRA,164.2155135573509
2025-03-25,EUINFRA,166.57483161781818
2025-03-26,EUINFRA,165.4019228271966
2025-03-27,EUINFRA,165.5042037767881
2025-03-28,EUINFRA,167.24486858974987
2025-03-31,EUINFRA,164.58063827525834
2025-04-01,EUINFRA,166.34413937432635
2025-04-02,EUINFRA,167.97588145513384
2025-04-03,EUINFRA,167.02057655202987
2025-04-04,EUINFRA,166.14681930749714
2025-04-07,EUINFRA,166.33603069131956
2025-04-08,EUINFRA,167.6069443501918
2025-04-09,EUINFRA,167.94628823240362
2025-04-10,EUINFRA,166.07665252918784
2025-04-11,EUINFRA,164.17150831037142
2025-04-14,EUINFRA,167.20325637209345
2025-04-15,EUINFRA,166.137600278969
2025-04-16,EUINFRA,167.7494291677624
2025-04-17,EUINFRA,166.92960154771316
2025-04-18,EUINFRA,166.79811045517766
2025-04-21,EUINFRA,166.88651930773457
2025-04-22,EUINFRA,166.921465274247
2025-04-23,EUINFRA,169.0180924246667
2025-04-24,EUINFRA,170.88338060313637
2025-04-25,EUINFRA,170.46325300278912
2025-04-28,EUINFRA,168.436376526271
2025-04-29,EUINFRA,170.30769463777534
2025-04-30,EUINFRA,170.55048910734914
2025-05-01,EUINFRA,169.5103697282797
2025-05-02,EUINFRA,170.7298762298181
2025-05-05,EUINFRA,170.0921293323239
2025-05-06,EUINFRA,166.42314225447294
2025-05-07,EUINFRA,163.90431867066303
2025-05-08,EUINFRA,164.37077149252897
2025-05-09,EUINFRA,164.9431334654611
2025-05-12,EUINFRA,166.70077422135662
2025-05-13,EUINFRA,169.52080202133084
2025-05-14,EUINFRA,171.1348604596153
2025-05-15,EUINFRA,173.68004562293595
2025-05-16,EUINFRA,175.66273817736322
2025-05-19,EUINFRA,178.29098409536076
2025-05-20,EUINFRA,177.2025233024067
2025-05-21,EUINFRA,178.1702699429673
2025-05-22,EUINFRA,182.43692138091816
2025-05-23,EUINFRA,183.46515701780956
2025-05-26,EUINFRA,182.79743701213087
2025-05-27,EUINFRA,181.79773065851467
2025-05-28,EUINFRA,181.82304009792543
2025-05-29,EUINFRA,181.63209363971177
2025-05-30,EUINFRA,180.637723167284
2025-06-02,EUINFRA,183.2493743623131
2025-06-03,EUINFRA,186.99639436490935
2025-06-04,EUINFRA,185.9519664655162
2025-06-05,EUINFRA,185.8344244093466
2025-06-06,EUINFRA,184.13937763706994
2025-06-09,EUINFRA,186.0223610742544
2025-06-10,EUINFRA,184.45887952175076
2025-06-11,EUINFRA,184.3437161009798
2025-06-12,EUINFRA,182.37307133998505
2025-06-13,EUINFRA,182.81431623071188
2025-06-16,EUINFRA,181.19219176278244
2025-06-17,EUINFRA,180.926123619459
2025-06-18,EUINFRA,180.28677535240342
2025-06-19,EUINFRA,183.76375016733934
2025-06-20,EUINFRA,180.78943650779172
2025-06-23,EUINFRA,181.84495473595757
2025-06-24,EUINFRA,183.00325667685024
2025-06-25,EUINFRA,182.2011471727674
2025-06-26,EUINFRA,183.03670579909937
2025-06-27,EUINFRA,182.52308158554376
2025-06-30,EUINFRA,183.09138621572382
2025-07-01,EUINFRA,181.0506951109281
2025-07-02,EUINFRA,182.4394182339912
2025-07-03,EUINFRA,180.81749393597138
2025-07-04,EUINFRA,182.28651616435837
2025-07-07,EUINFRA,182.81171403303688
2025-07-08,EUINFRA,182.94554189461618
2025-07-09,EUINFRA,181.9089233552103
2025-07-10,EUINFRA,181.28269875962025
2025-07-11,EUINFRA,181.40920079134318
2025-07-14,EUINFRA,179.89959820372792
2025-07-15,EUINFRA,182.02927218902758
2025-07-16,EUINFRA,184.54839801737006
2025-07-17,EUINFRA,182.30710639902807
2025-07-18,EUINFRA,184.52755500201482
2025-07-21,EUINFRA,183.84109724980567
2025-07-22,EUINFRA,183.765621042521
2025-07-23,EUINFRA,181.35503641049507
2025-07-24,EUINFRA,185.71135807357174
2025-07-25,EUINFRA,188.61356795899007
2025-07-28,EUINFRA,188.3715930403688
2025-07-29,EUINFRA,189.675585192579
2025-07-30,EUINFRA,190.98509292911942
2025-07-31,EUINFRA,194.61851750924257
2025-08-01,EUINFRA,195.0363919085671
2025-08-04,EUINFRA,194.63858958494876
2025-08-05,EUINFRA,197.06129346862986
2025-08-06,EUINFRA,200.19951191124662
2025-08-07,EUINFRA,201.0827685041627
2025-08-08,EUINFRA,197.8405849710712
2025-08-11,EUINFRA,196.84663507199477
2025-08-12,EUINFRA,197.70580729821324
2025-08-13,EUINFRA,199.98459300435664
2025-08-14,EUINFRA,201.02528832913498
2025-08-15,EUINFRA,199.72872574246
2025-08-18,EUINFRA,200.40807223162366
2025-08-19,EUINFRA,203.11488827109002
2025-08-20,EUINFRA,202.95329413421408
2025-08-21,EUINFRA,204.7166013900164
2025-08-22,EUINFRA,206.60170885243213
2025-08-25,EUINFRA,207.47280216358695
2025-08-26,EUINFRA,210.00037034629364
2025-08-27,EUINFRA,210.83899480764708
2025-08-28,EUINFRA,212.98747919758424
2025-08-29,EUINFRA,214.27721624961185
2025-09-01,EUINFRA,216.78425831104948
2025-09-02,EUINFRA,216.8291719621744
2025-09-03,EUINFRA,215.56946277207487
2025-09-04,EUINFRA,212.33387967315713
2025-09-05,EUINFRA,211.9167325923709
2025-09-08,EUINFRA,206.92951573354662
2025-09-09,EUINFRA,205.74202382905287
2025-09-10,EUINFRA,203.34872784613464
2025-09-11,EUINFRA,205.44502954293756
2025-09-12,EUINFRA,204.35735188475746
2025-09-15,EUINFRA,204.68819022907664
2025-09-16,EUINFRA,203.70446008758253
2025-09-17,EUINFRA,204.81473971907437
2025-09-18,EUINFRA,203.15981531657349
2025-09-19,EUINFRA,205.67862720432655
2022-01-03,EUFIN,100.03080199260283
2022-01-04,EUFIN,100.48665942482735
2022-01-05,EUFIN,99.07036473050958
2022-01-06,EUFIN,99.70780270423235
2022-01-07,EUFIN,100.0361376746808
2022-01-10,EUFIN,98.65994832836559
2022-01-11,EUFIN,98.41922525060718
2022-01-12,EUFIN,98.65398506311543
2022-01-13,EUFIN,99.63109682723149
2022-01-14,EUFIN,100.06435519924372
2022-01-17,EUFIN,100.3674837707519
2022-01-18,EUFIN,97.92210475302335
2022-01-19,EUFIN,99.18194909423586
2022-01-20,EUFIN,98.93173478062603
2022-01-21,EUFIN,97.81392857548026
2022-01-24,EUFIN,97.57149424956482
2022-01-25,EUFIN,98.49105017077027
2022-01-26,EUFIN,98.58488965178873
2022-01-27,EUFIN,97.9439495787181
2022-01-28,EUFIN,99.27886455678211
2022-01-31,EUFIN,98.78790222305584
2022-02-01,EUFIN,100.32223764664454
2022-02-02,EUFIN,101.67439932853036
2022-02-03,EUFIN,100.49759343284839
2022-02-04,EUFIN,101.2696330235222
2022-02-07,EUFIN,101.62190605806536
2022-02-08,EUFIN,99.92052078791706
2022-02-09,EUFIN,98.39424794935356
2022-02-10,EUFIN,97.03758689888554
2022-02-11,EUFIN,98.08329280693519
2022-02-14,EUFIN,99.56242306297347
2022-02-15,EUFIN,98.24930563920803
2022-02-16,EUFIN,99.41550953625028
2022-02-17,EUFIN,97.50676803726387
2022-02-18,EUFIN,94.85564575550829
2022-02-21,EUFIN,95.83553122475588
2022-02-22,EUFIN,98.02812114067132
2022-02-23,EUFIN,97.48088593963664
2022-02-24,EUFIN,98.62794012722861
2022-02-25,EUFIN,97.00092663682179
2022-02-28,EUFIN,95.23642246435962
2022-03-01,EUFIN,96.21642734653147
2022-03-02,EUFIN,96.2817566847942
2022-03-03,EUFIN,97.36816031970316
2022-03-04,EUFIN,96.57144660553048
2022-03-07,EUFIN,96.69173460086115
2022-03-08,EUFIN,95.38019473811926
2022-03-09,EUFIN,97.19100534293956
2022-03-10,EUFIN,96.79647105412447
2022-03-11,EUFIN,99.43407985371198
2022-03-14,EUFIN,97.99630673573763
2022-03-15,EUFIN,98.1900948738182
2022-03-16,EUFIN,98.71038874316935
2022-03-17,EUFIN,99.7073690223194
2022-03-18,EUFIN,100.94244904177697
2022-03-21,EUFIN,101.80621236435921
2022-03-22,EUFIN,98.24538358417492
2022-03-23,EUFIN,99.1650403492156
2022-03-24,EUFIN,100.39974857665632
2022-03-25,EUFIN,98.91101515816358
2022-03-28,EUFIN,95.42757371794455
2022-03-29,EUFIN,95.48275027859896
2022-03-30,EUFIN,96.00212726508593
2022-03-31,EUFIN,96.15189146943658
2022-04-01,EUFIN,95.7611278650089
2022-04-04,EUFIN,94.38927402411352
2022-04-05,EUFIN,92.4099292571367
2022-04-06,EUFIN,92.47926422888895
2022-04-07,EUFIN,91.82990887675014
2022-04-08,EUFIN,90.93448753257955
2022-04-11,EUFIN,90.97991117280273
2022-04-12,EUFIN,91.38992588033895
2022-04-13,EUFIN,90.2444801157357
2022-04-14,EUFIN,90.72670946344152
2022-04-15,EUFIN,89.23042360081088
2022-04-18,EUFIN,89.3986521151239
2022-04-19,EUFIN,89.69740899375215
2022-04-20,EUFIN,90.99552519694488
2022-04-21,EUFIN,91.00349402955922
2022-04-22,EUFIN,91.30215410209229
2022-04-25,EUFIN,90.89542163887626
2022-04-26,EUFIN,90.64762360326975
2022-04-27,EUFIN,90.96435484361412
2022-04-28,EUFIN,91.36406433134219
2022-04-29,EUFIN,90.47908300590012
2022-05-02,EUFIN,87.6843126300449
2022-05-03,EUFIN,88.63258005519081
2022-05-04,EUFIN,88.69791043689612
2022-05-05,EUFIN,87.44360376112513
2022-05-06,EUFIN,88.50808684874295
2022-05-09,EUFIN,87.53044173828197
2022-05-10,EUFIN,87.0211313021161
2022-05-11,EUFIN,84.44946686466027
2022-05-12,EUFIN,87.81801883560418
2022-05-13,EUFIN,85.84036088791305
2022-05-16,EUFIN,87.7479019809313
2022-05-17,EUFIN,88.38058367245463
2022-05-18,EUFIN,88.09002648108574
2022-05-19,EUFIN,87.02498953562561
2022-05-20,EUFIN,88.23489112251572
2022-05-23,EUFIN,89.45716368480696
2022-05-24,EUFIN,89.32990118132747
2022-05-25,EUFIN,89.5042533954043
2022-05-26,EUFIN,91.23563212612149
2022-05-27,EUFIN,91.48728826455522
2022-05-30,EUFIN,90.18753746717316
2022-05-31,EUFIN,91.1149567527765
2022-06-01,EUFIN,90.38272745247187
2022-06-02,EUFIN,90.2245344192234
2022-06-03,EUFIN,90.40014685556335
2022-06-06,EUFIN,89.13504547162422
2022-06-07,EUFIN,90.0649013444693
2022-06-08,EUFIN,90.8416620858916
2022-06-09,EUFIN,93.06048577768405
2022-06-10,EUFIN,93.39229221882789
2022-06-13,EUFIN,91.70931602795447
2022-06-14,EUFIN,89.96273985459159
2022-06-15,EUFIN,89.9233167260244
2022-06-16,EUFIN,88.9682047702132
2022-06-17,EUFIN,88.46016526885585
2022-06-20,EUFIN,90.01374717160967
2022-06-21,EUFIN,89.97520256441871
2022-06-22,EUFIN,89.75653266649549
2022-06-23,EUFIN,90.63552483461706
2022-06-24,EUFIN,88.29061568988517
2022-06-27,EUFIN,88.20172182937127
2022-06-28,EUFIN,87.04515760339024
2022-06-29,EUFIN,86.4496576337046
2022-06-30,EUFIN,87.0792624215751
2022-07-01,EUFIN,86.94387485649916
2022-07-04,EUFIN,89.40858759512791
2022-07-05,EUFIN,90.71715912573163
2022-07-06,EUFIN,89.90888918085483
2022-07-07,EUFIN,90.30767499484985
2022-07-08,EUFIN,87.72257936641842
2022-07-11,EUFIN,86.63833231466278
2022-07-12,EUFIN,87.20420523485963
2022-07-13,EUFIN,88.40199700614842
2022-07-14,EUFIN,88.64606540203185
2022-07-15,EUFIN,90.69610783472808
2022-07-18,EUFIN,89.697837277282
2022-07-19,EUFIN,89.38977134833193
2022-07-20,EUFIN,88.37981994107344
2022-07-21,EUFIN,88.24570334345971
2022-07-22,EUFIN,88.51309246815083
2022-07-25,EUFIN,89.35548597771805
2022-07-26,EUFIN,89.2999671175908
2022-07-27,EUFIN,90.9344467329956
2022-07-28,EUFIN,89.7420413385313
2022-07-29,EUFIN,88.33997639643074
2022-08-01,EUFIN,88.87575074717006
2022-08-02,EUFIN,88.0327824189748
2022-08-03,EUFIN,87.7081800697436
2022-08-04,EUFIN,87.5946892370741
2022-08-05,EUFIN,88.05825952777457
2022-08-08,EUFIN,87.0676095142396
2022-08-09,EUFIN,88.54467285695884
2022-08-10,EUFIN,88.4754506458908
2022-08-11,EUFIN,88.47398315457168
2022-08-12,EUFIN,86.77245755557776
2022-08-15,EUFIN,87.54377006792534
2022-08-16,EUFIN,87.18094588048646
2022-08-17,EUFIN,85.77933218627531
2022-08-18,EUFIN,84.94507647995849
2022-08-19,EUFIN,84.00010293397264
2022-08-22,EUFIN,82.429132154729
2022-08-23,EUFIN,81.24696755437363
2022-08-24,EUFIN,81.62882397420687
2022-08-25,EUFIN,81.0617150800272
2022-08-26,EUFIN,82.381816060441
2022-08-29,EUFIN,82.0742580833682
2022-08-30,EUFIN,81.75909382885173
2022-08-31,EUFIN,82.81101787291658
2022-09-01,EUFIN,84.21052069099814
2022-09-02,EUFIN,86.72371035092135
2022-09-05,EUFIN,84.72136598921304
2022-09-06,EUFIN,85.6678907524831
2022-09-07,EUFIN,88.14951718814795
2022-09-08,EUFIN,87.69679677717967
2022-09-09,EUFIN,89.80800771295108
2022-09-12,EUFIN,89.82938615704596
2022-09-13,EUFIN,90.50654543800101
2022-09-14,EUFIN,91.4019704103304
2022-09-15,EUFIN,90.59706378472187
2022-09-16,EUFIN,89.91701077267044
2022-09-19,EUFIN,88.52610164908026
2022-09-20,EUFIN,90.91862737329576
2022-09-21,EUFIN,91.61512857971387
2022-09-22,EUFIN,92.38605973065263
2022-09-23,EUFIN,92.2587525337605
2022-09-26,EUFIN,89.76495617011912
2022-09-27,EUFIN,89.46783478045303
2022-09-28,EUFIN,89.03293069737089
2022-09-29,EUFIN,89.46765788247521
2022-09-30,EUFIN,88.55281889467031
2022-10-03,EUFIN,87.49620631775427
2022-10-04,EUFIN,88.8846225467098
2022-10-05,EUFIN,88.1879000354564
2022-10-06,EUFIN,89.35041458094875
2022-10-07,EUFIN,87.95776772788734
2022-10-10,EUFIN,87.88687874647421
2022-10-11,EUFIN,86.32918717789181
2022-10-12,EUFIN,85.20641255419389
2022-10-13,EUFIN,85.02399546990532
2022-10-14,EUFIN,84.81887645169948
2022-10-17,EUFIN,85.077269259232
2022-10-18,EUFIN,85.42701841223817
2022-10-19,EUFIN,85.3850755110871
2022-10-20,EUFIN,85.63491932235837
2022-10-21,EUFIN,84.93082981029839
2022-10-24,EUFIN,85.29455222721633
2022-10-25,EUFIN,85.63364564100435
2022-10-26,EUFIN,86.82776808558049
2022-10-27,EUFIN,87.20028316479976
2022-10-28,EUFIN,87.06682565738984
2022-10-31,EUFIN,87.32152866855971
2022-11-01,EUFIN,88.05165537310765
2022-11-02,EUFIN,88.12561141887709
2022-11-03,EUFIN,87.09185530013595
2022-11-04,EUFIN,87.44118083357326
2022-11-07,EUFIN,86.7311016240075
2022-11-08,EUFIN,87.91325789535433
2022-11-09,EUFIN,86.90166235050883
2022-11-10,EUFIN,86.37380991572279
2022-11-11,EUFIN,85.8397662982209
2022-11-14,EUFIN,86.56493475068493
2022-11-15,EUFIN,87.87139459461922
2022-11-16,EUFIN,87.8542887707255
2022-11-17,EUFIN,88.7498130522823
2022-11-18,EUFIN,88.44764492599067
2022-11-21,EUFIN,89.40610711322148
2022-11-22,EUFIN,91.01992569365615
2022-11-23,EUFIN,91.53732495441398
2022-11-24,EUFIN,92.04730037035146
2022-11-25,EUFIN,92.5518552689426
2022-11-28,EUFIN,90.46514438921362
2022-11-29,EUFIN,89.05563941281459
2022-11-30,EUFIN,91.23433023487864
2022-12-01,EUFIN,90.97916655552113
2022-12-02,EUFIN,93.1760686598596
2022-12-05,EUFIN,94.18012817775532
2022-12-06,EUFIN,93.61831997474252
2022-12-07,EUFIN,93.86433537077346
2022-12-08,EUFIN,94.02490940897611
2022-12-09,EUFIN,92.77831466385322
2022-12-12,EUFIN,93.01809909597274
2022-12-13,EUFIN,94.44453642353672
2022-12-14,EUFIN,95.35931319681792
2022-12-15,EUFIN,96.06143396154894
2022-12-16,EUFIN,95.88710322692174
2022-12-19,EUFIN,96.30204125939981
2022-12-20,EUFIN,96.01161367030703
2022-12-21,EUFIN,94.78173657902478
2022-12-22,EUFIN,92.5433869280406
2022-12-23,EUFIN,93.71593655210636
2022-12-26,EUFIN,94.99919678709365
2022-12-27,EUFIN,95.61625985856466
2022-12-28,EUFIN,95.1877325121055
2022-12-29,EUFIN,95.2370761054166
2022-12-30,EUFIN,93.73944081306172
2023-01-02,EUFIN,93.507773439422
2023-01-03,EUFIN,92.44479833548823
2023-01-04,EUFIN,91.83772520964109
2023-01-05,EUFIN,91.17698733937145
2023-01-06,EUFIN,91.67782656143063
2023-01-09,EUFIN,91.39221348940256
2023-01-10,EUFIN,91.18457050662039
2023-01-11,EUFIN,91.35043558838434
2023-01-12,EUFIN,90.54254647250211
2023-01-13,EUFIN,89.54456437009391
2023-01-16,EUFIN,90.39130462030982
2023-01-17,EUFIN,91.92661351868684
2023-01-18,EUFIN,90.69601454061937
2023-01-19,EUFIN,89.5059863275284
2023-01-20,EUFIN,89.33604695198827
2023-01-23,EUFIN,88.19727802870625
2023-01-24,EUFIN,88.11837430055246
2023-01-25,EUFIN,87.83284242194125
2023-01-26,EUFIN,88.79457346788578
2023-01-27,EUFIN,88.84996226725362
2023-01-30,EUFIN,88.58597610514826
2023-01-31,EUFIN,88.6985759877965
2023-02-01,EUFIN,91.8832167408684
2023-02-02,EUFIN,93.02453234680512
2023-02-03,EUFIN,92.64999884511187
2023-02-06,EUFIN,93.39690461786712
2023-02-07,EUFIN,92.78969822867383
2023-02-08,EUFIN,92.68676771082849
2023-02-09,EUFIN,91.67961112580147
2023-02-10,EUFIN,93.16599464978954
2023-02-13,EUFIN,92.99692781400611
2023-02-14,EUFIN,94.26113660844145
2023-02-15,EUFIN,96.24650481038822
2023-02-16,EUFIN,97.14358237743356
2023-02-17,EUFIN,97.79680551903299
2023-02-20,EUFIN,99.10502491354457
2023-02-21,EUFIN,100.01294900890485
2023-02-22,EUFIN,101.26529706925236
2023-02-23,EUFIN,101.00125767373822
2023-02-24,EUFIN,101.63213710033665
2023-02-27,EUFIN,102.40475386211565
2023-02-28,EUFIN,104.63736643656117
2023-03-01,EUFIN,101.55899489350959
2023-03-02,EUFIN,101.43328037221137
2023-03-03,EUFIN,101.77161137303901
2023-03-06,EUFIN,101.07244026716384
2023-03-07,EUFIN,101.3907027898274
2023-03-08,EUFIN,104.26544352617077
2023-03-09,EUFIN,103.04991381948685
2023-03-10,EUFIN,102.9848059161385
2023-03-13,EUFIN,103.31016440903709
2023-03-14,EUFIN,106.38892071714419
2023-03-15,EUFIN,107.85223664787273
2023-03-16,EUFIN,106.45210726005384
2023-03-17,EUFIN,108.86795706339043
2023-03-20,EUFIN,108.71368917738293
2023-03-21,EUFIN,109.61127263402058
2023-03-22,EUFIN,107.28876066652107
2023-03-23,EUFIN,109.522296828945
2023-03-24,EUFIN,108.8363897037512
2023-03-27,EUFIN,108.00024043749876
2023-03-28,EUFIN,107.3438903984736
2023-03-29,EUFIN,106.91564087049738
2023-03-30,EUFIN,107.20342201506448
2023-03-31,EUFIN,107.31177966959899
2023-04-03,EUFIN,107.23958212139229
2023-04-04,EUFIN,106.74379340922407
2023-04-05,EUFIN,108.50965857592773
2023-04-06,EUFIN,108.46867253414445
2023-04-07,EUFIN,108.54420600422748
2023-04-10,EUFIN,110.17073390062511
2023-04-11,EUFIN,109.8836447199117
2023-04-12,EUFIN,110.43233298857074
2023-04-13,EUFIN,109.7020140336262
2023-04-14,EUFIN,109.945667399568
2023-04-17,EUFIN,111.25723402824485
2023-04-18,EUFIN,111.86909929113011
2023-04-19,EUFIN,112.31688593234207
2023-04-20,EUFIN,111.16382826937684
2023-04-21,EUFIN,112.14176683483157
2023-04-24,EUFIN,113.05759203085097
2023-04-25,EUFIN,112.72870434585343
2023-04-26,EUFIN,114.59900513064429
2023-04-27,EUFIN,115.22621043818329
2023-04-28,EUFIN,113.3929744643102
2023-05-01,EUFIN,113.3606627761175
2023-05-02,EUFIN,113.19527229650235
2023-05-03,EUFIN,113.28365297495237
2023-05-04,EUFIN,114.21823523157981
2023-05-05,EUFIN,115.36637386169082
2023-05-08,EUFIN,112.8578260331118
2023-05-09,EUFIN,111.1050192335583
2023-05-10,EUFIN,111.432240957759
2023-05-11,EUFIN,110.12301224980314
2023-05-12,EUFIN,109.99536990336229
2023-05-15,EUFIN,109.38615353048881
2023-05-16,EUFIN,109.24123211079717
2023-05-17,EUFIN,108.86942930639216
2023-05-18,EUFIN,109.72928829124669
2023-05-19,EUFIN,110.09983412353222
2023-05-22,EUFIN,110.80901849243641
2023-05-23,EUFIN,109.14389892307351
2023-05-24,EUFIN,107.63887538221381
2023-05-25,EUFIN,106.06378823867529
2023-05-26,EUFIN,106.56821524174576
2023-05-29,EUFIN,108.60071159595373
2023-05-30,EUFIN,109.10208091660152
2023-05-31,EUFIN,108.91563860079387
2023-06-01,EUFIN,112.98263199714225
2023-06-02,EUFIN,113.33429085023654
2023-06-05,EUFIN,113.02708085413617
2023-06-06,EUFIN,112.68842056933812
2023-06-07,EUFIN,112.14977973332398
2023-06-08,EUFIN,111.33632660993176
2023-06-09,EUFIN,111.20635333742841
2023-06-12,EUFIN,109.72402645193576
2023-06-13,EUFIN,111.8125061351874
2023-06-14,EUFIN,110.19697999679214
2023-06-15,EUFIN,108.97127271233427
2023-06-16,EUFIN,108.43966422517322
2023-06-19,EUFIN,110.29484762925613
2023-06-20,EUFIN,110.84891439924931
2023-06-21,EUFIN,110.88069630312324
2023-06-22,EUFIN,112.73275726950847
2023-06-23,EUFIN,114.29676147207084
2023-06-26,EUFIN,115.04244397049592
2023-06-27,EUFIN,115.12420017823439
2023-06-28,EUFIN,113.9469898439746
2023-06-29,EUFIN,114.46837970547277
2023-06-30,EUFIN,113.90339672087258
2023-07-03,EUFIN,113.32882416009969
2023-07-04,EUFIN,112.17475407370895
2023-07-05,EUFIN,112.80616254671811
2023-07-06,EUFIN,113.31916403495342
2023-07-07,EUFIN,113.03648439835628
2023-07-10,EUFIN,113.04438188598441
2023-07-11,EUFIN,113.14784704207466
2023-07-12,EUFIN,113.22642378510595
2023-07-13,EUFIN,113.70544991024101
2023-07-14,EUFIN,112.8743092928113
2023-07-17,EUFIN,113.80387509895458
2023-07-18,EUFIN,115.92866793152814
2023-07-19,EUFIN,115.66872532418459
2023-07-20,EUFIN,117.08601354227297
2023-07-21,EUFIN,117.4186347095882
2023-07-24,EUFIN,117.2585066798974
2023-07-25,EUFIN,117.51277650572405
2023-07-26,EUFIN,116.73187260279707
2023-07-27,EUFIN,115.93049194151352
2023-07-28,EUFIN,115.94788656429387
2023-07-31,EUFIN,116.03345893608557
2023-08-01,EUFIN,116.68781660761691
2023-08-02,EUFIN,115.18184251838784
2023-08-03,EUFIN,117.52326457102697
2023-08-04,EUFIN,117.17468700495695
2023-08-07,EUFIN,116.34884190372902
2023-08-08,EUFIN,115.36394206342338
2023-08-09,EUFIN,117.08833986233861
2023-08-10,EUFIN,119.47578362287405
2023-08-11,EUFIN,120.34243331914529
2023-08-14,EUFIN,122.08447471044852
2023-08-15,EUFIN,122.51349837450141
2023-08-16,EUFIN,120.66256468301412
2023-08-17,EUFIN,119.38238702908808
2023-08-18,EUFIN,117.24433242682342
2023-08-21,EUFIN,114.86883964973158
2023-08-22,EUFIN,115.09251344079263
2023-08-23,EUFIN,115.52739468366586
2023-08-24,EUFIN,114.96972085416041
2023-08-25,EUFIN,113.69547606217303
2023-08-28,EUFIN,113.41770412908454
2023-08-29,EUFIN,114.51839712330904
2023-08-30,EUFIN,114.25829825805775
2023-08-31,EUFIN,111.77035824002314
2023-09-01,EUFIN,110.11923628815488
2023-09-04,EUFIN,107.73474057299185
2023-09-05,EUFIN,109.30327304867183
2023-09-06,EUFIN,108.51890278726299
2023-09-07,EUFIN,108.94674432764673
2023-09-08,EUFIN,107.36098717489197
2023-09-11,EUFIN,108.22922055447361
2023-09-12,EUFIN,108.90796090862487
2023-09-13,EUFIN,110.23513559762767
2023-09-14,EUFIN,112.39540118463367
2023-09-15,EUFIN,115.75192320529636
2023-09-18,EUFIN,114.2063742672521
2023-09-19,EUFIN,114.48708016642716
2023-09-20,EUFIN,117.29810933608692
2023-09-21,EUFIN,116.69112470323913
2023-09-22,EUFIN,115.17637335839453
2023-09-25,EUFIN,116.29885128459438
2023-09-26,EUFIN,115.87728347993922
2023-09-27,EUFIN,112.61862590030216
2023-09-28,EUFIN,113.39078348464776
2023-09-29,EUFIN,116.69517954766143
2023-10-02,EUFIN,118.8503462037973
2023-10-03,EUFIN,116.3379243539925
2023-10-04,EUFIN,118.05799972942634
2023-10-05,EUFIN,117.12414492463219
2023-10-06,EUFIN,115.56294603695245
2023-10-09,EUFIN,116.71949207718579
2023-10-10,EUFIN,117.0310030213308
2023-10-11,EUFIN,116.35914420471944
2023-10-12,EUFIN,116.9393590105489
2023-10-13,EUFIN,116.33378587056443
2023-10-16,EUFIN,114.89290110423269
2023-10-17,EUFIN,115.81299050387244
2023-10-18,EUFIN,116.33674886771229
2023-10-19,EUFIN,118.90660994314202
2023-10-20,EUFIN,120.24200708123041
2023-10-23,EUFIN,119.41618858725663
2023-10-24,EUFIN,121.734037055427
2023-10-25,EUFIN,120.97981216108225
2023-10-26,EUFIN,123.29265517681954
2023-10-27,EUFIN,124.60019852935966
2023-10-30,EUFIN,123.56692590453176
2023-10-31,EUFIN,120.51658934560008
2023-11-01,EUFIN,119.76935465543193
2023-11-02,EUFIN,120.33176998699848
2023-11-03,EUFIN,122.89230958677157
2023-11-06,EUFIN,122.68151761947175
2023-11-07,EUFIN,123.36992693284414
2023-11-08,EUFIN,123.08489879707425
2023-11-09,EUFIN,121.33449477293973
2023-11-10,EUFIN,122.82015102880057
2023-11-13,EUFIN,122.13697660190859
2023-11-14,EUFIN,124.83867960094422
2023-11-15,EUFIN,125.10024452562962
2023-11-16,EUFIN,123.80380186499731
2023-11-17,EUFIN,122.56194239996012
2023-11-20,EUFIN,123.33404136825474
2023-11-21,EUFIN,121.57873250118357
2023-11-22,EUFIN,118.6231075400681
2023-11-23,EUFIN,117.09271718972391
2023-11-24,EUFIN,118.88417366044742
2023-11-27,EUFIN,121.6907522687216
2023-11-28,EUFIN,121.01297494464367
2023-11-29,EUFIN,120.4563185355997
2023-11-30,EUFIN,119.26059140383131
2023-12-01,EUFIN,118.88071239069478
2023-12-04,EUFIN,118.37780391988247
2023-12-05,EUFIN,118.46551631116601
2023-12-06,EUFIN,120.32226162830074
2023-12-07,EUFIN,118.51318795722253
2023-12-08,EUFIN,118.78323748515929
2023-12-11,EUFIN,118.61567242079674
2023-12-12,EUFIN,118.80378100884033
2023-12-13,EUFIN,114.52507897103399
2023-12-14,EUFIN,115.45872844687008
2023-12-15,EUFIN,115.68581739539331
2023-12-18,EUFIN,113.69782184793674
2023-12-19,EUFIN,114.64649917413361
2023-12-20,EUFIN,114.8140558623162
2023-12-21,EUFIN,115.6085332798127
2023-12-22,EUFIN,117.9909690815578
2023-12-25,EUFIN,117.53821746780655
2023-12-26,EUFIN,117.31438060606862
2023-12-27,EUFIN,117.28656272310134
2023-12-28,EUFIN,114.91058125762719
2023-12-29,EUFIN,111.61079368226154
2024-01-01,EUFIN,112.79691112600423
2024-01-02,EUFIN,114.39520876215667
2024-01-03,EUFIN,115.87174633895083
2024-01-04,EUFIN,116.0190626230477
2024-01-05,EUFIN,116.46328146547431
2024-01-08,EUFIN,115.4894069008463
2024-01-09,EUFIN,115.57105547431559
2024-01-10,EUFIN,114.1495262975042
2024-01-11,EUFIN,113.67131089586944
2024-01-12,EUFIN,113.99270161082183
2024-01-15,EUFIN,115.18619182053106
2024-01-16,EUFIN,113.71023786739262
2024-01-17,EUFIN,113.38073356577931
2024-01-18,EUFIN,112.29138959209024
2024-01-19,EUFIN,114.34060552903615
2024-01-22,EUFIN,115.51458149681555
2024-01-23,EUFIN,116.78377049337239
2024-01-24,EUFIN,116.93609101906087
2024-01-25,EUFIN,115.2434318389773
2024-01-26,EUFIN,115.93963283182367
2024-01-29,EUFIN,117.19053034265814
2024-01-30,EUFIN,117.6765247541764
2024-01-31,EUFIN,116.6880389611555
2024-02-01,EUFIN,116.59154849804125
2024-02-02,EUFIN,117.66577397563623
2024-02-05,EUFIN,115.78131484476147
2024-02-06,EUFIN,114.16721662010711
2024-02-07,EUFIN,114.87868293241894
2024-02-08,EUFIN,115.25267429150337
2024-02-09,EUFIN,115.18624421184498
2024-02-12,EUFIN,113.8050965269473
2024-02-13,EUFIN,113.91400107952123
2024-02-14,EUFIN,113.31360357879028
2024-02-15,EUFIN,112.12295443284317
2024-02-16,EUFIN,111.72632491001151
2024-02-19,EUFIN,109.16509201467055
2024-02-20,EUFIN,110.52862958496044
2024-02-21,EUFIN,113.26669323869926
2024-02-22,EUFIN,113.32078539420725
2024-02-23,EUFIN,111.91563692328832
2024-02-26,EUFIN,111.28495582870615
2024-02-27,EUFIN,111.24401996501487
2024-02-28,EUFIN,112.44367642456578
2024-02-29,EUFIN,112.2658411048608
2024-03-01,EUFIN,112.98633118699439
2024-03-04,EUFIN,113.90081532479293
2024-03-05,EUFIN,114.89868492634339
2024-03-06,EUFIN,114.78718801404189
2024-03-07,EUFIN,115.65137701665755
2024-03-08,EUFIN,118.13031572520569
2024-03-11,EUFIN,117.08519192239058
2024-03-12,EUFIN,117.97823802691416
2024-03-13,EUFIN,117.20178859023972
2024-03-14,EUFIN,115.71237510731851
2024-03-15,EUFIN,118.1545561873231
2024-03-18,EUFIN,118.1336100937345
2024-03-19,EUFIN,120.81570353976663
2024-03-20,EUFIN,121.60093478237151
2024-03-21,EUFIN,121.23587632862683
2024-03-22,EUFIN,120.80107778348174
2024-03-25,EUFIN,121.8407803670531
2024-03-26,EUFIN,120.39173373188778
2024-03-27,EUFIN,122.85528161885881
2024-03-28,EUFIN,125.09630408871479
2024-03-29,EUFIN,125.03660415997018
2024-04-01,EUFIN,126.17267418187895
2024-04-02,EUFIN,126.2794291279564
2024-04-03,EUFIN,126.56601388300808
2024-04-04,EUFIN,124.64719705939105
2024-04-05,EUFIN,125.09197460685218
2024-04-08,EUFIN,126.09868126962391
2024-04-09,EUFIN,126.30756804946952
2024-04-10,EUFIN,124.1342865619082
2024-04-11,EUFIN,122.3640923909241
2024-04-12,EUFIN,124.88696897753559
2024-04-15,EUFIN,123.58077585009748
2024-04-16,EUFIN,120.07469096892336
2024-04-17,EUFIN,118.52891846970317
2024-04-18,EUFIN,116.76103001297602
2024-04-19,EUFIN,117.32444798209178
2024-04-22,EUFIN,117.78576987356502
2024-04-23,EUFIN,117.59129178401054
2024-04-24,EUFIN,116.96413872296458
2024-04-25,EUFIN,114.68561443245655
2024-04-26,EUFIN,115.87589681687844
2024-04-29,EUFIN,115.25358383206319
2024-04-30,EUFIN,113.04732249175962
2024-05-01,EUFIN,111.28703570671293
2024-05-02,EUFIN,109.63118862461884
2024-05-03,EUFIN,110.55016921934553
2024-05-06,EUFIN,110.79029075900264
2024-05-07,EUFIN,112.03293458111783
2024-05-08,EUFIN,112.88868187662496
2024-05-09,EUFIN,112.48399843479152
2024-05-10,EUFIN,112.63369591435799
2024-05-13,EUFIN,113.40056608849886
2024-05-14,EUFIN,110.9531595747648
2024-05-15,EUFIN,113.1323539504402
2024-05-16,EUFIN,115.38148708532772
2024-05-17,EUFIN,116.634659425581
2024-05-20,EUFIN,117.76324284511321
2024-05-21,EUFIN,118.27769138643075
2024-05-22,EUFIN,116.06916278133563
2024-05-23,EUFIN,114.07075487593224
2024-05-24,EUFIN,114.32253140180022
2024-05-27,EUFIN,114.5642593659181
2024-05-28,EUFIN,116.27052658423223
2024-05-29,EUFIN,118.0643649849646
2024-05-30,EUFIN,117.331943470244
2024-05-31,EUFIN,115.85040526638059
2024-06-03,EUFIN,114.68204236721864
2024-06-04,EUFIN,112.5275638011095
2024-06-05,EUFIN,114.59111940793063
2024-06-06,EUFIN,113.15383809538181
2024-06-07,EUFIN,114.24109982335797
2024-06-10,EUFIN,114.4853488977996
2024-06-11,EUFIN,113.55616705513967
2024-06-12,EUFIN,111.8461241789745
2024-06-13,EUFIN,109.50989720804749
2024-06-14,EUFIN,108.60898620908657
2024-06-17,EUFIN,109.55051943399805
2024-06-18,EUFIN,109.33053907251966
2024-06-19,EUFIN,110.50647218234026
2024-06-20,EUFIN,109.78528183216633
2024-06-21,EUFIN,109.0315057733414
2024-06-24,EUFIN,110.20403459319105
2024-06-25,EUFIN,111.34948264786692
2024-06-26,EUFIN,108.64431645179329
2024-06-27,EUFIN,107.6131794430751
2024-06-28,EUFIN,107.97217943295789
2024-07-01,EUFIN,107.01265553852417
2024-07-02,EUFIN,108.05401143689099
2024-07-03,EUFIN,107.97405230774837
2024-07-04,EUFIN,106.20998570677531
2024-07-05,EUFIN,104.91004660979696
2024-07-08,EUFIN,105.98997675361557
2024-07-09,EUFIN,106.13821803115475
2024-07-10,EUFIN,106.17500290475164
2024-07-11,EUFIN,107.22386888004634
2024-07-12,EUFIN,109.02308906666238
2024-07-15,EUFIN,108.70081975878408
2024-07-16,EUFIN,108.48432086963535
2024-07-17,EUFIN,108.36197244511862
2024-07-18,EUFIN,107.1001797003041
2024-07-19,EUFIN,107.76073104888968
2024-07-22,EUFIN,109.85693495309322
2024-07-23,EUFIN,111.60675298450549
2024-07-24,EUFIN,109.91671491688348
2024-07-25,EUFIN,108.99748119822613
2024-07-26,EUFIN,111.98251139036579
2024-07-29,EUFIN,111.62946421801433
2024-07-30,EUFIN,113.9309258396901
2024-07-31,EUFIN,113.37225939263624
2024-08-01,EUFIN,113.91262979958856
2024-08-02,EUFIN,114.60859776815778
2024-08-05,EUFIN,115.00003382713987
2024-08-06,EUFIN,115.02798977477838
2024-08-07,EUFIN,115.9993434280705
2024-08-08,EUFIN,116.69346245518386
2024-08-09,EUFIN,115.87839009426256
2024-08-12,EUFIN,117.43603148216171
2024-08-13,EUFIN,117.14216092736518
2024-08-14,EUFIN,118.51087763866175
2024-08-15,EUFIN,117.84735915624145
2024-08-16,EUFIN,119.72828872178334
2024-08-19,EUFIN,121.73072325342508
2024-08-20,EUFIN,120.96073708625727
2024-08-21,EUFIN,123.73012978020081
2024-08-22,EUFIN,125.24725607823856
2024-08-23,EUFIN,125.95723335615465
2024-08-26,EUFIN,126.21818913312896
2024-08-27,EUFIN,125.42792878988584
2024-08-28,EUFIN,124.99640749133374
2024-08-29,EUFIN,123.75659012892311
2024-08-30,EUFIN,123.60220503209902
2024-09-02,EUFIN,125.49767065135839
2024-09-03,EUFIN,128.11233357379038
2024-09-04,EUFIN,128.1334667227108
2024-09-05,EUFIN,129.09141612573765
2024-09-06,EUFIN,129.65776521022138
2024-09-09,EUFIN,129.25611505612986
2024-09-10,EUFIN,130.2946317362485
2024-09-11,EUFIN,129.07544888047306
2024-09-12,EUFIN,127.78684009185604
2024-09-13,EUFIN,128.8710919965071
2024-09-16,EUFIN,130.59319575812162
2024-09-17,EUFIN,131.91736663440673
2024-09-18,EUFIN,135.66717673782907
2024-09-19,EUFIN,136.51929641700738
2024-09-20,EUFIN,137.70883783172138
2024-09-23,EUFIN,139.50665531701878
2024-09-24,EUFIN,139.13121141154159
2024-09-25,EUFIN,138.68368127700657
2024-09-26,EUFIN,141.6663270344613
2024-09-27,EUFIN,144.36599576329945
2024-09-30,EUFIN,140.31400290958047
2024-10-01,EUFIN,145.9587154496977
2024-10-02,EUFIN,146.74176215639326
2024-10-03,EUFIN,145.57695081989038
2024-10-04,EUFIN,144.1375314460645
2024-10-07,EUFIN,143.96009211872888
2024-10-08,EUFIN,146.7799781355437
2024-10-09,EUFIN,148.8116483951876
2024-10-10,EUFIN,146.96457186187877
2024-10-11,EUFIN,146.09020847692352
2024-10-14,EUFIN,144.79629230371293
2024-10-15,EUFIN,145.09406054507866
2024-10-16,EUFIN,145.82493930336682
2024-10-17,EUFIN,147.7923303972362
2024-10-18,EUFIN,147.57954705728505
2024-10-21,EUFIN,147.15945473765578
2024-10-22,EUFIN,146.26902941176613
2024-10-23,EUFIN,146.7141321274012
2024-10-24,EUFIN,151.43027576875988
2024-10-25,EUFIN,154.45324377898555
2024-10-28,EUFIN,154.2366144975703
2024-10-29,EUFIN,154.8655734341117
2024-10-30,EUFIN,157.96421930912175
2024-10-31,EUFIN,156.37752893116416
2024-11-01,EUFIN,154.44124186866517
2024-11-04,EUFIN,156.27512881016102
2024-11-05,EUFIN,161.5539463947585
2024-11-06,EUFIN,161.86703555056377
2024-11-07,EUFIN,161.26445171762717
2024-11-08,EUFIN,160.23963021312758
2024-11-11,EUFIN,161.8488182492427
2024-11-12,EUFIN,162.54424543589997
2024-11-13,EUFIN,160.00970645355972
2024-11-14,EUFIN,160.8335929167509
2024-11-15,EUFIN,159.61820817418027
2024-11-18,EUFIN,158.53981941678163
2024-11-19,EUFIN,160.58374602530492
2024-11-20,EUFIN,162.66724593381795
2024-11-21,EUFIN,165.15740296242805
2024-11-22,EUFIN,163.29437657299144
2024-11-25,EUFIN,163.491854361182
2024-11-26,EUFIN,160.8324364932578
2024-11-27,EUFIN,160.66090337953514
2024-11-28,EUFIN,162.52884863593803
2024-11-29,EUFIN,162.9591618034971
2024-12-02,EUFIN,164.78526034555838
2024-12-03,EUFIN,164.12632942539707
2024-12-04,EUFIN,162.88759626245053
2024-12-05,EUFIN,158.6225834125593
2024-12-06,EUFIN,158.07906849570352
2024-12-09,EUFIN,156.80709189797125
2024-12-10,EUFIN,156.3988596627687
2024-12-11,EUFIN,159.20623869427249
2024-12-12,EUFIN,158.42944275390147
2024-12-13,EUFIN,156.7328164064934
2024-12-16,EUFIN,156.3987304548288
2024-12-17,EUFIN,157.20424533983507
2024-12-18,EUFIN,156.68443314842668
2024-12-19,EUFIN,155.17985133447928
2024-12-20,EUFIN,156.7013645948875
2024-12-23,EUFIN,155.12376934162583
2024-12-24,EUFIN,154.3960949460328
2024-12-25,EUFIN,152.52097337691478
2024-12-26,EUFIN,152.11441116022343
2024-12-27,EUFIN,153.26980804818155
2024-12-30,EUFIN,154.96942107075373
2024-12-31,EUFIN,156.12641088550174
2025-01-01,EUFIN,156.31575237992985
2025-01-02,EUFIN,156.41271526021325
2025-01-03,EUFIN,156.00884493341147
2025-01-06,EUFIN,151.66981743825528
2025-01-07,EUFIN,151.80378875235573
2025-01-08,EUFIN,154.6118272816432
2025-01-09,EUFIN,153.57322876563657
2025-01-10,EUFIN,153.79380747107268
2025-01-13,EUFIN,155.31205613111575
2025-01-14,EUFIN,154.5749573377541
2025-01-15,EUFIN,154.78216973731102
2025-01-16,EUFIN,154.58489613971284
2025-01-17,EUFIN,154.68609988085382
2025-01-20,EUFIN,154.0800529250894
2025-01-21,EUFIN,154.17060396481568
2025-01-22,EUFIN,151.7409617467624
2025-01-23,EUFIN,149.07610083576182
2025-01-24,EUFIN,150.84971710393066
2025-01-27,EUFIN,150.88408530587878
2025-01-28,EUFIN,149.79574253026976
2025-01-29,EUFIN,149.91605207810534
2025-01-30,EUFIN,148.79968649935518
2025-01-31,EUFIN,150.4392016533398
2025-02-03,EUFIN,151.0142387030379
2025-02-04,EUFIN,153.7958748703783
2025-02-05,EUFIN,153.21006574181914
2025-02-06,EUFIN,153.20325479123915
2025-02-07,EUFIN,152.91071652408564
2025-02-10,EUFIN,151.3645498067596
2025-02-11,EUFIN,152.07777327977314
2025-02-12,EUFIN,153.0413002454828
2025-02-13,EUFIN,154.86580250828703
2025-02-14,EUFIN,155.09847436598534
2025-02-17,EUFIN,155.32509391270366
2025-02-18,EUFIN,152.53524745872303
2025-02-19,EUFIN,150.67539359287466
2025-02-20,EUFIN,153.07174447029493
2025-02-21,EUFIN,150.74929837051906
2025-02-24,EUFIN,154.2310730284865
2025-02-25,EUFIN,156.23273762476822
2025-02-26,EUFIN,156.48397237614594
2025-02-27,EUFIN,157.0216009089878
2025-02-28,EUFIN,153.6567010795841
2025-03-03,EUFIN,152.46598977464373
2025-03-04,EUFIN,149.27242305516376
2025-03-05,EUFIN,150.94273761054507
2025-03-06,EUFIN,145.9477954647069
2025-03-07,EUFIN,146.2078375491991
2025-03-10,EUFIN,147.12202054713
2025-03-11,EUFIN,147.78794342922708
2025-03-12,EUFIN,147.88784569521835
2025-03-13,EUFIN,150.588010487237
2025-03-14,EUFIN,150.25131238893655
2025-03-17,EUFIN,152.59749917795546
2025-03-18,EUFIN,152.0926205472608
2025-03-19,EUFIN,151.27083685468824
2025-03-20,EUFIN,148.9200743503814
2025-03-21,EUFIN,146.98637629179962
2025-03-24,EUFIN,150.01304152759724
2025-03-25,EUFIN,147.40443750276523
2025-03-26,EUFIN,146.6937674889856
2025-03-27,EUFIN,150.80982503684447
2025-03-28,EUFIN,148.78607702842478
2025-03-31,EUFIN,147.64804990123108
2025-04-01,EUFIN,150.05276786238207
2025-04-02,EUFIN,148.13824426592893
2025-04-03,EUFIN,149.40905786779783
2025-04-04,EUFIN,148.79143825085413
2025-04-07,EUFIN,149.58994327075854
2025-04-08,EUFIN,151.93314575199776
2025-04-09,EUFIN,154.68418994432443
2025-04-10,EUFIN,154.21930045342236
2025-04-11,EUFIN,153.54373445882842
2025-04-14,EUFIN,153.8562728272811
2025-04-15,EUFIN,152.03161757657656
2025-04-16,EUFIN,147.4860692757202
2025-04-17,EUFIN,146.2259671931715
2025-04-18,EUFIN,146.2965905452786
2025-04-21,EUFIN,149.12027482302065
2025-04-22,EUFIN,152.14531946655887
2025-04-23,EUFIN,152.53673032447986
2025-04-24,EUFIN,150.86284220785413
2025-04-25,EUFIN,151.39218767316848
2025-04-28,EUFIN,154.11130971226248
2025-04-29,EUFIN,156.20054416655086
2025-04-30,EUFIN,157.06121788920814
2025-05-01,EUFIN,156.33827193952197
2025-05-02,EUFIN,155.3635468392796
2025-05-05,EUFIN,155.2944288629111
2025-05-06,EUFIN,156.93100675805883
2025-05-07,EUFIN,155.2622970833788
2025-05-08,EUFIN,154.9674853998711
2025-05-09,EUFIN,153.9212311855631
2025-05-12,EUFIN,151.21312308974555
2025-05-13,EUFIN,152.78641189802607
2025-05-14,EUFIN,155.84521556298347
2025-05-15,EUFIN,153.9435282873113
2025-05-16,EUFIN,157.2862936163675
2025-05-19,EUFIN,157.1108797155657
2025-05-20,EUFIN,158.02026188969904
2025-05-21,EUFIN,162.00320850724222
2025-05-22,EUFIN,161.57828681857126
2025-05-23,EUFIN,161.42716159185423
2025-05-26,EUFIN,158.65741459044975
2025-05-27,EUFIN,158.7212865733186
2025-05-28,EUFIN,159.91408059516027
2025-05-29,EUFIN,160.19946108138473
2025-05-30,EUFIN,161.77306863577712
2025-06-02,EUFIN,160.29911215249894
2025-06-03,EUFIN,158.57210969613388
2025-06-04,EUFIN,159.88845288152714
2025-06-05,EUFIN,159.85104085264962
2025-06-06,EUFIN,155.51193981857764
2025-06-09,EUFIN,153.58913735896465
2025-06-10,EUFIN,150.74457725580405
2025-06-11,EUFIN,149.64120992973886
2025-06-12,EUFIN,152.93739267547133
2025-06-13,EUFIN,153.878612781873
2025-06-16,EUFIN,156.14249862136757
2025-06-17,EUFIN,157.3743469118871
2025-06-18,EUFIN,158.66434292799144
2025-06-19,EUFIN,156.82645892306726
2025-06-20,EUFIN,155.72119524619828
2025-06-23,EUFIN,155.86995294686227
2025-06-24,EUFIN,155.32695250535258
2025-06-25,EUFIN,155.2744659913277
2025-06-26,EUFIN,161.28113293805913
2025-06-27,EUFIN,164.22747607209936
2025-06-30,EUFIN,166.21854996958382
2025-07-01,EUFIN,165.6768262432255
2025-07-02,EUFIN,164.66698299574816
2025-07-03,EUFIN,165.59765065804308
2025-07-04,EUFIN,167.08210416909134
2025-07-07,EUFIN,168.6315545443621
2025-07-08,EUFIN,168.55475576675488
2025-07-09,EUFIN,171.85152713540197
2025-07-10,EUFIN,172.90802351578455
2025-07-11,EUFIN,169.66501735041942
2025-07-14,EUFIN,171.97975024678036
2025-07-15,EUFIN,169.60471819821902
2025-07-16,EUFIN,167.6920935119107
2025-07-17,EUFIN,171.67467524238117
2025-07-18,EUFIN,170.0543644400446
2025-07-21,EUFIN,171.1355217964216
2025-07-22,EUFIN,171.42686077003324
2025-07-23,EUFIN,173.49448786553995
2025-07-24,EUFIN,175.04704759245158
2025-07-25,EUFIN,173.28754416723012
2025-07-28,EUFIN,171.4538850772174
2025-07-29,EUFIN,170.7655871489849
2025-07-30,EUFIN,170.6342835242752
2025-07-31,EUFIN,173.12939217001974
2025-08-01,EUFIN,172.56315732084923
2025-08-04,EUFIN,170.5304060032539
2025-08-05,EUFIN,166.7147228723765
2025-08-06,EUFIN,164.4175450944206
2025-08-07,EUFIN,168.56015519033838
2025-08-08,EUFIN,167.71820266141654
2025-08-11,EUFIN,169.62648002606838
2025-08-12,EUFIN,174.52397029651715
2025-08-13,EUFIN,173.87845426950602
2025-08-14,EUFIN,173.16485717011247
2025-08-15,EUFIN,168.25506794703674
2025-08-18,EUFIN,170.17340510479704
2025-08-19,EUFIN,172.69510447661276
2025-08-20,EUFIN,171.00469474605873
2025-08-21,EUFIN,172.5577259203284
2025-08-22,EUFIN,173.57872973685625
2025-08-25,EUFIN,169.42553837779403
2025-08-26,EUFIN,174.05760256096417
2025-08-27,EUFIN,173.99661268576713
2025-08-28,EUFIN,172.294276557572
2025-08-29,EUFIN,168.32340447234287
2025-09-01,EUFIN,165.94753210525357
2025-09-02,EUFIN,164.92508774038066
2025-09-03,EUFIN,163.00322929845075
2025-09-04,EUFIN,166.45779513995546
2025-09-05,EUFIN,170.2057503752186
2025-09-08,EUFIN,171.84779264945195
2025-09-09,EUFIN,171.4600382696697
2025-09-10,EUFIN,170.87899008716363
2025-09-11,EUFIN,171.48834398273894
2025-09-12,EUFIN,168.23896197994796
2025-09-15,EUFIN,167.0475189632441
2025-09-16,EUFIN,162.48303417318613
2025-09-17,EUFIN,163.5406181277956
2025-09-18,EUFIN,161.83164160391985
2025-09-19,EUFIN,159.9578954286379
2022-01-03,JP,100.94240280747167
2022-01-04,JP,100.6662771846277
2022-01-05,JP,100.45430002027551
2022-01-06,JP,99.85522075875437
2022-01-07,JP,101.1726430235514
2022-01-10,JP,100.68818408098612
2022-01-11,JP,100.08750512338244
2022-01-12,JP,101.38115427557481
2022-01-13,JP,101.90610092826446
2022-01-14,JP,101.61138363138153
2022-01-17,JP,100.05541448858197
2022-01-18,JP,98.21116937702983
2022-01-19,JP,100.2012114706291
2022-01-20,JP,100.50382499047
2022-01-21,JP,99.5445901659151
2022-01-24,JP,99.9855808088098
2022-01-25,JP,100.31136226775908
2022-01-26,JP,99.97145675998853
2022-01-27,JP,99.46311177110745
2022-01-28,JP,100.40405932769205
2022-01-31,JP,98.4770259994522
2022-02-01,JP,99.97383829673974
2022-02-02,JP,99.32199267227249
2022-02-03,JP,100.36915503374433
2022-02-04,JP,100.42063607492229
2022-02-07,JP,99.86603195712902
2022-02-08,JP,98.519910357345
2022-02-09,JP,96.55104782926476
2022-02-10,JP,97.40859381053166
2022-02-11,JP,96.83314801009195
2022-02-14,JP,97.60981369856306
2022-02-15,JP,96.90530536813428
2022-02-16,JP,98.16406663420611
2022-02-17,JP,97.39555692033359
2022-02-18,JP,97.79845108750061
2022-02-21,JP,98.18520808397783
2022-02-22,JP,99.19173107490926
2022-02-23,JP,99.0949860867908
2022-02-24,JP,99.35670407135842
2022-02-25,JP,98.25098167611728
2022-02-28,JP,99.15365653905447
2022-03-01,JP,99.95642936869848
2022-03-02,JP,100.67403514937389
2022-03-03,JP,100.8427629956548
2022-03-04,JP,102.1745207538733
2022-03-07,JP,101.58621322993717
2022-03-08,JP,102.37871249836819
2022-03-09,JP,104.68880563296172
2022-03-10,JP,104.20116618033927
2022-03-11,JP,102.42417197769629
2022-03-14,JP,103.4656570936099
2022-03-15,JP,105.53403409561281
2022-03-16,JP,105.09382324804224
2022-03-17,JP,106.91427406128294
2022-03-18,JP,105.80864037317959
2022-03-21,JP,104.43093703843431
2022-03-22,JP,104.85841900039756
2022-03-23,JP,102.9740360112425
2022-03-24,JP,102.27264393060219
2022-03-25,JP,102.28269949312529
2022-03-28,JP,101.93644000755886
2022-03-29,JP,101.19249747694371
2022-03-30,JP,100.05614572720967
2022-03-31,JP,100.61743757874592
2022-04-01,JP,100.34564921271868
2022-04-04,JP,101.00637632516145
2022-04-05,JP,102.36903202865942
2022-04-06,JP,103.83431069789155
2022-04-07,JP,103.54022294356216
2022-04-08,JP,103.43501115366615
2022-04-11,JP,103.3175030462329
2022-04-12,JP,104.05700271437384
2022-04-13,JP,103.60649161915538
2022-04-14,JP,104.47306582908142
2022-04-15,JP,102.26422219964668
2022-04-18,JP,103.53234240929832
2022-04-19,JP,104.88643621630418
2022-04-20,JP,106.30465034355186
2022-04-21,JP,106.54814452708979
2022-04-22,JP,107.15814296898627
2022-04-25,JP,106.68029890356647
2022-04-26,JP,107.09549599735017
2022-04-27,JP,105.0596371713841
2022-04-28,JP,106.22996916722605
2022-04-29,JP,106.36420560057613
2022-05-02,JP,106.25587647994344
2022-05-03,JP,105.24282681529498
2022-05-04,JP,105.31765726607469
2022-05-05,JP,106.32555559082047
2022-05-06,JP,107.57923309081923
2022-05-09,JP,107.60162193112723
2022-05-10,JP,106.84108858529314
2022-05-11,JP,106.01139319761221
2022-05-12,JP,107.52185748419161
2022-05-13,JP,106.24698664113461
2022-05-16,JP,106.09726572547098
2022-05-17,JP,105.80023765583604
2022-05-18,JP,105.83478268158643
2022-05-19,JP,106.28005955471878
2022-05-20,JP,105.8700871758682
2022-05-23,JP,105.60080804527168
2022-05-24,JP,105.39755889269242
2022-05-25,JP,103.74237060913718
2022-05-26,JP,104.02009524096387
2022-05-27,JP,104.40911338756365
2022-05-30,JP,106.2581341474623
2022-05-31,JP,106.03253839663773
2022-06-01,JP,105.53973557282713
2022-06-02,JP,103.8571276563658
2022-06-03,JP,104.81529145360096
2022-06-06,JP,106.19973273449492
2022-06-07,JP,107.30401743381452
2022-06-08,JP,109.11577301312967
2022-06-09,JP,110.11694343342977
2022-06-10,JP,109.08166976781457
2022-06-13,JP,108.7006487208397
2022-06-14,JP,110.87906752058292
2022-06-15,JP,110.6825993247465
2022-06-16,JP,109.68367157254548
2022-06-17,JP,109.4416577026899
2022-06-20,JP,110.35709217420103
2022-06-21,JP,110.29434316163527
2022-06-22,JP,107.85349432201477
2022-06-23,JP,108.87255993179208
2022-06-24,JP,109.75932948497356
2022-06-27,JP,108.67998713591851
2022-06-28,JP,109.49808824853677
2022-06-29,JP,107.89422181896269
2022-06-30,JP,106.3634037550044
2022-07-01,JP,105.19517362960302
2022-07-04,JP,104.73399124688017
2022-07-05,JP,105.65182584532906
2022-07-06,JP,105.846174115944
2022-07-07,JP,105.59145225553115
2022-07-08,JP,105.93131378781224
2022-07-11,JP,105.20434109149109
2022-07-12,JP,105.51801518450985
2022-07-13,JP,105.41251586645184
2022-07-14,JP,105.5036911831672
2022-07-15,JP,105.50834615249538
2022-07-18,JP,106.52958751599324
2022-07-19,JP,107.13202753870887
2022-07-20,JP,106.10405391468024
2022-07-21,JP,105.86650497451453
2022-07-22,JP,107.36511568911399
2022-07-25,JP,109.152120558432
2022-07-26,JP,108.18861335765281
2022-07-27,JP,108.3918769475281
2022-07-28,JP,110.22140434883161
2022-07-29,JP,109.5972444039206
2022-08-01,JP,109.8868563884426
2022-08-02,JP,111.88104764349485
2022-08-03,JP,115.38382838597062
2022-08-04,JP,114.07524695032943
2022-08-05,JP,112.66248434021438
2022-08-08,JP,111.04141822093953
2022-08-09,JP,109.69423662843853
2022-08-10,JP,111.23716069441446
2022-08-11,JP,112.38489446825439
2022-08-12,JP,113.40884032214326
2022-08-15,JP,114.13854022454176
2022-08-16,JP,112.92941811920262
2022-08-17,JP,114.12592664421413
2022-08-18,JP,115.41031126403382
2022-08-19,JP,112.95177193680554
2022-08-22,JP,113.642774749366
2022-08-23,JP,113.69726484708195
2022-08-24,JP,115.64701900414708
2022-08-25,JP,116.33337892453892
2022-08-26,JP,117.69515251311937
2022-08-29,JP,117.29230931095016
2022-08-30,JP,116.66862448718547
2022-08-31,JP,116.94609538843206
2022-09-01,JP,116.8872338207392
2022-09-02,JP,115.64187947041786
2022-09-05,JP,115.67517291891036
2022-09-06,JP,116.54028138054215
2022-09-07,JP,115.77334798891606
2022-09-08,JP,115.8620593998259
2022-09-09,JP,114.73475212686854
2022-09-12,JP,113.68455339598962
2022-09-13,JP,112.84987385719751
2022-09-14,JP,112.32405899044376
2022-09-15,JP,112.80097676966845
2022-09-16,JP,114.59811686760166
2022-09-19,JP,113.99412236369537
2022-09-20,JP,115.8286365484541
2022-09-21,JP,114.61155916273586
2022-09-22,JP,113.80983819079155
2022-09-23,JP,112.27978509947569
2022-09-26,JP,112.56401955085735
2022-09-27,JP,112.88371522871714
2022-09-28,JP,114.53049941672666
2022-09-29,JP,115.24085875894829
2022-09-30,JP,116.09137104324871
2022-10-03,JP,118.15074002445449
2022-10-04,JP,118.0771590789799
2022-10-05,JP,119.0172438134389
2022-10-06,JP,118.02124829531802
2022-10-07,JP,118.4639920415006
2022-10-10,JP,116.38476840850731
2022-10-11,JP,116.08386014861108
2022-10-12,JP,116.4439707473889
2022-10-13,JP,118.89970345122566
2022-10-14,JP,119.6791108145125
2022-10-17,JP,120.23506434016957
2022-10-18,JP,119.78288860310921
2022-10-19,JP,119.3010777941144
2022-10-20,JP,120.55366447032809
2022-10-21,JP,121.86488718594481
2022-10-24,JP,125.26291337387812
2022-10-25,JP,125.09109879690912
2022-10-26,JP,125.2631915564327
2022-10-27,JP,125.75237724876457
2022-10-28,JP,125.67014787569322
2022-10-31,JP,125.55312097482323
2022-11-01,JP,126.08944002283901
2022-11-02,JP,126.50840992871156
2022-11-03,JP,127.2778196861039
2022-11-04,JP,125.50406944907067
2022-11-07,JP,125.22124691673302
2022-11-08,JP,126.31056724942718
2022-11-09,JP,128.34731771406894
2022-11-10,JP,128.53194873643687
2022-11-11,JP,127.3659979461659
2022-11-14,JP,126.10553334482628
2022-11-15,JP,129.354079068064
2022-11-16,JP,128.85552384449755
2022-11-17,JP,128.97730585217394
2022-11-18,JP,129.85197626760524
2022-11-21,JP,130.974880156206
2022-11-22,JP,129.24875468209706
2022-11-23,JP,130.8711976321399
2022-11-24,JP,129.42644597403296
2022-11-25,JP,130.93146481979431
2022-11-28,JP,130.6466601584098
2022-11-29,JP,132.14881336814724
2022-11-30,JP,130.84745587549625
2022-12-01,JP,131.2476318531102
2022-12-02,JP,132.30670359151227
2022-12-05,JP,131.71094288097643
2022-12-06,JP,129.27084001783447
2022-12-07,JP,130.15244868493377
2022-12-08,JP,131.1471892030608
2022-12-09,JP,130.483436915636
2022-12-12,JP,128.09277734065162
2022-12-13,JP,126.16299491015228
2022-12-14,JP,123.90638776748035
2022-12-15,JP,124.59873078559154
2022-12-16,JP,125.17737078927536
2022-12-19,JP,126.19173537410123
2022-12-20,JP,125.66945978486139
2022-12-21,JP,125.82192280281537
2022-12-22,JP,125.13910781146961
2022-12-23,JP,126.26663898905231
2022-12-26,JP,126.78143850221682
2022-12-27,JP,124.16843615555808
2022-12-28,JP,126.15905975808317
2022-12-29,JP,126.88364000211281
2022-12-30,JP,126.748812257098
2023-01-02,JP,125.34728147154645
2023-01-03,JP,124.83863379487208
2023-01-04,JP,125.25313980812042
2023-01-05,JP,125.10831108714335
2023-01-06,JP,125.56363374265436
2023-01-09,JP,125.74209401834959
2023-01-10,JP,125.96163154125706
2023-01-11,JP,125.54225981427014
2023-01-12,JP,125.17832101966364
2023-01-13,JP,125.67598582985242
2023-01-16,JP,125.82239463366014
2023-01-17,JP,125.53424892563389
2023-01-18,JP,124.20783514756795
2023-01-19,JP,125.49104142512972
2023-01-20,JP,126.09329708952932
2023-01-23,JP,127.70373122427168
2023-01-24,JP,127.38363695172869
2023-01-25,JP,127.353805926536
2023-01-26,JP,127.99998765821985
2023-01-27,JP,128.95388209300154
2023-01-30,JP,129.94226270182307
2023-01-31,JP,129.73043077420056
2023-02-01,JP,129.24158319609015
2023-02-02,JP,129.62894261699176
2023-02-03,JP,128.8624417620469
2023-02-06,JP,128.8265904293911
2023-02-07,JP,126.57405655833915
2023-02-08,JP,125.60505611568654
2023-02-09,JP,123.30160900314846
2023-02-10,JP,123.52022012038057
2023-02-13,JP,124.79433106400381
2023-02-14,JP,123.94363877795602
2023-02-15,JP,121.36671627154149
2023-02-16,JP,120.44374115909594
2023-02-17,JP,119.72135346700668
2023-02-20,JP,120.36846866303496
2023-02-21,JP,122.46703827699447
2023-02-22,JP,121.93005885565174
2023-02-23,JP,122.00279050731706
2023-02-24,JP,122.67841842898225
2023-02-27,JP,123.53313585417594
2023-02-28,JP,122.80645065168376
2023-03-01,JP,122.08226366223268
2023-03-02,JP,121.84790425821335
2023-03-03,JP,121.63437117105119
2023-03-06,JP,126.16949824474403
2023-03-07,JP,126.5007813374651
2023-03-08,JP,125.5879716738914
2023-03-09,JP,126.76972248938812
2023-03-10,JP,126.59626185180448
2023-03-13,JP,127.10378234190527
2023-03-14,JP,126.13104768095104
2023-03-15,JP,126.85244955704454
2023-03-16,JP,125.38121477178971
2023-03-17,JP,124.71750834755666
2023-03-20,JP,126.53940407730973
2023-03-21,JP,126.23477039270865
2023-03-22,JP,124.63396956368003
2023-03-23,JP,123.70118037001355
2023-03-24,JP,122.58295125962533
2023-03-27,JP,123.52344611347088
2023-03-28,JP,123.08804423170531
2023-03-29,JP,123.19116263416785
2023-03-30,JP,124.39637345810468
2023-03-31,JP,123.73699371453286
2023-04-03,JP,123.61839820622822
2023-04-04,JP,123.60103596268036
2023-04-05,JP,123.0097818852585
2023-04-06,JP,123.33085032474442
2023-04-07,JP,123.46998127936217
2023-04-10,JP,123.71950261586929
2023-04-11,JP,123.43021959772729
2023-04-12,JP,123.09085666791333
2023-04-13,JP,123.63426405904374
2023-04-14,JP,123.54548846254583
2023-04-17,JP,124.56722445514579
2023-04-18,JP,124.18805845916361
2023-04-19,JP,125.49060659125924
2023-04-20,JP,126.08624697630557
2023-04-21,JP,126.52027181992895
2023-04-24,JP,127.01529127533601
2023-04-25,JP,125.7292295978505
2023-04-26,JP,127.65733433300896
2023-04-27,JP,125.8817485850807
2023-04-28,JP,127.22488855021908
2023-05-01,JP,126.5964460743816
2023-05-02,JP,126.27726248128282
2023-05-03,JP,122.49147604311013
2023-05-04,JP,123.52013688423473
2023-05-05,JP,124.52776975706466
2023-05-08,JP,124.67651995984225
2023-05-09,JP,125.12593818780616
2023-05-10,JP,124.50988598926291
2023-05-11,JP,123.21599535389231
2023-05-12,JP,122.46333190859305
2023-05-15,JP,118.29501192934275
2023-05-16,JP,117.93685010179482
2023-05-17,JP,116.9918264942642
2023-05-18,JP,117.87412400592936
2023-05-19,JP,117.90233032716245
2023-05-22,JP,118.92345166684049
2023-05-23,JP,118.3776712409225
2023-05-24,JP,118.1966164105498
2023-05-25,JP,117.15629945172682
2023-05-26,JP,117.11027334371794
2023-05-29,JP,118.81909425899026
2023-05-30,JP,118.94510592835923
2023-05-31,JP,118.39049905399253
2023-06-01,JP,118.08664573754454
2023-06-02,JP,119.63986773951814
2023-06-05,JP,119.2544547761386
2023-06-06,JP,118.30651414334837
2023-06-07,JP,118.68968839305083
2023-06-08,JP,119.86231345855384
2023-06-09,JP,118.88084359053082
2023-06-12,JP,118.48619231292037
2023-06-13,JP,115.88905130495861
2023-06-14,JP,115.3094021900044
2023-06-15,JP,114.63372229983422
2023-06-16,JP,117.12078050768547
2023-06-19,JP,119.0816276373648
2023-06-20,JP,118.25503184518699
2023-06-21,JP,117.58928823388884
2023-06-22,JP,117.745107749976
2023-06-23,JP,118.11387000974416
2023-06-26,JP,117.40480944954435
2023-06-27,JP,117.04775103851546
2023-06-28,JP,116.23793024752025
2023-06-29,JP,115.20280822481415
2023-06-30,JP,114.86263800970569
2023-07-03,JP,116.02362660919727
2023-07-04,JP,117.43672757679518
2023-07-05,JP,116.79687706090822
2023-07-06,JP,118.44755498551942
2023-07-07,JP,116.79290747067724
2023-07-10,JP,115.70618954386343
2023-07-11,JP,115.53597040108525
2023-07-12,JP,115.22354689110254
2023-07-13,JP,117.99093687092463
2023-07-14,JP,116.44588252970468
2023-07-17,JP,116.5677857470062
2023-07-18,JP,115.23584311808526
2023-07-19,JP,116.30419971234971
2023-07-20,JP,116.94672181942892
2023-07-21,JP,117.53302191696757
2023-07-24,JP,117.5002889623932
2023-07-25,JP,117.15926951263063
2023-07-26,JP,116.72993061469283
2023-07-27,JP,116.42267214223487
2023-07-28,JP,115.62544193939941
2023-07-31,JP,116.17423564699043
2023-08-01,JP,116.22041034072038
2023-08-02,JP,116.45367744126654
2023-08-03,JP,117.52036600038349
2023-08-04,JP,118.84045390989768
2023-08-07,JP,118.36832379988851
2023-08-08,JP,119.05212598961926
2023-08-09,JP,118.4493110151673
2023-08-10,JP,121.08111361079483
2023-08-11,JP,120.99428661194756
2023-08-14,JP,121.15433064183077
2023-08-15,JP,120.07504212290006
2023-08-16,JP,121.21183465958119
2023-08-17,JP,121.66978186422416
2023-08-18,JP,122.51969154593345
2023-08-21,JP,121.77777572359989
2023-08-22,JP,122.51185234124158
2023-08-23,JP,122.39522197006481
2023-08-24,JP,122.04496782251752
2023-08-25,JP,121.15139812405336
2023-08-28,JP,121.24004638401466
2023-08-29,JP,119.44186737263138
2023-08-30,JP,119.61134099612893
2023-08-31,JP,122.28729236405876
2023-09-01,JP,121.36731312864669
2023-09-04,JP,121.53686549682755
2023-09-05,JP,123.34411485884642
2023-09-06,JP,125.41519612196332
2023-09-07,JP,123.72378718068155
2023-09-08,JP,122.54406578520623
2023-09-11,JP,122.01430547998609
2023-09-12,JP,121.68690203437971
2023-09-13,JP,121.30056431877838
2023-09-14,JP,120.2301285765416
2023-09-15,JP,120.40615015764135
2023-09-18,JP,121.30750274593032
2023-09-19,JP,121.81632019556874
2023-09-20,JP,121.74218579348405
2023-09-21,JP,120.83585726379853
2023-09-22,JP,122.7215746286751
2023-09-25,JP,122.578296983947
2023-09-26,JP,121.48929762685977
2023-09-27,JP,119.55234547974676
2023-09-28,JP,120.64840033700004
2023-09-29,JP,117.12275841238633
2023-10-02,JP,116.7052953816862
2023-10-03,JP,114.86630409500782
2023-10-04,JP,115.65876593080866
2023-10-05,JP,117.51874107683706
2023-10-06,JP,117.00879142893712
2023-10-09,JP,116.00505556422085
2023-10-10,JP,116.75195859279633
2023-10-11,JP,117.06911271127167
2023-10-12,JP,117.01644319759457
2023-10-13,JP,117.86113152590458
2023-10-16,JP,115.91696520922781
2023-10-17,JP,116.10977110071758
2023-10-18,JP,116.85533982129182
2023-10-19,JP,114.55697306803216
2023-10-20,JP,114.20371099887036
2023-10-23,JP,114.876785788947
2023-10-24,JP,115.90756461115936
2023-10-25,JP,116.22205111215213
2023-10-26,JP,117.20837986094108
2023-10-27,JP,116.326688753017
2023-10-30,JP,116.61564865216339
2023-10-31,JP,118.11983753966358
2023-11-01,JP,120.28526642288648
2023-11-02,JP,119.06223542780374
2023-11-03,JP,118.60848349531994
2023-11-06,JP,117.71594919364124
2023-11-07,JP,117.5505652388097
2023-11-08,JP,117.00429863545195
2023-11-09,JP,116.41045949586722
2023-11-10,JP,117.153455824141
2023-11-13,JP,117.91500896107712
2023-11-14,JP,118.72915855598387
2023-11-15,JP,119.71699025978309
2023-11-16,JP,119.46885531405269
2023-11-17,JP,119.01532778876039
2023-11-20,JP,119.01611859739715
2023-11-21,JP,119.9114403894489
2023-11-22,JP,119.35962147177482
2023-11-23,JP,117.33818933758226
2023-11-24,JP,116.84513836754975
2023-11-27,JP,115.57547212385634
2023-11-28,JP,114.5208806585326
2023-11-29,JP,114.00981677380861
2023-11-30,JP,115.1735366921355
2023-12-01,JP,113.60007202488282
2023-12-04,JP,114.00990051242333
2023-12-05,JP,115.23472627972855
2023-12-06,JP,115.00754440241958
2023-12-07,JP,116.68862004781239
2023-12-08,JP,116.85864773114739
2023-12-11,JP,115.58756508135927
2023-12-12,JP,115.79625100871323
2023-12-13,JP,116.65138966583766
2023-12-14,JP,118.24816655791777
2023-12-15,JP,119.18499493257741
2023-12-18,JP,117.15018730539677
2023-12-19,JP,116.46994305431475
2023-12-20,JP,115.31894422589892
2023-12-21,JP,115.5144110293528
2023-12-22,JP,114.24757680404545
2023-12-25,JP,115.50691697254281
2023-12-26,JP,116.95620050181239
2023-12-27,JP,116.93633336110985
2023-12-28,JP,117.06725305577932
2023-12-29,JP,117.77129890396336
2024-01-01,JP,120.31936633054072
2024-01-02,JP,121.12001213684134
2024-01-03,JP,121.86656312775959
2024-01-04,JP,123.15967827310476
2024-01-05,JP,124.46314857345624
2024-01-08,JP,123.50838968179931
2024-01-09,JP,125.80297969403327
2024-01-10,JP,124.69582957378911
2024-01-11,JP,126.41542957193627
2024-01-12,JP,126.42537044629663
2024-01-15,JP,127.2562787464761
2024-01-16,JP,125.300325006788
2024-01-17,JP,123.5844429070742
2024-01-18,JP,125.08548610212087
2024-01-19,JP,126.19092931366478
2024-01-22,JP,124.75180760863746
2024-01-23,JP,126.40758696454759
2024-01-24,JP,126.69615253448569
2024-01-25,JP,128.60538211954014
2024-01-26,JP,127.88656562288114
2024-01-29,JP,127.85597358325754
2024-01-30,JP,126.81035426114784
2024-01-31,JP,128.42518987655265
2024-02-01,JP,127.94060772516778
2024-02-02,JP,127.83604892712795
2024-02-05,JP,128.30018575282872
2024-02-06,JP,127.84327132247219
2024-02-07,JP,126.46070751470644
2024-02-08,JP,126.46698706660531
2024-02-09,JP,126.83836362129675
2024-02-12,JP,125.45301266147611
2024-02-13,JP,124.97246862997709
2024-02-14,JP,125.96967653336144
2024-02-15,JP,125.20640767592101
2024-02-16,JP,125.85312512504794
2024-02-19,JP,124.66125769990089
2024-02-20,JP,124.76286624336883
2024-02-21,JP,123.4105410196048
2024-02-22,JP,125.35505177054986
2024-02-23,JP,123.09022267656684
2024-02-26,JP,123.4750148916446
2024-02-27,JP,124.32815354338824
2024-02-28,JP,123.573436787607
2024-02-29,JP,125.49837456663022
2024-03-01,JP,127.41833665820283
2024-03-04,JP,127.74193273093543
2024-03-05,JP,128.48612691231452
2024-03-06,JP,129.80625739892412
2024-03-07,JP,129.16741901022064
2024-03-08,JP,129.09483325587183
2024-03-11,JP,128.2886777632238
2024-03-12,JP,129.02556806150804
2024-03-13,JP,126.94479210314964
2024-03-14,JP,124.8148637120905
2024-03-15,JP,125.4117986798666
2024-03-18,JP,124.0669444545746
2024-03-19,JP,123.86334546834843
2024-03-20,JP,125.62491518845569
2024-03-21,JP,125.02930860646767
2024-03-22,JP,124.77812477238331
2024-03-25,JP,126.82225388022457
2024-03-26,JP,128.3976195190843
2024-03-27,JP,129.89460177144616
2024-03-28,JP,128.47578637764028
2024-03-29,JP,128.31165355877516
2024-04-01,JP,130.20528981261626
2024-04-02,JP,131.88214365298117
2024-04-03,JP,130.875620452218
2024-04-04,JP,130.73152317287457
2024-04-05,JP,129.828293917321
2024-04-08,JP,130.75238683186473
2024-04-09,JP,129.96763909812154
2024-04-10,JP,129.6733153442023
2024-04-11,JP,130.4785481171009
2024-04-12,JP,131.86778358426827
2024-04-15,JP,132.85096906999647
2024-04-16,JP,134.2087876538027
2024-04-17,JP,135.44813564544606
2024-04-18,JP,134.03472583312956
2024-04-19,JP,131.47681958949525
2024-04-22,JP,130.9274357882587
2024-04-23,JP,131.40366200851696
2024-04-24,JP,129.3556821622179
2024-04-25,JP,128.60803067413485
2024-04-26,JP,129.2754280249428
2024-04-29,JP,128.66407505270283
2024-04-30,JP,127.62499474992185
2024-05-01,JP,129.31208311890245
2024-05-02,JP,130.10510655887597
2024-05-03,JP,129.89424923775493
2024-05-06,JP,130.48336981603623
2024-05-07,JP,130.49863506252996
2024-05-08,JP,129.80204463186323
2024-05-09,JP,128.23231954712708
2024-05-10,JP,128.17986945432818
2024-05-13,JP,130.58084089623554
2024-05-14,JP,131.90795225059298
2024-05-15,JP,132.43228205389448
2024-05-16,JP,132.1813723692605
2024-05-17,JP,129.00045364922184
2024-05-20,JP,128.96222460695458
2024-05-21,JP,129.16711061856623
2024-05-22,JP,128.65827782717906
2024-05-23,JP,131.09959661265657
2024-05-24,JP,131.8022743034627
2024-05-27,JP,132.66227883887385
2024-05-28,JP,132.09716051484563
2024-05-29,JP,130.3478757219515
2024-05-30,JP,130.55340565111368
2024-05-31,JP,131.40627604532293
2024-06-03,JP,130.8876863947311
2024-06-04,JP,130.93390629394767
2024-06-05,JP,130.7842579053776
2024-06-06,JP,130.93873230366364
2024-06-07,JP,133.27651354202044
2024-06-10,JP,134.1242323613036
2024-06-11,JP,134.31327115467326
2024-06-12,JP,135.04543343819446
2024-06-13,JP,137.28675117503508
2024-06-14,JP,137.30449176482534
2024-06-17,JP,134.37720603034097
2024-06-18,JP,137.03291916511776
2024-06-19,JP,137.76208451497672
2024-06-20,JP,138.65726387278835
2024-06-21,JP,137.2696139970101
2024-06-24,JP,137.00253744967728
2024-06-25,JP,134.7610253375486
2024-06-26,JP,136.25505896702316
2024-06-27,JP,134.24056643041368
2024-06-28,JP,133.84703288174146
2024-07-01,JP,133.60508605847625
2024-07-02,JP,131.9564836830177
2024-07-03,JP,130.57623588604935
2024-07-04,JP,131.75572733330125
2024-07-05,JP,131.53226464492377
2024-07-08,JP,132.67509676904123
2024-07-09,JP,133.38260388937638
2024-07-10,JP,133.62171801824897
2024-07-11,JP,134.58950576903484
2024-07-12,JP,134.62825201660948
2024-07-15,JP,133.3904622040179
2024-07-16,JP,132.25331130945756
2024-07-17,JP,132.01303666675875
2024-07-18,JP,132.02049255983127
2024-07-19,JP,133.13210100117502
2024-07-22,JP,133.13665929149963
2024-07-23,JP,132.6426349155971
2024-07-24,JP,133.16425340065888
2024-07-25,JP,135.7128493650847
2024-07-26,JP,133.72881522407414
2024-07-29,JP,137.3964716488058
2024-07-30,JP,138.35751777942204
2024-07-31,JP,139.66353466750587
2024-08-01,JP,140.6351130612419
2024-08-02,JP,138.96022174501826
2024-08-05,JP,139.99388438097685
2024-08-06,JP,138.80077249990453
2024-08-07,JP,139.83713241145875
2024-08-08,JP,139.24731694606135
2024-08-09,JP,139.99327011070073
2024-08-12,JP,142.77791550231714
2024-08-13,JP,143.39548038358396
2024-08-14,JP,143.11274971088582
2024-08-15,JP,142.75655599379306
2024-08-16,JP,142.18775121968497
2024-08-19,JP,143.93472359094616
2024-08-20,JP,142.41064983898605
2024-08-21,JP,141.62497626043697
2024-08-22,JP,142.31857837925423
2024-08-23,JP,143.7678764248918
2024-08-26,JP,141.91733311120248
2024-08-27,JP,140.46388475793069
2024-08-28,JP,142.7344406408025
2024-08-29,JP,142.95459792907573
2024-08-30,JP,142.80677587962055
2024-09-02,JP,145.50942648362098
2024-09-03,JP,146.20341548645206
2024-09-04,JP,146.57948877869325
2024-09-05,JP,146.3955080076434
2024-09-06,JP,145.2219670104529
2024-09-09,JP,146.03617714888145
2024-09-10,JP,149.04157351897723
2024-09-11,JP,148.72428123639804
2024-09-12,JP,147.89179447920523
2024-09-13,JP,147.44857412918486
2024-09-16,JP,144.7938868445488
2024-09-17,JP,144.05835089557786
2024-09-18,JP,142.47389842555515
2024-09-19,JP,144.13440918046652
2024-09-20,JP,143.8981051884885
2024-09-23,JP,142.7868305616564
2024-09-24,JP,145.35576471474357
2024-09-25,JP,146.1831081181337
2024-09-26,JP,146.8573062981202
2024-09-27,JP,150.06396098034855
2024-09-30,JP,150.09020465242259
2024-10-01,JP,150.47123019105408
2024-10-02,JP,147.84298588522225
2024-10-03,JP,146.44816435819433
2024-10-04,JP,144.60343494168285
2024-10-07,JP,144.18497353456786
2024-10-08,JP,145.01093177828858
2024-10-09,JP,145.6127348483363
2024-10-10,JP,146.9685140515383
2024-10-11,JP,148.4763255250796
2024-10-14,JP,148.30810710536593
2024-10-15,JP,151.61013253982324
2024-10-16,JP,150.91230388151112
2024-10-17,JP,152.6672724480008
2024-10-18,JP,154.52219820282903
2024-10-21,JP,155.31490389122467
2024-10-22,JP,155.7104573441679
2024-10-23,JP,156.73148851322904
2024-10-24,JP,156.03985571987488
2024-10-25,JP,154.37328207212343
2024-10-28,JP,153.0444492492139
2024-10-29,JP,153.6347979619373
2024-10-30,JP,152.9247637441187
2024-10-31,JP,154.21679395163054
2024-11-01,JP,152.88110815543382
2024-11-04,JP,151.07488196627608
2024-11-05,JP,150.9455288100923
2024-11-06,JP,150.147392120534
2024-11-07,JP,150.75090318955228
2024-11-08,JP,151.2042693335696
2024-11-11,JP,150.67638292699908
2024-11-12,JP,151.22875026270063
2024-11-13,JP,153.1200458124334
2024-11-14,JP,153.44795398371747
2024-11-15,JP,153.05277056611482
2024-11-18,JP,153.40451608114392
2024-11-19,JP,155.7577994296828
2024-11-20,JP,155.66531743740225
2024-11-21,JP,155.57625113848937
2024-11-22,JP,154.597235966423
2024-11-25,JP,155.33128823298244
2024-11-26,JP,153.8512844851375
2024-11-27,JP,153.90654406883087
2024-11-28,JP,152.7235789492274
2024-11-29,JP,152.4812560178632
2024-12-02,JP,150.13896172228363
2024-12-03,JP,149.82680137304118
2024-12-04,JP,150.16696578360003
2024-12-05,JP,150.30643642163756
2024-12-06,JP,152.2449160153939
2024-12-09,JP,151.56679329615127
2024-12-10,JP,153.088454975209
2024-12-11,JP,152.53805438524378
2024-12-12,JP,151.99038041393973
2024-12-13,JP,150.81357518724553
2024-12-16,JP,152.27199004252418
2024-12-17,JP,154.3583002080239
2024-12-18,JP,149.22353699658066
2024-12-19,JP,151.37253612012307
2024-12-20,JP,154.14836573206122
2024-12-23,JP,152.85614636878964
2024-12-24,JP,153.86506056643987
2024-12-25,JP,156.27442057028026
2024-12-26,JP,156.13257617162293
2024-12-27,JP,157.9235266622726
2024-12-30,JP,159.3544241037675
2024-12-31,JP,160.02972148738272
2025-01-01,JP,158.81727383287853
2025-01-02,JP,154.92059678204888
2025-01-03,JP,155.65346348089275
2025-01-06,JP,157.77827059971264
2025-01-07,JP,156.66459425260354
2025-01-08,JP,157.2895046822484
2025-01-09,JP,158.51591203798242
2025-01-10,JP,157.50732157208841
2025-01-13,JP,160.50093546711688
2025-01-14,JP,163.2269791694401
2025-01-15,JP,161.65567680600898
2025-01-16,JP,161.39091678784257
2025-01-17,JP,161.69116356716145
2025-01-20,JP,163.55883382394566
2025-01-21,JP,161.27132230750135
2025-01-22,JP,161.36014021347947
2025-01-23,JP,161.62218440558652
2025-01-24,JP,162.1948427731602
2025-01-27,JP,160.77037999706357
2025-01-28,JP,159.7374690653781
2025-01-29,JP,159.90954898996358
2025-01-30,JP,161.080078223241
2025-01-31,JP,160.31778877325004
2025-02-03,JP,160.4433783674225
2025-02-04,JP,163.59977182267647
2025-02-05,JP,163.7367159131341
2025-02-06,JP,161.78596422239528
2025-02-07,JP,161.9696642338155
2025-02-10,JP,162.2367912412954
2025-02-11,JP,161.2626512982988
2025-02-12,JP,162.86617782217405
2025-02-13,JP,162.694467173451
2025-02-14,JP,164.67572319164643
2025-02-17,JP,166.2449081113748
2025-02-18,JP,166.23539330148736
2025-02-19,JP,166.40797109316316
2025-02-20,JP,168.9889643007011
2025-02-21,JP,168.27139842742812
2025-02-24,JP,167.45576215631462
2025-02-25,JP,166.5943379663521
2025-02-26,JP,166.26513128530684
2025-02-27,JP,165.50941599342158
2025-02-28,JP,164.51693682199198
2025-03-03,JP,165.25543514979313
2025-03-04,JP,163.67926785597834
2025-03-05,JP,163.4858179612634
2025-03-06,JP,163.25884515529648
2025-03-07,JP,165.02700418011474
2025-03-10,JP,166.6685358851665
2025-03-11,JP,167.5951236685992
2025-03-12,JP,166.78267168323393
2025-03-13,JP,166.17003706078032
2025-03-14,JP,168.77763605750144
2025-03-17,JP,170.55878059219026
2025-03-18,JP,170.00645149595292
2025-03-19,JP,169.35936481121402
2025-03-20,JP,167.72740201236365
2025-03-21,JP,168.30672908495274
2025-03-24,JP,165.51201954457667
2025-03-25,JP,165.00610706071498
2025-03-26,JP,164.9638902051703
2025-03-27,JP,162.89275113621736
2025-03-28,JP,160.2058600624382
2025-03-31,JP,156.92598750834568
2025-04-01,JP,155.91490774486724
2025-04-02,JP,159.146663230877
2025-04-03,JP,160.62650314135303
2025-04-04,JP,162.07625637610178
2025-04-07,JP,161.77112015773253
2025-04-08,JP,162.17810458172897
2025-04-09,JP,162.44642177383278
2025-04-10,JP,162.2457533032959
2025-04-11,JP,163.53172386391458
2025-04-14,JP,167.69426308270747
2025-04-15,JP,168.09799826460957
2025-04-16,JP,168.42836346146547
2025-04-17,JP,167.5023438932009
2025-04-18,JP,166.35424715471567
2025-04-21,JP,168.70920808293215
2025-04-22,JP,166.8052179049902
2025-04-23,JP,164.7488606968223
2025-04-24,JP,164.36518146542582
2025-04-25,JP,165.12631352236787
2025-04-28,JP,165.26687331902193
2025-04-29,JP,163.73164829181317
2025-04-30,JP,163.70039885177198
2025-05-01,JP,164.22420438716162
2025-05-02,JP,166.3499436447377
2025-05-05,JP,165.85517511080948
2025-05-06,JP,165.66620933640303
2025-05-07,JP,166.5118669040909
2025-05-08,JP,165.75994292894165
2025-05-09,JP,163.3360176791019
2025-05-12,JP,162.47236375302498
2025-05-13,JP,161.86872077529583
2025-05-14,JP,159.7303079246394
2025-05-15,JP,158.8238410641007
2025-05-16,JP,160.73151655432508
2025-05-19,JP,160.2600503044747
2025-05-20,JP,158.92597634709475
2025-05-21,JP,158.36549021630836
2025-05-22,JP,156.4221993431182
2025-05-23,JP,155.14311165059453
2025-05-26,JP,157.48052891209952
2025-05-27,JP,155.76966606353392
2025-05-28,JP,155.4872280937029
2025-05-29,JP,156.25782631065877
2025-05-30,JP,155.29960086255102
2025-06-02,JP,158.4237994703982
2025-06-03,JP,157.879728412042
2025-06-04,JP,155.92821695508613
2025-06-05,JP,153.47818140513965
2025-06-06,JP,153.83767463769212
2025-06-09,JP,158.21060011309925
2025-06-10,JP,155.97157825573106
2025-06-11,JP,154.75788334937312
2025-06-12,JP,153.7650989271764
2025-06-13,JP,153.03245723516397
2025-06-16,JP,154.8018806484895
2025-06-17,JP,153.55454812988916
2025-06-18,JP,151.7784993911329
2025-06-19,JP,152.2833743872068
2025-06-20,JP,153.85367007918728
2025-06-23,JP,155.91529183267468
2025-06-24,JP,154.4985042934701
2025-06-25,JP,152.24670802008976
2025-06-26,JP,153.61665480982444
2025-06-27,JP,154.44412995313883
2025-06-30,JP,151.66733585620022
2025-07-01,JP,152.0824617077208
2025-07-02,JP,150.87523875320784
2025-07-03,JP,153.0371742212101
2025-07-04,JP,154.51328270720666
2025-07-07,JP,153.40160526066205
2025-07-08,JP,152.6289593749373
2025-07-09,JP,153.96284285032092
2025-07-10,JP,154.29175301613668
2025-07-11,JP,156.24985901907144
2025-07-14,JP,153.72022471626195
2025-07-15,JP,152.52341404111863
2025-07-16,JP,150.51660000050086
2025-07-17,JP,148.8966274088188
2025-07-18,JP,147.3545746061322
2025-07-21,JP,148.17574975904662
2025-07-22,JP,149.4418566704108
2025-07-23,JP,150.11945709086726
2025-07-24,JP,149.81763143898146
2025-07-25,JP,148.60053365329557
2025-07-28,JP,146.75283619903206
2025-07-29,JP,145.67155588417114
2025-07-30,JP,146.41848713205073
2025-07-31,JP,146.9134549058742
2025-08-01,JP,145.24790611912292
2025-08-04,JP,146.12246999348798
2025-08-05,JP,146.22795848086463
2025-08-06,JP,148.23892062683416
2025-08-07,JP,145.6974896931013
2025-08-08,JP,145.10489078629172
2025-08-11,JP,145.76849979346326
2025-08-12,JP,146.96305125819094
2025-08-13,JP,146.47844341120862
2025-08-14,JP,146.87437908318228
2025-08-15,JP,146.92216718476564
2025-08-18,JP,148.38812189986805
2025-08-19,JP,145.4686963895776
2025-08-20,JP,147.19665392079773
2025-08-21,JP,147.3347976385981
2025-08-22,JP,147.52291564322732
2025-08-25,JP,148.14941548142212
2025-08-26,JP,149.99043324222927
2025-08-27,JP,151.79378348823897
2025-08-28,JP,151.8416173790857
2025-08-29,JP,152.84975309428248
2025-09-01,JP,153.4590620710744
2025-09-02,JP,154.28469439208178
2025-09-03,JP,153.74327583621084
2025-09-04,JP,154.52153344496983
2025-09-05,JP,152.46446371444773
2025-09-08,JP,153.8314084562817
2025-09-09,JP,153.22333401068286
2025-09-10,JP,154.40741806713723
2025-09-11,JP,153.19575412660578
2025-09-12,JP,153.88587139130806
2025-09-15,JP,155.18224798009314
2025-09-16,JP,154.64540756199455
2025-09-17,JP,151.36645405365627
2025-09-18,JP,151.356133028934
2025-09-19,JP,151.55120481763257
2022-01-03,EMB,100.49824821817577
2022-01-04,EMB,99.48586340925428
2022-01-05,EMB,99.75223403864631
2022-01-06,EMB,100.85558148151294
2022-01-07,EMB,100.93195103708337
2022-01-10,EMB,100.81997243107321
2022-01-11,EMB,99.93380043150016
2022-01-12,EMB,100.23599974845199
2022-01-13,EMB,100.06037185921758
2022-01-14,EMB,101.06698189491445
2022-01-17,EMB,100.89260534552405
2022-01-18,EMB,101.79570026525957
2022-01-19,EMB,102.6126350897542
2022-01-20,EMB,103.25015924802938
2022-01-21,EMB,103.15572314099954
2022-01-24,EMB,102.47332353217789
2022-01-25,EMB,102.25311793618505
2022-01-26,EMB,101.99957102925896
2022-01-27,EMB,102.5570638689419
2022-01-28,EMB,102.7017966606407
2022-01-31,EMB,101.93947146814226
2022-02-01,EMB,102.61197471244346
2022-02-02,EMB,102.94146079929874
2022-02-03,EMB,101.72567449697634
2022-02-04,EMB,101.90811026204621
2022-02-07,EMB,102.55702443311915
2022-02-08,EMB,101.97989273569748
2022-02-09,EMB,102.36747946147733
2022-02-10,EMB,102.02430113142728
2022-02-11,EMB,101.42406643704727
2022-02-14,EMB,101.46144190530384
2022-02-15,EMB,101.41678009061911
2022-02-16,EMB,102.42510898026534
2022-02-17,EMB,101.98527453152788
2022-02-18,EMB,102.2002464655337
2022-02-21,EMB,103.21446641995689
2022-02-22,EMB,103.88450514315062
2022-02-23,EMB,103.90825224784064
2022-02-24,EMB,103.63334689189057
2022-02-25,EMB,103.27878743708285
2022-02-28,EMB,103.7228194295422
2022-03-01,EMB,104.1947151892249
2022-03-02,EMB,104.00229329756976
2022-03-03,EMB,103.8055029674613
2022-03-04,EMB,103.66824170646862
2022-03-07,EMB,104.35970126372493
2022-03-08,EMB,105.33333604592852
2022-03-09,EMB,105.29071688211107
2022-03-10,EMB,105.58189469361103
2022-03-11,EMB,105.80571642352159
2022-03-14,EMB,105.25865627279403
2022-03-15,EMB,106.9936846562351
2022-03-16,EMB,106.87388015644478
2022-03-17,EMB,107.30459780884675
2022-03-18,EMB,106.84506164006811
2022-03-21,EMB,106.85656893161757
2022-03-22,EMB,107.10206351172945
2022-03-23,EMB,107.18418627431436
2022-03-24,EMB,107.94107739943964
2022-03-25,EMB,108.80586718760044
2022-03-28,EMB,109.40001435448241
2022-03-29,EMB,109.08481394837068
2022-03-30,EMB,108.903175066118
2022-03-31,EMB,108.99709582437363
2022-04-01,EMB,107.0165872852266
2022-04-04,EMB,107.83888855942585
2022-04-05,EMB,106.85028604536515
2022-04-06,EMB,107.55828375208752
2022-04-07,EMB,106.89233904061928
2022-04-08,EMB,106.22875533614071
2022-04-11,EMB,105.32456322395684
2022-04-12,EMB,106.06326147594196
2022-04-13,EMB,106.74016101706103
2022-04-14,EMB,106.3590956910764
2022-04-15,EMB,106.53050313861021
2022-04-18,EMB,107.29990956942099
2022-04-19,EMB,106.93663829316988
2022-04-20,EMB,107.58626244557985
2022-04-21,EMB,107.17164268070492
2022-04-22,EMB,107.7705469443958
2022-04-25,EMB,106.8997949292933
2022-04-26,EMB,107.02649042858224
2022-04-27,EMB,106.69740192173323
2022-04-28,EMB,106.73954264523577
2022-04-29,EMB,107.11725372197189
2022-05-02,EMB,105.85471322987156
2022-05-03,EMB,105.74539186193796
2022-05-04,EMB,106.0287296386454
2022-05-05,EMB,106.02052099843216
2022-05-06,EMB,105.87090855476634
2022-05-09,EMB,105.2716081239371
2022-05-10,EMB,105.28449460622207
2022-05-11,EMB,105.2503766047843
2022-05-12,EMB,105.57583001982233
2022-05-13,EMB,105.95549782343558
2022-05-16,EMB,107.48904557646763
2022-05-17,EMB,108.49500249870981
2022-05-18,EMB,109.05913199972571
2022-05-19,EMB,109.32910626131151
2022-05-20,EMB,109.54682833430336
2022-05-23,EMB,109.01318226526502
2022-05-24,EMB,108.32802905411754
2022-05-25,EMB,108.06854863064392
2022-05-26,EMB,106.57679463448227
2022-05-27,EMB,106.72222838303524
2022-05-30,EMB,106.58752253073523
2022-05-31,EMB,109.20980450474967
2022-06-01,EMB,110.3527895776397
2022-06-02,EMB,111.16421043601162
2022-06-03,EMB,110.79571736863143
2022-06-06,EMB,110.69268361335153
2022-06-07,EMB,110.88647871409245
2022-06-08,EMB,109.88608454803158
2022-06-09,EMB,109.01928055926433
2022-06-10,EMB,109.2542036576931
2022-06-13,EMB,109.89799671350033
2022-06-14,EMB,109.8110287800027
2022-06-15,EMB,109.15087372113499
2022-06-16,EMB,109.01811876860049
2022-06-17,EMB,108.66192490763336
2022-06-20,EMB,108.20104998655479
2022-06-21,EMB,108.25107858702201
2022-06-22,EMB,106.30317039858363
2022-06-23,EMB,105.47058886646548
2022-06-24,EMB,106.14841735442155
2022-06-27,EMB,107.28137210288851
2022-06-28,EMB,107.27603424156698
2022-06-29,EMB,106.65894046171019
2022-06-30,EMB,106.34878537800438
2022-07-01,EMB,107.23664688126848
2022-07-04,EMB,107.05475288180646
2022-07-05,EMB,107.16037657628364
2022-07-06,EMB,107.81027407900272
2022-07-07,EMB,108.11917329640377
2022-07-08,EMB,107.67280607007612
2022-07-11,EMB,107.12292908224757
2022-07-12,EMB,107.24819044557042
2022-07-13,EMB,107.97711982256801
2022-07-14,EMB,108.45834249721243
2022-07-15,EMB,109.03643505896481
2022-07-18,EMB,109.1281098623414
2022-07-19,EMB,109.4474405078305
2022-07-20,EMB,109.13931800673357
2022-07-21,EMB,109.14375545031993
2022-07-22,EMB,108.77482805196925
2022-07-25,EMB,109.0994373972441
2022-07-26,EMB,109.42090414420332
2022-07-27,EMB,109.41282495824207
2022-07-28,EMB,109.16729991805731
2022-07-29,EMB,109.62176934534642
2022-08-01,EMB,108.83973029969178
2022-08-02,EMB,109.31771036050894
2022-08-03,EMB,109.00152987191689
2022-08-04,EMB,109.28977330314011
2022-08-05,EMB,110.6716094225388
2022-08-08,EMB,111.11302288709265
2022-08-09,EMB,111.46170597170217
2022-08-10,EMB,111.46820219424174
2022-08-11,EMB,112.02170437278951
2022-08-12,EMB,112.08801592554434
2022-08-15,EMB,112.16266149454941
2022-08-16,EMB,112.56914317569336
2022-08-17,EMB,113.48456374694334
2022-08-18,EMB,114.09590668918179
2022-08-19,EMB,114.66099400130616
2022-08-22,EMB,115.37236147470009
2022-08-23,EMB,115.85313751743304
2022-08-24,EMB,115.36566078623372
2022-08-25,EMB,115.85816578356204
2022-08-26,EMB,114.45174533252793
2022-08-29,EMB,115.3380242690479
2022-08-30,EMB,114.98421062990201
2022-08-31,EMB,114.49916267537378
2022-09-01,EMB,114.26066884243795
2022-09-02,EMB,113.5402159972362
2022-09-05,EMB,112.92055104433976
2022-09-06,EMB,113.3299660340865
2022-09-07,EMB,112.48678006401656
2022-09-08,EMB,111.06160812469912
2022-09-09,EMB,110.67848553452757
2022-09-12,EMB,111.00150921423068
2022-09-13,EMB,112.20832497012158
2022-09-14,EMB,112.2393311254612
2022-09-15,EMB,112.14234220139629
2022-09-16,EMB,112.0451509652773
2022-09-19,EMB,111.93622302514102
2022-09-20,EMB,112.46588540379953
2022-09-21,EMB,111.57900605928712
2022-09-22,EMB,111.84386822579948
2022-09-23,EMB,110.61435863608004
2022-09-26,EMB,110.70656659851174
2022-09-27,EMB,110.28644322952465
2022-09-28,EMB,111.5766398980392
2022-09-29,EMB,111.32100292644634
2022-09-30,EMB,110.70281458206104
2022-10-03,EMB,112.11083703299619
2022-10-04,EMB,112.19216746114505
2022-10-05,EMB,113.07427847548912
2022-10-06,EMB,112.34576573718522
2022-10-07,EMB,112.01112921516905
2022-10-10,EMB,110.38241715376095
2022-10-11,EMB,111.1508935562854
2022-10-12,EMB,111.51740765024066
2022-10-13,EMB,110.91707819430063
2022-10-14,EMB,110.38254587096591
2022-10-17,EMB,110.22910072411693
2022-10-18,EMB,109.7317020757981
2022-10-19,EMB,109.37972289848341
2022-10-20,EMB,109.96754698487253
2022-10-21,EMB,110.08182499911466
2022-10-24,EMB,109.57131704666348
2022-10-25,EMB,109.07015662389092
2022-10-26,EMB,108.90649436306606
2022-10-27,EMB,109.28096656048609
2022-10-28,EMB,109.08142742470561
2022-10-31,EMB,108.18264531328059
2022-11-01,EMB,109.09702118847895
2022-11-02,EMB,109.26451754722426
2022-11-03,EMB,107.71780314938265
2022-11-04,EMB,107.02396549491439
2022-11-07,EMB,107.17216409226187
2022-11-08,EMB,106.40089738069449
2022-11-09,EMB,104.7337957454547
2022-11-10,EMB,105.38681253152045
2022-11-11,EMB,105.55812988604738
2022-11-14,EMB,106.46510182542457
2022-11-15,EMB,107.13750839747263
2022-11-16,EMB,108.12119588081227
2022-11-17,EMB,107.85953956127688
2022-11-18,EMB,107.92419700374066
2022-11-21,EMB,107.01916645055078
2022-11-22,EMB,107.02944868114916
2022-11-23,EMB,108.07555951995418
2022-11-24,EMB,106.92687844496034
2022-11-25,EMB,107.93941278708044
2022-11-28,EMB,106.86402290746004
2022-11-29,EMB,106.45804610365931
2022-11-30,EMB,106.65330883281496
2022-12-01,EMB,106.04025310470713
2022-12-02,EMB,105.6694001759308
2022-12-05,EMB,105.42785867515751
2022-12-06,EMB,106.22750168500114
2022-12-07,EMB,106.2870066813844
2022-12-08,EMB,105.14940974366893
2022-12-09,EMB,104.16714938515565
2022-12-12,EMB,102.73074976165728
2022-12-13,EMB,102.56498470483844
2022-12-14,EMB,102.45425035725427
2022-12-15,EMB,102.68390655300452
2022-12-16,EMB,103.33230406689991
2022-12-19,EMB,103.37615396921562
2022-12-20,EMB,104.53255656740423
2022-12-21,EMB,103.76440902375161
2022-12-22,EMB,102.70177383225345
2022-12-23,EMB,103.09476054213766
2022-12-26,EMB,102.50636955487893
2022-12-27,EMB,102.77899945562648
2022-12-28,EMB,103.77066594791391
2022-12-29,EMB,103.40169750839394
2022-12-30,EMB,103.2977411442032
2023-01-02,EMB,103.0347367390938
2023-01-03,EMB,102.3191046394199
2023-01-04,EMB,102.32560347433588
2023-01-05,EMB,103.2641057988054
2023-01-06,EMB,102.80195902021569
2023-01-09,EMB,102.13019076651764
2023-01-10,EMB,102.00732613792734
2023-01-11,EMB,103.7931572584829
2023-01-12,EMB,103.90015167656782
2023-01-13,EMB,104.632971397635
2023-01-16,EMB,104.48699801383567
2023-01-17,EMB,104.86809574657
2023-01-18,EMB,104.6221824292972
2023-01-19,EMB,104.22831745624003
2023-01-20,EMB,104.99618297441376
2023-01-23,EMB,105.15098401483623
2023-01-24,EMB,104.33498102686809
2023-01-25,EMB,104.38613864359942
2023-01-26,EMB,104.93115629223114
2023-01-27,EMB,104.39607220470653
2023-01-30,EMB,104.56436356722527
2023-01-31,EMB,104.34579125132093
2023-02-01,EMB,104.45908932914465
2023-02-02,EMB,104.64845648251982
2023-02-03,EMB,106.32745713634178
2023-02-06,EMB,105.48357141977307
2023-02-07,EMB,104.95210771227805
2023-02-08,EMB,103.40571258879334
2023-02-09,EMB,103.20264358538105
2023-02-10,EMB,102.73924960838401
2023-02-13,EMB,101.74315976075991
2023-02-14,EMB,101.5533898329128
2023-02-15,EMB,101.6628506192874
2023-02-16,EMB,102.86764701389923
2023-02-17,EMB,103.04001863620975
2023-02-20,EMB,102.79741385367518
2023-02-21,EMB,101.3258347909547
2023-02-22,EMB,100.69502661297136
2023-02-23,EMB,100.6022647039228
2023-02-24,EMB,100.37701067422856
2023-02-27,EMB,100.41989591917992
2023-02-28,EMB,99.46131379297354
2023-03-01,EMB,99.16283468277443
2023-03-02,EMB,99.28479616059226
2023-03-03,EMB,98.56911720472543
2023-03-06,EMB,97.7014668212041
2023-03-07,EMB,97.0986511165856
2023-03-08,EMB,97.9759402697904
2023-03-09,EMB,97.06625219512549
2023-03-10,EMB,98.09149417625186
2023-03-13,EMB,97.80956761544073
2023-03-14,EMB,97.0249832257773
2023-03-15,EMB,97.83732529307778
2023-03-16,EMB,98.92470826854306
2023-03-17,EMB,99.8020055136105
2023-03-20,EMB,100.76818809152977
2023-03-21,EMB,100.71043790647897
2023-03-22,EMB,100.37633304093548
2023-03-23,EMB,100.57985343308513
2023-03-24,EMB,100.07246290671871
2023-03-27,EMB,99.16968214104513
2023-03-28,EMB,97.99202916615674
2023-03-29,EMB,98.29365294881532
2023-03-30,EMB,98.82348827636666
2023-03-31,EMB,99.17853607349355
2023-04-03,EMB,99.53478135856247
2023-04-04,EMB,99.15642152995335
2023-04-05,EMB,99.01833054557405
2023-04-06,EMB,98.95237482132508
2023-04-07,EMB,99.70103757498627
2023-04-10,EMB,100.50907050849356
2023-04-11,EMB,101.0805624865653
2023-04-12,EMB,101.62326754387001
2023-04-13,EMB,101.92142518344521
2023-04-14,EMB,101.78689999878567
2023-04-17,EMB,101.79015001325095
2023-04-18,EMB,101.63552842619659
2023-04-19,EMB,102.00911882668863
2023-04-20,EMB,101.52508613435138
2023-04-21,EMB,101.82677831401166
2023-04-24,EMB,102.04990365141676
2023-04-25,EMB,102.2931966989379
2023-04-26,EMB,101.71513988516323
2023-04-27,EMB,101.84880360855364
2023-04-28,EMB,100.97096118505058
2023-05-01,EMB,101.26726690278691
2023-05-02,EMB,101.45585995797002
2023-05-03,EMB,101.06765771882978
2023-05-04,EMB,99.82652109792163
2023-05-05,EMB,99.91330789689573
2023-05-08,EMB,99.19804307066612
2023-05-09,EMB,99.21530921472316
2023-05-10,EMB,99.35473354033954
2023-05-11,EMB,98.82024080161445
2023-05-12,EMB,99.74345104385385
2023-05-15,EMB,99.71513634474132
2023-05-16,EMB,99.37688385831655
2023-05-17,EMB,98.85329279872977
2023-05-18,EMB,99.03075119494432
2023-05-19,EMB,98.03352194570216
2023-05-22,EMB,98.30149938395957
2023-05-23,EMB,98.56210009984854
2023-05-24,EMB,97.96773026179024
2023-05-25,EMB,98.011433448634
2023-05-26,EMB,97.24113553070215
2023-05-29,EMB,96.237341107626
2023-05-30,EMB,95.20177486969368
2023-05-31,EMB,95.4882801236897
2023-06-01,EMB,95.37260535220327
2023-06-02,EMB,95.0768580624127
2023-06-05,EMB,94.93616669056472
2023-06-06,EMB,95.13011010586754
2023-06-07,EMB,93.87794275443989
2023-06-08,EMB,94.11188929150069
2023-06-09,EMB,94.20127824839774
2023-06-12,EMB,94.34476877077071
2023-06-13,EMB,95.09900435293062
2023-06-14,EMB,95.82491299697048
2023-06-15,EMB,96.26688916159225
2023-06-16,EMB,96.00504737667788
2023-06-19,EMB,96.23368985546058
2023-06-20,EMB,95.72010543261241
2023-06-21,EMB,96.20658395413298
2023-06-22,EMB,95.69929293215952
2023-06-23,EMB,96.19197513783203
2023-06-26,EMB,96.60499905368094
2023-06-27,EMB,96.22506889659209
2023-06-28,EMB,97.20390495535803
2023-06-29,EMB,95.9457663262741
2023-06-30,EMB,96.27916468496028
2023-07-03,EMB,95.47631424678701
2023-07-04,EMB,96.14483592935265
2023-07-05,EMB,96.79885338386134
2023-07-06,EMB,96.7519912707672
2023-07-07,EMB,96.72226980301859
2023-07-10,EMB,96.65749466756895
2023-07-11,EMB,97.2036683424006
2023-07-12,EMB,96.32912455115931
2023-07-13,EMB,96.14363840535877
2023-07-14,EMB,96.27737902692736
2023-07-17,EMB,95.24314642268617
2023-07-18,EMB,94.54746039056752
2023-07-19,EMB,95.23777222162482
2023-07-20,EMB,96.00706130994385
2023-07-21,EMB,96.61335786512443
2023-07-24,EMB,96.1182299601581
2023-07-25,EMB,96.71065057294223
2023-07-26,EMB,96.26540016959137
2023-07-27,EMB,96.25067628057094
2023-07-28,EMB,95.93855888182576
2023-07-31,EMB,95.69227886838515
2023-08-01,EMB,96.11839197671944
2023-08-02,EMB,95.67061185601897
2023-08-03,EMB,95.32050816857182
2023-08-04,EMB,95.54828939617974
2023-08-07,EMB,95.38353986614247
2023-08-08,EMB,95.32383601352954
2023-08-09,EMB,95.37620962372075
2023-08-10,EMB,95.45843603558046
2023-08-11,EMB,94.792758959695
2023-08-14,EMB,95.03259806096926
2023-08-15,EMB,93.93247322405406
2023-08-16,EMB,93.74110995341167
2023-08-17,EMB,93.8777511329637
2023-08-18,EMB,93.3637787481916
2023-08-21,EMB,94.44836607346102
2023-08-22,EMB,94.15708999670908
2023-08-23,EMB,94.18657892412745
2023-08-24,EMB,94.54843367341192
2023-08-25,EMB,93.95890847539833
2023-08-28,EMB,93.02346695254911
2023-08-29,EMB,93.47075762637283
2023-08-30,EMB,94.13368597490071
2023-08-31,EMB,94.9504561019315
2023-09-01,EMB,95.818517198832
2023-09-04,EMB,96.51784996341998
2023-09-05,EMB,96.92578045367668
2023-09-06,EMB,97.12745646684763
2023-09-07,EMB,96.66061141961586
2023-09-08,EMB,97.2160123216941
2023-09-11,EMB,96.41953246247783
2023-09-12,EMB,97.53991892730892
2023-09-13,EMB,97.15114205439994
2023-09-14,EMB,98.14252836984322
2023-09-15,EMB,97.92947853956875
2023-09-18,EMB,98.50269227588973
2023-09-19,EMB,97.93346145484071
2023-09-20,EMB,97.74021824317171
2023-09-21,EMB,97.68315689285255
2023-09-22,EMB,97.54401813070818
2023-09-25,EMB,98.67031883757524
2023-09-26,EMB,99.07063161973478
2023-09-27,EMB,99.47169261231615
2023-09-28,EMB,99.87502839172532
2023-09-29,EMB,99.70219858082514
2023-10-02,EMB,99.80997082434145
2023-10-03,EMB,98.81424254678241
2023-10-04,EMB,98.86006174035458
2023-10-05,EMB,98.91265111626203
2023-10-06,EMB,98.5272361504489
2023-10-09,EMB,98.21498433904056
2023-10-10,EMB,98.77518339659807
2023-10-11,EMB,97.82915789280858
2023-10-12,EMB,97.18793136478001
2023-10-13,EMB,95.92855708841275
2023-10-16,EMB,96.15623179639032
2023-10-17,EMB,95.67070013231606
2023-10-18,EMB,95.96399602996819
2023-10-19,EMB,96.09441538021348
2023-10-20,EMB,96.60416086388108
2023-10-23,EMB,96.76293867066678
2023-10-24,EMB,97.12599132124849
2023-10-25,EMB,98.28819326495825
2023-10-26,EMB,98.97026222427547
2023-10-27,EMB,99.17542089959163
2023-10-30,EMB,100.10668067815377
2023-10-31,EMB,101.53257832229075
2023-11-01,EMB,102.02926427456222
2023-11-02,EMB,101.71078821834645
2023-11-03,EMB,101.61633510878849
2023-11-06,EMB,102.50529294464923
2023-11-07,EMB,102.03889004649578
2023-11-08,EMB,100.99485165152775
2023-11-09,EMB,99.99455266388345
2023-11-10,EMB,99.98328437907182
2023-11-13,EMB,100.2811943284964
2023-11-14,EMB,100.30966994006305
2023-11-15,EMB,100.15888728586808
2023-11-16,EMB,99.26257533557289
2023-11-17,EMB,98.5046886854795
2023-11-20,EMB,98.01527078778045
2023-11-21,EMB,98.27489438716289
2023-11-22,EMB,98.63810432100549
2023-11-23,EMB,97.30216232443371
2023-11-24,EMB,97.55622665554988
2023-11-27,EMB,97.14213607339303
2023-11-28,EMB,96.79055045109457
2023-11-29,EMB,96.91643099691532
2023-11-30,EMB,97.16573319118964
2023-12-01,EMB,97.94817934923668
2023-12-04,EMB,97.9762481833855
2023-12-05,EMB,98.52698730609522
2023-12-06,EMB,99.19454166321013
2023-12-07,EMB,98.49655843982329
2023-12-08,EMB,98.56436043927911
2023-12-11,EMB,97.83045085886367
2023-12-12,EMB,97.92983182367595
2023-12-13,EMB,99.17967284733821
2023-12-14,EMB,98.97310017115495
2023-12-15,EMB,98.95687220481882
2023-12-18,EMB,97.90771743156054
2023-12-19,EMB,97.75079035837034
2023-12-20,EMB,97.66391758066842
2023-12-21,EMB,98.87296918216416
2023-12-22,EMB,98.7780293065509
2023-12-25,EMB,98.79865382060014
2023-12-26,EMB,99.0574285386815
2023-12-27,EMB,98.42171270562716
2023-12-28,EMB,98.87604304832405
2023-12-29,EMB,99.0239934808393
2024-01-01,EMB,100.08043062160917
2024-01-02,EMB,100.44449930095509
2024-01-03,EMB,101.14861168873341
2024-01-04,EMB,101.27951534664965
2024-01-05,EMB,100.83983048949597
2024-01-08,EMB,101.3977451518594
2024-01-09,EMB,101.28840319237963
2024-01-10,EMB,101.36135406100321
2024-01-11,EMB,100.98530968330013
2024-01-12,EMB,100.36058298645867
2024-01-15,EMB,100.0047707118469
2024-01-16,EMB,99.7979791919656
2024-01-17,EMB,99.40034386550145
2024-01-18,EMB,99.08218978174091
2024-01-19,EMB,98.65732410672369
2024-01-22,EMB,98.74322069923267
2024-01-23,EMB,99.8974254701674
2024-01-24,EMB,100.65248905703615
2024-01-25,EMB,101.11125302214634
2024-01-26,EMB,101.3020311136985
2024-01-29,EMB,101.80954157740452
2024-01-30,EMB,102.42933606183729
2024-01-31,EMB,103.29205737358633
2024-02-01,EMB,103.06430476331812
2024-02-02,EMB,102.11893350169206
2024-02-05,EMB,102.26199210023499
2024-02-06,EMB,102.11114063225794
2024-02-07,EMB,102.86267964430829
2024-02-08,EMB,102.58210834753608
2024-02-09,EMB,102.27856232682953
2024-02-12,EMB,102.08711227209533
2024-02-13,EMB,101.12822848522116
2024-02-14,EMB,101.46129477775084
2024-02-15,EMB,101.19145495816217
2024-02-16,EMB,101.95960791263595
2024-02-19,EMB,102.18661283039616
2024-02-20,EMB,103.12322233871292
2024-02-21,EMB,102.82864522290265
2024-02-22,EMB,103.23665089637417
2024-02-23,EMB,103.74813196008263
2024-02-26,EMB,104.17419154981289
2024-02-27,EMB,104.59816603321674
2024-02-28,EMB,105.19720009277735
2024-02-29,EMB,104.98873087411873
2024-03-01,EMB,105.36933580936171
2024-03-04,EMB,104.88042392658745
2024-03-05,EMB,105.06835964419881
2024-03-06,EMB,104.08630103607204
2024-03-07,EMB,105.08827573735732
2024-03-08,EMB,105.29772225833605
2024-03-11,EMB,105.93214123412022
2024-03-12,EMB,106.4127274900831
2024-03-13,EMB,106.41139285398302
2024-03-14,EMB,106.10743362227346
2024-03-15,EMB,105.49202121109182
2024-03-18,EMB,104.69269843461026
2024-03-19,EMB,105.30691163149768
2024-03-20,EMB,105.90973093478271
2024-03-21,EMB,105.15691224210985
2024-03-22,EMB,104.06349585148843
2024-03-25,EMB,103.56977137552246
2024-03-26,EMB,103.58890327169199
2024-03-27,EMB,102.84038389361929
2024-03-28,EMB,102.82716482782665
2024-03-29,EMB,102.43828118119598
2024-04-01,EMB,101.48990077233691
2024-04-02,EMB,101.25528478748735
2024-04-03,EMB,100.41905437106833
2024-04-04,EMB,100.26938244186393
2024-04-05,EMB,100.02420066256023
2024-04-08,EMB,99.61130235484468
2024-04-09,EMB,99.22089698679409
2024-04-10,EMB,99.01762215790028
2024-04-11,EMB,99.0396195134315
2024-04-12,EMB,99.26942008211623
2024-04-15,EMB,99.48599802643045
2024-04-16,EMB,99.68446572048647
2024-04-17,EMB,100.21766312721023
2024-04-18,EMB,100.12977465854954
2024-04-19,EMB,100.04924504778971
2024-04-22,EMB,99.74188646652536
2024-04-23,EMB,98.8613932870237
2024-04-24,EMB,99.06815630935978
2024-04-25,EMB,98.81940357802848
2024-04-26,EMB,99.2759922049237
2024-04-29,EMB,98.61393414198702
2024-04-30,EMB,97.7377802390775
2024-05-01,EMB,96.77794751302434
2024-05-02,EMB,96.50692398782682
2024-05-03,EMB,97.30358725480448
2024-05-06,EMB,98.02966472549815
2024-05-07,EMB,98.77843883045189
2024-05-08,EMB,98.95232928972155
2024-05-09,EMB,98.48303186236971
2024-05-10,EMB,98.33953201587859
2024-05-13,EMB,98.62230485447098
2024-05-14,EMB,98.12508829187043
2024-05-15,EMB,97.89610778823605
2024-05-16,EMB,97.0822480099466
2024-05-17,EMB,96.9638095773249
2024-05-20,EMB,97.12251284114242
2024-05-21,EMB,97.66988967023097
2024-05-22,EMB,98.33893593942896
2024-05-23,EMB,99.01802861378005
2024-05-24,EMB,100.09795885777343
2024-05-27,EMB,100.35892983602001
2024-05-28,EMB,100.00797512343647
2024-05-29,EMB,99.87182800419922
2024-05-30,EMB,99.34655567244364
2024-05-31,EMB,98.69884706542692
2024-06-03,EMB,98.01862327636908
2024-06-04,EMB,98.11717507820036
2024-06-05,EMB,98.45743647008246
2024-06-06,EMB,99.05509008877777
2024-06-07,EMB,99.84252957173305
2024-06-10,EMB,98.46793417051481
2024-06-11,EMB,97.6724144019967
2024-06-12,EMB,97.5206185219538
2024-06-13,EMB,97.7190398318455
2024-06-14,EMB,97.63362028512591
2024-06-17,EMB,97.24953355983533
2024-06-18,EMB,96.9129386046466
2024-06-19,EMB,97.03326120344293
2024-06-20,EMB,97.10548452804699
2024-06-21,EMB,96.22097694101876
2024-06-24,EMB,95.69803257679101
2024-06-25,EMB,95.75732524314299
2024-06-26,EMB,94.16354450539517
2024-06-27,EMB,94.55287466479265
2024-06-28,EMB,94.29028034360866
2024-07-01,EMB,94.05352906242626
2024-07-02,EMB,94.8219239454913
2024-07-03,EMB,93.86874393052567
2024-07-04,EMB,93.94966710579547
2024-07-05,EMB,94.09515681362754
2024-07-08,EMB,94.57753996503395
2024-07-09,EMB,94.9260539277712
2024-07-10,EMB,94.43939764279169
2024-07-11,EMB,94.9661444077359
2024-07-12,EMB,94.5261206692052
2024-07-15,EMB,94.79969301866244
2024-07-16,EMB,94.63412642003637
2024-07-17,EMB,94.58951464956597
2024-07-18,EMB,94.89240730448718
2024-07-19,EMB,94.44915653196776
2024-07-22,EMB,94.23806463393247
2024-07-23,EMB,94.79152843157249
2024-07-24,EMB,94.89030216163364
2024-07-25,EMB,95.47700303234504
2024-07-26,EMB,94.76335804420147
2024-07-29,EMB,95.98579201121075
2024-07-30,EMB,96.08684649617021
2024-07-31,EMB,95.81578738062863
2024-08-01,EMB,95.07715670381086
2024-08-02,EMB,95.01707202792448
2024-08-05,EMB,94.83573579280822
2024-08-06,EMB,94.80684724292892
2024-08-07,EMB,95.03448842798583
2024-08-08,EMB,95.81129868319852
2024-08-09,EMB,96.76654654257429
2024-08-12,EMB,96.84483432994372
2024-08-13,EMB,96.43141045023201
2024-08-14,EMB,96.85887467746616
2024-08-15,EMB,96.94555757546664
2024-08-16,EMB,95.83718177400125
2024-08-19,EMB,95.30512813640127
2024-08-20,EMB,94.91099034302692
2024-08-21,EMB,94.45702393988084
2024-08-22,EMB,94.34077264241724
2024-08-23,EMB,93.57228599689849
2024-08-26,EMB,93.67469669639964
2024-08-27,EMB,93.93026841461814
2024-08-28,EMB,94.56436592018494
2024-08-29,EMB,94.41238149547601
2024-08-30,EMB,94.20031704094076
2024-09-02,EMB,94.18343164253355
2024-09-03,EMB,94.150977793886
2024-09-04,EMB,94.74824763850307
2024-09-05,EMB,95.50113520102062
2024-09-06,EMB,95.55697808325482
2024-09-09,EMB,96.30843267235342
2024-09-10,EMB,96.1533114121818
2024-09-11,EMB,95.88449262874586
2024-09-12,EMB,94.83277162157887
2024-09-13,EMB,95.54221459818169
2024-09-16,EMB,96.24954287157672
2024-09-17,EMB,96.5401309922637
2024-09-18,EMB,96.71545081224062
2024-09-19,EMB,97.4683154978063
2024-09-20,EMB,97.33684860894338
2024-09-23,EMB,97.83143164320876
2024-09-24,EMB,98.05921011159452
2024-09-25,EMB,98.55950483327305
2024-09-26,EMB,98.96097224089104
2024-09-27,EMB,99.49827247709644
2024-09-30,EMB,99.77053106597404
2024-10-01,EMB,99.56670053789065
2024-10-02,EMB,99.36097813737797
2024-10-03,EMB,100.10094632229819
2024-10-04,EMB,99.55693131083831
2024-10-07,EMB,99.0505174842906
2024-10-08,EMB,99.10785783795481
2024-10-09,EMB,98.8123050605353
2024-10-10,EMB,97.81204231800098
2024-10-11,EMB,97.62747878677388
2024-10-14,EMB,98.38899985699624
2024-10-15,EMB,99.22960206325251
2024-10-16,EMB,99.40885800582588
2024-10-17,EMB,100.23855621705297
2024-10-18,EMB,101.43467547632514
2024-10-21,EMB,101.9134740784691
2024-10-22,EMB,101.86774012109619
2024-10-23,EMB,102.38169237036901
2024-10-24,EMB,103.34446550032305
2024-10-25,EMB,103.56710944809355
2024-10-28,EMB,103.20086310720636
2024-10-29,EMB,102.30531482130422
2024-10-30,EMB,102.33016539619253
2024-10-31,EMB,101.87983944249328
2024-11-01,EMB,101.36887527215966
2024-11-04,EMB,100.72252063963415
2024-11-05,EMB,100.70665542626924
2024-11-06,EMB,100.25871420216778
2024-11-07,EMB,99.27627587039166
2024-11-08,EMB,98.7937368132162
2024-11-11,EMB,97.99122259570096
2024-11-12,EMB,99.1598659051237
2024-11-13,EMB,99.31672069089352
2024-11-14,EMB,98.40210187761316
2024-11-15,EMB,98.66201011962494
2024-11-18,EMB,97.88177173347464
2024-11-19,EMB,97.80498573681858
2024-11-20,EMB,97.92968718759181
2024-11-21,EMB,97.10759117893059
2024-11-22,EMB,96.89112713396389
2024-11-25,EMB,95.07902303154442
2024-11-26,EMB,94.9749037880683
2024-11-27,EMB,94.90526461547545
2024-11-28,EMB,94.39487926503766
2024-11-29,EMB,94.46748902585253
2024-12-02,EMB,94.81702438706822
2024-12-03,EMB,94.59273162591701
2024-12-04,EMB,95.64986589865224
2024-12-05,EMB,95.9337535894146
2024-12-06,EMB,95.23182673899852
2024-12-09,EMB,95.30577471162249
2024-12-10,EMB,95.01460684416793
2024-12-11,EMB,95.55684472131759
2024-12-12,EMB,94.54234463887799
2024-12-13,EMB,94.67489888718681
2024-12-16,EMB,95.0712307900437
2024-12-17,EMB,94.32577392521188
2024-12-18,EMB,94.12594348926672
2024-12-19,EMB,93.82282214440657
2024-12-20,EMB,93.80513317307286
2024-12-23,EMB,93.46659349601208
2024-12-24,EMB,94.06032643087455
2024-12-25,EMB,94.37081383681058
2024-12-26,EMB,96.15115264962154
2024-12-27,EMB,95.25448337953239
2024-12-30,EMB,94.69168199846789
2024-12-31,EMB,93.7178662149198
2025-01-01,EMB,94.43393017600854
2025-01-02,EMB,94.01246614125137
2025-01-03,EMB,95.37471610758736
2025-01-06,EMB,93.45781886468491
2025-01-07,EMB,93.44994724499111
2025-01-08,EMB,93.74460635176037
2025-01-09,EMB,94.47813230461928
2025-01-10,EMB,94.08774769390668
2025-01-13,EMB,93.80587519920438
2025-01-14,EMB,92.73145971385529
2025-01-15,EMB,92.66102503553772
2025-01-16,EMB,92.76705510861845
2025-01-17,EMB,92.95743480341454
2025-01-20,EMB,92.43184707126801
2025-01-21,EMB,93.50089972583402
2025-01-22,EMB,93.39345067202697
2025-01-23,EMB,92.76040935014636
2025-01-24,EMB,92.81930643078499
2025-01-27,EMB,92.79107940008407
2025-01-28,EMB,94.18632778817964
2025-01-29,EMB,93.85425291096975
2025-01-30,EMB,94.11008716797232
2025-01-31,EMB,94.05592440597748
2025-02-03,EMB,93.28238026411788
2025-02-04,EMB,94.247490277123
2025-02-05,EMB,94.240715617063
2025-02-06,EMB,94.36348516673543
2025-02-07,EMB,93.67237060570267
2025-02-10,EMB,94.26648454958007
2025-02-11,EMB,93.47990870556961
2025-02-12,EMB,91.91696841268909
2025-02-13,EMB,91.65143351747419
2025-02-14,EMB,91.73590197232815
2025-02-17,EMB,91.69793806864672
2025-02-18,EMB,90.83516423646165
2025-02-19,EMB,90.96048847747552
2025-02-20,EMB,90.6684147886546
2025-02-21,EMB,90.74298424058695
2025-02-24,EMB,90.91146340774243
2025-02-25,EMB,91.06254359010778
2025-02-26,EMB,91.87113456962355
2025-02-27,EMB,90.82876689229838
2025-02-28,EMB,91.33404464035144
2025-03-03,EMB,90.48456225482875
2025-03-04,EMB,91.80846431048712
2025-03-05,EMB,92.38826649622129
2025-03-06,EMB,91.85741626762271
2025-03-07,EMB,93.37747178242634
2025-03-10,EMB,93.86624410542058
2025-03-11,EMB,92.95911226693869
2025-03-12,EMB,93.70987305828514
2025-03-13,EMB,93.25963210626502
2025-03-14,EMB,93.19847761680376
2025-03-17,EMB,92.93044118965949
2025-03-18,EMB,92.97207274334646
2025-03-19,EMB,92.48258214704416
2025-03-20,EMB,92.92793629654373
2025-03-21,EMB,92.58354082919992
2025-03-24,EMB,92.53752029424524
2025-03-25,EMB,91.68430957384817
2025-03-26,EMB,91.24275965926263
2025-03-27,EMB,92.00490194898498
2025-03-28,EMB,91.22220809013697
2025-03-31,EMB,91.97738475638204
2025-04-01,EMB,92.2542809976282
2025-04-02,EMB,92.00858854029309
2025-04-03,EMB,92.17980783090131
2025-04-04,EMB,93.63843767712797
2025-04-07,EMB,94.38491164820437
2025-04-08,EMB,93.17152675145607
2025-04-09,EMB,94.41752154875459
2025-04-10,EMB,94.69368805606197
2025-04-11,EMB,94.1672528202939
2025-04-14,EMB,93.69850936287587
2025-04-15,EMB,93.52931446462773
2025-04-16,EMB,92.87662804805396
2025-04-17,EMB,92.04742121248643
2025-04-18,EMB,92.65535047923315
2025-04-21,EMB,91.81877237804831
2025-04-22,EMB,91.79203697577198
2025-04-23,EMB,92.3857657293556
2025-04-24,EMB,92.75871995291205
2025-04-25,EMB,93.2043698864208
2025-04-28,EMB,93.01068384780672
2025-04-29,EMB,92.84033497999373
2025-04-30,EMB,92.06374700060232
2025-05-01,EMB,91.87845606519741
2025-05-02,EMB,92.31536942060211
2025-05-05,EMB,93.01523792911921
2025-05-06,EMB,92.95135443089822
2025-05-07,EMB,93.71869189297006
2025-05-08,EMB,93.99181926928965
2025-05-09,EMB,93.54264591240404
2025-05-12,EMB,93.16653185873498
2025-05-13,EMB,93.1820895364312
2025-05-14,EMB,93.8373535507415
2025-05-15,EMB,93.9850205044185
2025-05-16,EMB,94.57894513264165
2025-05-19,EMB,94.65732707347782
2025-05-20,EMB,94.98080010900442
2025-05-21,EMB,95.5132877826495
2025-05-22,EMB,95.64978887449894
2025-05-23,EMB,94.9737868959734
2025-05-26,EMB,95.2812560191127
2025-05-27,EMB,96.17312634520002
2025-05-28,EMB,96.06023245655543
2025-05-29,EMB,95.91050307790235
2025-05-30,EMB,95.27465951412431
2025-06-02,EMB,94.9677592279526
2025-06-03,EMB,95.3739297406553
2025-06-04,EMB,96.34341876468372
2025-06-05,EMB,96.46027899451116
2025-06-06,EMB,96.79514369471308
2025-06-09,EMB,97.25136049748471
2025-06-10,EMB,97.43175661214828
2025-06-11,EMB,97.43795892061657
2025-06-12,EMB,97.74432303669981
2025-06-13,EMB,96.7040931311195
2025-06-16,EMB,96.79736422987153
2025-06-17,EMB,96.79713948730365
2025-06-18,EMB,96.79830816708484
2025-06-19,EMB,96.51675467206665
2025-06-20,EMB,96.18741065157761
2025-06-23,EMB,96.70024715425203
2025-06-24,EMB,98.52957691154472
2025-06-25,EMB,98.3520075525635
2025-06-26,EMB,98.00149236588092
2025-06-27,EMB,98.18596701460496
2025-06-30,EMB,98.20392793236734
2025-07-01,EMB,97.65303223025991
2025-07-02,EMB,96.7865088519981
2025-07-03,EMB,97.31391317422883
2025-07-04,EMB,97.1853240874679
2025-07-07,EMB,97.70718766980353
2025-07-08,EMB,98.07273670246869
2025-07-09,EMB,96.90802579389182
2025-07-10,EMB,96.06641695491909
2025-07-11,EMB,95.5967857778558
2025-07-14,EMB,95.26494819942538
2025-07-15,EMB,95.4758441022556
2025-07-16,EMB,95.25731747967903
2025-07-17,EMB,95.70657686886094
2025-07-18,EMB,95.97093109331685
2025-07-21,EMB,96.15930570068447
2025-07-22,EMB,95.47497561474839
2025-07-23,EMB,95.32641894031667
2025-07-24,EMB,94.93030421142016
2025-07-25,EMB,94.00572174586057
2025-07-28,EMB,94.69577086211159
2025-07-29,EMB,94.5158064980335
2025-07-30,EMB,94.3450256915461
2025-07-31,EMB,93.50122515641313
2025-08-01,EMB,93.34109692469276
2025-08-04,EMB,93.11014134190552
2025-08-05,EMB,92.38570607737991
2025-08-06,EMB,92.53959009883204
2025-08-07,EMB,92.25801994979429
2025-08-08,EMB,91.75187078518569
2025-08-11,EMB,89.94849955349108
2025-08-12,EMB,89.73669708199375
2025-08-13,EMB,89.46555324730822
2025-08-14,EMB,89.05922179459566
2025-08-15,EMB,89.70554527152372
2025-08-18,EMB,90.26830412413783
2025-08-19,EMB,90.3857972566597
2025-08-20,EMB,89.60085237766127
2025-08-21,EMB,89.729243053494
2025-08-22,EMB,89.22360212649302
2025-08-25,EMB,88.40435877968169
2025-08-26,EMB,89.60109350120572
2025-08-27,EMB,88.66643742384764
2025-08-28,EMB,89.04867016190218
2025-08-29,EMB,89.05106032165264
2025-09-01,EMB,88.56449927147932
2025-09-02,EMB,89.41880046074566
2025-09-03,EMB,88.62358732344198
2025-09-04,EMB,88.7199472088369
2025-09-05,EMB,88.8240273509313
2025-09-08,EMB,90.18613607682656
2025-09-09,EMB,90.69910779715781
2025-09-10,EMB,90.4945564373786
2025-09-11,EMB,91.10628000499901
2025-09-12,EMB,92.12926764524025
2025-09-15,EMB,91.22636201937793
2025-09-16,EMB,91.44221371633346
2025-09-17,EMB,90.99790125003588
2025-09-18,EMB,91.16681181272432
2025-09-19,EMB,90.64079597372616
