date,ticker,close
2022-01-03,SPY,453.21038818359375
2022-01-04,SPY,453.05859375
2022-01-05,SPY,444.35894775390625
2022-01-06,SPY,443.9414367675781
2022-01-07,SPY,442.1863708496094
2022-01-10,SPY,441.6361083984375
2022-01-11,SPY,445.65869140625
2022-01-12,SPY,446.8634948730469
2022-01-13,SPY,440.7063903808594
2022-01-14,SPY,440.8865661621094
2022-01-17,SPY,440.8865661621094
2022-01-18,SPY,433.07867431640625
2022-01-19,SPY,428.581787109375
2022-01-20,SPY,423.8381652832031
2022-01-21,SPY,415.5179443359375
2022-01-24,SPY,417.2825927734375
2022-01-25,SPY,412.18798828125
2022-01-26,SPY,411.15386962890625
2022-01-27,SPY,409.1236267089844
2022-01-28,SPY,419.2844543457031
2022-01-31,SPY,426.8361511230469
2022-02-01,SPY,429.7202453613281
2022-02-02,SPY,433.8945617675781
2022-02-03,SPY,423.6959228515625
2022-02-04,SPY,425.688232421875
2022-02-07,SPY,424.322021484375
2022-02-08,SPY,427.8133239746094
2022-02-09,SPY,434.0748291015625
2022-02-10,SPY,426.27642822265625
2022-02-11,SPY,417.87078857421875
2022-02-14,SPY,416.5046081542969
2022-02-15,SPY,423.2215881347656
2022-02-16,SPY,423.6959228515625
2022-02-17,SPY,414.64520263671875
2022-02-18,SPY,411.96026611328125
2022-02-21,SPY,411.96026611328125
2022-02-22,SPY,407.5392761230469
2022-02-23,SPY,400.31011962890625
2022-02-24,SPY,406.3343811035156
2022-02-25,SPY,415.2998046875
2022-02-28,SPY,414.2371826171875
2022-03-01,SPY,407.9282531738281
2022-03-02,SPY,415.4326477050781
2022-03-03,SPY,413.3643798828125
2022-03-04,SPY,410.0059509277344
2022-03-07,SPY,397.9193115234375
2022-03-08,SPY,394.90240478515625
2022-03-09,SPY,405.4900817871094
2022-03-10,SPY,403.6590270996094
2022-03-11,SPY,398.5264892578125
2022-03-14,SPY,395.6139221191406
2022-03-15,SPY,404.3137512207031
2022-03-16,SPY,413.27899169921875
2022-03-17,SPY,418.44952392578125
2022-03-18,SPY,423.0326843261719
2022-03-21,SPY,422.90899658203125
2022-03-22,SPY,427.8576354980469
2022-03-23,SPY,422.34747314453125
2022-03-24,SPY,428.714111328125
2022-03-25,SPY,430.8077697753906
2022-03-28,SPY,433.8721618652344
2022-03-29,SPY,439.239501953125
2022-03-30,SPY,436.52728271484375
2022-03-31,SPY,429.80859375
2022-04-01,SPY,431.02667236328125
2022-04-04,SPY,434.7190856933594
2022-04-05,SPY,429.2280578613281
2022-04-06,SPY,424.9360046386719
2022-04-07,SPY,427.0772705078125
2022-04-08,SPY,425.9352722167969
2022-04-11,SPY,418.6550598144531
2022-04-12,SPY,417.1038513183594
2022-04-13,SPY,421.8811950683594
2022-04-14,SPY,416.6280517578125
2022-04-15,SPY,416.6280517578125
2022-04-18,SPY,416.7993469238281
2022-04-19,SPY,423.52764892578125
2022-04-20,SPY,423.21356201171875
2022-04-21,SPY,416.88494873046875
2022-04-22,SPY,405.4460144042969
2022-04-25,SPY,407.79656982421875
2022-04-26,SPY,395.9864807128906
2022-04-27,SPY,397.09991455078125
2022-04-28,SPY,407.13043212890625
2022-04-29,SPY,392.0846252441406
2022-05-02,SPY,394.44482421875
2022-05-03,SPY,396.2529296875
2022-05-04,SPY,408.3199768066406
2022-05-05,SPY,393.8070983886719
2022-05-06,SPY,391.4565734863281
2022-05-09,SPY,378.9231872558594
2022-05-10,SPY,379.7986755371094
2022-05-11,SPY,373.7651672363281
2022-05-12,SPY,373.3750305175781
2022-05-13,SPY,382.30157470703125
2022-05-16,SPY,380.7503662109375
2022-05-17,SPY,388.58251953125
2022-05-18,SPY,372.9181823730469
2022-05-19,SPY,370.6341247558594
2022-05-20,SPY,370.7959899902344
2022-05-23,SPY,377.73370361328125
2022-05-24,SPY,374.8500671386719
2022-05-25,SPY,378.1618347167969
2022-05-26,SPY,385.7179870605469
2022-05-27,SPY,395.18707275390625
2022-05-30,SPY,395.18707275390625
2022-05-31,SPY,392.9697570800781
2022-06-01,SPY,389.7911376953125
2022-06-02,SPY,397.2141418457031
2022-06-03,SPY,390.6952209472656
2022-06-06,SPY,391.88482666015625
2022-06-07,SPY,395.64385986328125
2022-06-08,SPY,391.34234619140625
2022-06-09,SPY,382.0351867675781
2022-06-10,SPY,370.9577331542969
2022-06-13,SPY,356.8731994628906
2022-06-14,SPY,355.7978210449219
2022-06-15,SPY,360.8701171875
2022-06-16,SPY,348.92681884765625
2022-06-17,SPY,349.6789855957031
2022-06-20,SPY,349.6789855957031
2022-06-21,SPY,358.4815979003906
2022-06-22,SPY,357.83172607421875
2022-06-23,SPY,361.3394470214844
2022-06-24,SPY,372.8277893066406
2022-06-27,SPY,371.40374755859375
2022-06-28,SPY,363.8148498535156
2022-06-29,SPY,363.5185241699219
2022-06-30,SPY,360.56524658203125
2022-07-01,SPY,364.37884521484375
2022-07-04,SPY,364.37884521484375
2022-07-05,SPY,365.06695556640625
2022-07-06,SPY,366.2998962402344
2022-07-07,SPY,371.7859802246094
2022-07-08,SPY,371.480224609375
2022-07-11,SPY,367.2365417480469
2022-07-12,SPY,363.9868469238281
2022-07-13,SPY,362.0754089355469
2022-07-14,SPY,361.1961364746094
2022-07-15,SPY,368.0967102050781
2022-07-18,SPY,365.057373046875
2022-07-19,SPY,374.9209289550781
2022-07-20,SPY,377.3103332519531
2022-07-21,SPY,381.152587890625
2022-07-22,SPY,377.6162109375
2022-07-25,SPY,378.07501220703125
2022-07-26,SPY,373.60198974609375
2022-07-27,SPY,383.3031311035156
2022-07-28,SPY,388.1106262207031
2022-07-29,SPY,393.76873779296875
2022-08-01,SPY,392.602783203125
2022-08-02,SPY,390.0126037597656
2022-08-03,SPY,396.1199951171875
2022-08-04,SPY,395.8523864746094
2022-08-05,SPY,395.18328857421875
2022-08-08,SPY,394.7245788574219
2022-08-09,SPY,393.15716552734375
2022-08-10,SPY,401.4149475097656
2022-08-11,SPY,401.4149475097656
2022-08-12,SPY,408.2105407714844
2022-08-15,SPY,409.8926696777344
2022-08-16,SPY,410.69549560546875
2022-08-17,SPY,407.78045654296875
2022-08-18,SPY,408.965576171875
2022-08-19,SPY,403.46990966796875
2022-08-22,SPY,395.068603515625
2022-08-23,SPY,394.1128845214844
2022-08-24,SPY,395.3744812011719
2022-08-25,SPY,400.95623779296875
2022-08-26,SPY,387.3841247558594
2022-08-29,SPY,384.8227844238281
2022-08-30,SPY,380.59820556640625
2022-08-31,SPY,377.7022399902344
2022-09-01,SPY,378.8874816894531
2022-09-02,SPY,374.8923034667969
2022-09-05,SPY,374.8923034667969
2022-09-06,SPY,373.47772216796875
2022-09-07,SPY,380.187255859375
2022-09-08,SPY,382.67230224609375
2022-09-09,SPY,388.6172180175781
2022-09-12,SPY,392.7939453125
2022-09-13,SPY,375.7143249511719
2022-09-14,SPY,377.1479187011719
2022-09-15,SPY,372.8659973144531
2022-09-16,SPY,370.021484375
2022-09-19,SPY,372.8909606933594
2022-09-20,SPY,368.6107177734375
2022-09-21,SPY,362.1807556152344
2022-09-22,SPY,359.13848876953125
2022-09-23,SPY,353.1212158203125
2022-09-26,SPY,349.62786865234375
2022-09-27,SPY,348.7353820800781
2022-09-28,SPY,355.5972595214844
2022-09-29,SPY,348.1691589355469
2022-09-30,SPY,342.7852478027344
2022-10-03,SPY,351.8352355957031
2022-10-04,SPY,362.7373962402344
2022-10-05,SPY,361.8927917480469
2022-10-06,SPY,358.15960693359375
2022-10-07,SPY,348.1691589355469
2022-10-10,SPY,345.5107727050781
2022-10-11,SPY,343.32269287109375
2022-10-12,SPY,342.19024658203125
2022-10-13,SPY,351.2209777832031
2022-10-14,SPY,343.2171325683594
2022-10-17,SPY,352.0367431640625
2022-10-18,SPY,356.1730651855469
2022-10-19,SPY,353.6490478515625
2022-10-20,SPY,350.68359375
2022-10-21,SPY,359.2056884765625
2022-10-24,SPY,363.6011962890625
2022-10-25,SPY,369.4072570800781
2022-10-26,SPY,366.6241760253906
2022-10-27,SPY,364.6664123535156
2022-10-28,SPY,373.3420715332031
2022-10-31,SPY,370.645263671875
2022-11-01,SPY,369.0234069824219
2022-11-02,SPY,359.76226806640625
2022-11-03,SPY,356.05780029296875
2022-11-04,SPY,361.1826477050781
2022-11-07,SPY,364.6376037597656
2022-11-08,SPY,366.6049499511719
2022-11-09,SPY,359.0520935058594
2022-11-10,SPY,378.7835388183594
2022-11-11,SPY,382.4495849609375
2022-11-14,SPY,379.1961975097656
2022-11-15,SPY,382.43035888671875
2022-11-16,SPY,379.5129089355469
2022-11-17,SPY,378.3516845703125
2022-11-18,SPY,380.0695495605469
2022-11-21,SPY,378.68756103515625
2022-11-22,SPY,383.7835693359375
2022-11-23,SPY,386.2019958496094
2022-11-24,SPY,386.2019958496094
2022-11-25,SPY,386.1156005859375
2022-11-28,SPY,379.95440673828125
2022-11-29,SPY,379.3017883300781
2022-11-30,SPY,391.25
2022-12-01,SPY,390.962158203125
2022-12-02,SPY,390.5110778808594
2022-12-05,SPY,383.4860534667969
2022-12-06,SPY,377.95819091796875
2022-12-07,SPY,377.3152160644531
2022-12-08,SPY,380.2710876464844
2022-12-09,SPY,377.43035888671875
2022-12-12,SPY,382.87188720703125
2022-12-13,SPY,385.7701721191406
2022-12-14,SPY,383.3037414550781
2022-12-15,SPY,373.927490234375
2022-12-16,SPY,369.5128173828125
2022-12-19,SPY,366.3794250488281
2022-12-20,SPY,366.880859375
2022-12-21,SPY,372.36663818359375
2022-12-22,SPY,367.05438232421875
2022-12-23,SPY,369.16571044921875
2022-12-26,SPY,369.16571044921875
2022-12-27,SPY,367.7099609375
2022-12-28,SPY,363.14007568359375
2022-12-29,SPY,369.6767272949219
2022-12-30,SPY,368.7029724121094
2023-01-02,SPY,368.7029724121094
2023-01-03,SPY,367.15081787109375
2023-01-04,SPY,369.9852600097656
2023-01-05,SPY,365.762451171875
2023-01-06,SPY,374.150146484375
2023-01-09,SPY,373.9381103515625
2023-01-10,SPY,376.5604248046875
2023-01-11,SPY,381.32305908203125
2023-01-12,SPY,382.7114562988281
2023-01-13,SPY,384.1961364746094
2023-01-16,SPY,384.1961364746094
2023-01-17,SPY,383.49237060546875
2023-01-18,SPY,377.43780517578125
2023-01-19,SPY,374.69012451171875
2023-01-20,SPY,381.6701965332031
2023-01-23,SPY,386.2497253417969
2023-01-24,SPY,385.83514404296875
2023-01-25,SPY,385.9797668457031
2023-01-26,SPY,390.2218322753906
2023-01-27,SPY,391.1184387207031
2023-01-30,SPY,386.2111511230469
2023-01-31,SPY,391.8897399902344
2023-02-01,SPY,396.0546875
2023-02-02,SPY,401.82000732421875
2023-02-03,SPY,397.5490417480469
2023-02-06,SPY,395.1194763183594
2023-02-07,SPY,400.287109375
2023-02-08,SPY,395.9100341796875
2023-02-09,SPY,392.47784423828125
2023-02-10,SPY,393.3937683105469
2023-02-13,SPY,398.01177978515625
2023-02-14,SPY,397.8286437988281
2023-02-15,SPY,399.1205139160156
2023-02-16,SPY,393.6251220703125
2023-02-17,SPY,392.6417236328125
2023-02-20,SPY,392.6417236328125
2023-02-21,SPY,384.7649841308594
2023-02-22,SPY,384.2347106933594
2023-02-23,SPY,386.27862548828125
2023-02-24,SPY,382.1522521972656
2023-02-27,SPY,383.4538269042969
2023-02-28,SPY,382.03662109375
2023-03-01,SPY,380.5711364746094
2023-03-02,SPY,383.5309143066406
2023-03-03,SPY,389.681884765625
2023-03-06,SPY,389.9518127441406
2023-03-07,SPY,383.9743957519531
2023-03-08,SPY,384.60107421875
2023-03-09,SPY,377.5052795410156
2023-03-10,SPY,372.05810546875
2023-03-13,SPY,371.5277404785156
2023-03-14,SPY,377.669189453125
2023-03-15,SPY,375.3070373535156
2023-03-16,SPY,381.89190673828125
2023-03-17,SPY,377.42657470703125
2023-03-20,SPY,381.0557861328125
2023-03-21,SPY,386.0592041015625
2023-03-22,SPY,379.47833251953125
2023-03-23,SPY,380.5041809082031
2023-03-24,SPY,383.0010070800781
2023-03-27,SPY,383.71722412109375
2023-03-28,SPY,382.8558654785156
2023-03-29,SPY,388.420654296875
2023-03-30,SPY,390.6949157714844
2023-03-31,SPY,396.2016296386719
2023-04-03,SPY,397.7113342285156
2023-04-04,SPY,395.5048522949219
2023-04-05,SPY,394.46929931640625
2023-04-06,SPY,396.008056640625
2023-04-07,SPY,396.008056640625
2023-04-10,SPY,396.4145202636719
2023-04-11,SPY,396.52099609375
2023-04-12,SPY,394.90478515625
2023-04-13,SPY,400.1501770019531
2023-04-14,SPY,399.1726989746094
2023-04-17,SPY,400.6050720214844
2023-04-18,SPY,400.8663330078125
2023-04-19,SPY,400.7986145019531
2023-04-20,SPY,398.6114501953125
2023-04-21,SPY,398.9211120605469
2023-04-24,SPY,399.33721923828125
2023-04-25,SPY,392.99822998046875
2023-04-26,SPY,391.3336486816406
2023-04-27,SPY,399.1243591308594
2023-04-28,SPY,402.53094482421875
2023-05-01,SPY,402.1244812011719
2023-05-02,SPY,397.60491943359375
2023-05-03,SPY,394.8757629394531
2023-05-04,SPY,392.078857421875
2023-05-05,SPY,399.33721923828125
2023-05-08,SPY,399.4437255859375
2023-05-09,SPY,397.6919860839844
2023-05-10,SPY,399.5501403808594
2023-05-11,SPY,398.8533935546875
2023-05-12,SPY,398.33074951171875
2023-05-15,SPY,399.70501708984375
2023-05-16,SPY,397.0338439941406
2023-05-17,SPY,401.8534851074219
2023-05-18,SPY,405.724609375
2023-05-19,SPY,405.1343078613281
2023-05-22,SPY,405.29876708984375
2023-05-23,SPY,400.7502136230469
2023-05-24,SPY,397.84686279296875
2023-05-25,SPY,401.2921447753906
2023-05-26,SPY,406.4891662597656
2023-05-29,SPY,406.4891662597656
2023-05-30,SPY,406.64404296875
2023-05-31,SPY,404.3890686035156
2023-06-01,SPY,408.231201171875
2023-06-02,SPY,414.1347351074219
2023-06-05,SPY,413.3411560058594
2023-06-06,SPY,414.24114990234375
2023-06-07,SPY,412.808837890625
2023-06-08,SPY,415.30572509765625
2023-06-09,SPY,416.0509033203125
2023-06-12,SPY,419.82525634765625
2023-06-13,SPY,422.59320068359375
2023-06-14,SPY,423.0963439941406
2023-06-15,SPY,428.341796875
2023-06-16,SPY,426.8827209472656
2023-06-19,SPY,426.8827209472656
2023-06-20,SPY,424.6679992675781
2023-06-21,SPY,422.49212646484375
2023-06-22,SPY,424.0172119140625
2023-06-23,SPY,420.8116149902344
2023-06-26,SPY,419.0923156738281
2023-06-27,SPY,423.6869812011719
2023-06-28,SPY,423.9006652832031
2023-06-29,SPY,425.57135009765625
2023-06-30,SPY,430.59344482421875
2023-07-03,SPY,431.0888366699219
2023-07-04,SPY,431.0888366699219
2023-07-05,SPY,430.44775390625
2023-07-06,SPY,427.0770568847656
2023-07-07,SPY,425.9988098144531
2023-07-10,SPY,427.0770568847656
2023-07-11,SPY,429.7969055175781
2023-07-12,SPY,433.2550048828125
2023-07-13,SPY,436.6936950683594
2023-07-14,SPY,436.42169189453125
2023-07-17,SPY,437.9371032714844
2023-07-18,SPY,441.191162109375
2023-07-19,SPY,442.1723327636719
2023-07-20,SPY,439.23870849609375
2023-07-21,SPY,439.23870849609375
2023-07-24,SPY,441.200927734375
2023-07-25,SPY,442.4054260253906
2023-07-26,SPY,442.47344970703125
2023-07-27,SPY,439.539794921875
2023-07-28,SPY,443.84307861328125
2023-07-31,SPY,444.6882019042969
2023-08-01,SPY,443.4156799316406
2023-08-02,SPY,437.2474670410156
2023-08-03,SPY,435.9942932128906
2023-08-04,SPY,434.0224304199219
2023-08-07,SPY,437.81085205078125
2023-08-08,SPY,435.9068603515625
2023-08-09,SPY,432.9927673339844
2023-08-10,SPY,433.1481628417969
2023-08-11,SPY,432.8955383300781
2023-08-14,SPY,435.2851867675781
2023-08-15,SPY,430.2146301269531
2023-08-16,SPY,427.0576171875
2023-08-17,SPY,423.80352783203125
2023-08-18,SPY,424.0074768066406
2023-08-21,SPY,426.76617431640625
2023-08-22,SPY,425.6102294921875
2023-08-23,SPY,430.3505859375
2023-08-24,SPY,424.3863220214844
2023-08-25,SPY,427.378173828125
2023-08-28,SPY,430.08837890625
2023-08-29,SPY,436.30517578125
2023-08-30,SPY,438.1022033691406
2023-08-31,SPY,437.46112060546875
2023-09-01,SPY,438.27703857421875
2023-09-04,SPY,438.27703857421875
2023-09-05,SPY,436.3828430175781
2023-09-06,SPY,433.4493408203125
2023-09-07,SPY,432.1184997558594
2023-09-08,SPY,432.76934814453125
2023-09-11,SPY,435.6155090332031
2023-09-12,SPY,433.2258605957031
2023-09-13,SPY,433.7310485839844
2023-09-14,SPY,437.4708557128906
2023-09-15,SPY,432.20001220703125
2023-09-18,SPY,432.4534912109375
2023-09-19,SPY,431.5566101074219
2023-09-20,SPY,427.5892028808594
2023-09-21,SPY,420.5218505859375
2023-09-22,SPY,419.5763244628906
2023-09-25,SPY,421.3406677246094
2023-09-26,SPY,415.150634765625
2023-09-27,SPY,415.3163757324219
2023-09-28,SPY,417.72412109375
2023-09-29,SPY,416.7103576660156
2023-10-02,SPY,416.54461669921875
2023-10-03,SPY,410.96875
2023-10-04,SPY,413.9613952636719
2023-10-05,SPY,413.805419921875
2023-10-06,SPY,418.71844482421875
2023-10-09,SPY,421.399169921875
2023-10-10,SPY,423.59246826171875
2023-10-11,SPY,425.3276672363281
2023-10-12,SPY,422.7346496582031
2023-10-13,SPY,420.6290588378906
2023-10-16,SPY,425.0547180175781
2023-10-17,SPY,425.03521728515625
2023-10-18,SPY,419.37152099609375
2023-10-19,SPY,415.68682861328125
2023-10-20,SPY,410.5788269042969
2023-10-23,SPY,409.8671875
2023-10-24,SPY,412.9573059082031
2023-10-25,SPY,407.0304870605469
2023-10-26,SPY,402.1564636230469
2023-10-27,SPY,400.3336181640625
2023-10-30,SPY,405.1199035644531
2023-10-31,SPY,407.66412353515625
2023-11-01,SPY,412.01177978515625
2023-11-02,SPY,419.90771484375
2023-11-03,SPY,423.73870849609375
2023-11-06,SPY,424.7135314941406
2023-11-07,SPY,425.92230224609375
2023-11-08,SPY,426.23419189453125
2023-11-09,SPY,422.9100646972656
2023-11-10,SPY,429.5095520019531
2023-11-13,SPY,429.1001281738281
2023-11-14,SPY,437.4250183105469
2023-11-15,SPY,438.35101318359375
2023-11-16,SPY,438.8872375488281
2023-11-17,SPY,439.43310546875
2023-11-20,SPY,442.815673828125
2023-11-21,SPY,441.8505859375
2023-11-22,SPY,443.5565490722656
2023-11-23,SPY,443.5565490722656
2023-11-24,SPY,443.8294372558594
2023-11-27,SPY,443.0301208496094
2023-11-28,SPY,443.46875
2023-11-29,SPY,443.15679931640625
2023-11-30,SPY,444.9017639160156
2023-12-01,SPY,447.53375244140625
2023-12-04,SPY,445.18450927734375
2023-12-05,SPY,445.0967102050781
2023-12-06,SPY,443.3031005859375
2023-12-07,SPY,446.6856384277344
2023-12-08,SPY,448.6060485839844
2023-12-11,SPY,450.35089111328125
2023-12-12,SPY,452.4078063964844
2023-12-13,SPY,458.6465148925781
2023-12-14,SPY,460.11846923828125
2023-12-15,SPY,459.3608703613281
2023-12-18,SPY,461.94488525390625
2023-12-19,SPY,464.75384521484375
2023-12-20,SPY,458.31365966796875
2023-12-21,SPY,462.6593017578125
2023-12-22,SPY,463.58917236328125
2023-12-25,SPY,463.58917236328125
2023-12-26,SPY,465.5466613769531
2023-12-27,SPY,466.388427734375
2023-12-28,SPY,466.5645751953125
2023-12-29,SPY,465.2138671875
2024-01-01,SPY,465.2138671875
2024-01-02,SPY,462.6103820800781
2024-01-03,SPY,458.8324279785156
2024-01-04,SPY,457.35443115234375
2024-01-05,SPY,457.98089599609375
2024-01-08,SPY,464.51898193359375
2024-01-09,SPY,463.81427001953125
2024-01-10,SPY,466.4373474121094
2024-01-11,SPY,466.2317810058594
2024-01-12,SPY,466.55474853515625
2024-01-15,SPY,466.55474853515625
2024-01-16,SPY,464.84197998046875
2024-01-17,SPY,462.258056640625
2024-01-18,SPY,466.3687744140625
2024-01-19,SPY,472.18267822265625
2024-01-22,SPY,473.1810302734375
2024-01-23,SPY,474.56103515625
2024-01-24,SPY,475.0798034667969
2024-01-25,SPY,477.6636657714844
2024-01-26,SPY,477.056884765625
2024-01-29,SPY,480.8348388671875
2024-01-30,SPY,480.46295166015625
2024-01-31,SPY,472.62310791015625
2024-02-01,SPY,478.80889892578125
2024-02-02,SPY,483.84954833984375
2024-02-05,SPY,482.08770751953125
2024-02-06,SPY,483.4873352050781
2024-02-07,SPY,487.51983642578125
2024-02-08,SPY,487.735107421875
2024-02-09,SPY,490.5539855957031
2024-02-12,SPY,490.338623046875
2024-02-13,SPY,483.5852355957031
2024-02-14,SPY,487.9798278808594
2024-02-15,SPY,491.34674072265625
2024-02-16,SPY,488.89990234375
2024-02-19,SPY,488.89990234375
2024-02-20,SPY,486.20831298828125
2024-02-21,SPY,486.648681640625
2024-02-22,SPY,496.72015380859375
2024-02-23,SPY,497.062744140625
2024-02-26,SPY,495.2421875
2024-02-27,SPY,496.1622619628906
2024-02-28,SPY,495.5064697265625
2024-02-29,SPY,497.287841796875
2024-03-01,SPY,501.95648193359375
2024-03-04,SPY,501.418212890625
2024-03-05,SPY,496.4069519042969
2024-03-06,SPY,498.9223327636719
2024-03-07,SPY,503.8749084472656
2024-03-08,SPY,500.8504943847656
2024-03-11,SPY,500.41986083984375
2024-03-12,SPY,505.8030090332031
2024-03-13,SPY,505.0102233886719
2024-03-14,SPY,504.01190185546875
2024-03-15,SPY,500.5510559082031
2024-03-18,SPY,503.52593994140625
2024-03-19,SPY,506.3240966796875
2024-03-20,SPY,511.0072021484375
2024-03-21,SPY,512.6959838867188
2024-03-22,SPY,511.72393798828125
2024-03-25,SPY,510.3102111816406
2024-03-26,SPY,509.36761474609375
2024-03-27,SPY,513.6482543945312
2024-03-28,SPY,513.5501098632812
2024-03-29,SPY,513.5501098632812
2024-04-01,SPY,512.6565551757812
2024-04-02,SPY,509.3971252441406
2024-04-03,SPY,509.9566345214844
2024-04-04,SPY,503.7321472167969
2024-04-05,SPY,508.9945068359375
2024-04-08,SPY,509.2792053222656
2024-04-09,SPY,509.86834716796875
2024-04-10,SPY,504.7629699707031
2024-04-11,SPY,508.5723876953125
2024-04-12,SPY,501.5524597167969
2024-04-15,SPY,495.2690124511719
2024-04-16,SPY,494.3657531738281
2024-04-17,SPY,491.43994140625
2024-04-18,SPY,490.4287109375
2024-04-19,SPY,486.1480407714844
2024-04-22,SPY,490.62506103515625
2024-04-23,SPY,496.4471435546875
2024-04-24,SPY,496.21148681640625
2024-04-25,SPY,494.32647705078125
2024-04-26,SPY,499.0096435546875
2024-04-29,SPY,500.77685546875
2024-04-30,SPY,492.84393310546875
2024-05-01,SPY,491.2436218261719
2024-05-02,SPY,495.8384094238281
2024-05-03,SPY,501.9845275878906
2024-05-06,SPY,507.16845703125
2024-05-07,SPY,507.72802734375
2024-05-08,SPY,507.7771301269531
2024-05-09,SPY,510.70281982421875
2024-05-10,SPY,511.3607177734375
2024-05-13,SPY,511.4293518066406
2024-05-14,SPY,513.77587890625
2024-05-15,SPY,520.1380004882812
2024-05-16,SPY,519.0677490234375
2024-05-17,SPY,519.8139038085938
2024-05-20,SPY,520.4129638671875
2024-05-21,SPY,521.6893310546875
2024-05-22,SPY,520.1870727539062
2024-05-23,SPY,516.3875732421875
2024-05-24,SPY,519.8042602539062
2024-05-27,SPY,519.8042602539062
2024-05-28,SPY,520.1674194335938
2024-05-29,SPY,516.52490234375
2024-05-30,SPY,513.0984497070312
2024-05-31,SPY,517.7718505859375
2024-06-03,SPY,518.1940307617188
2024-06-04,SPY,518.7733154296875
2024-06-05,SPY,524.9390258789062
2024-06-06,SPY,524.9290771484375
2024-06-07,SPY,524.291015625
2024-06-10,SPY,525.910888671875
2024-06-11,SPY,527.1774291992188
2024-06-12,SPY,531.5072021484375
2024-06-13,SPY,532.5774536132812
2024-06-14,SPY,532.9014282226562
2024-06-17,SPY,537.1427612304688
2024-06-18,SPY,538.5075073242188
2024-06-19,SPY,538.5075073242188
2024-06-20,SPY,537.0445556640625
2024-06-21,SPY,536.3245239257812
2024-06-24,SPY,534.5811157226562
2024-06-25,SPY,536.6398315429688
2024-06-26,SPY,537.3095703125
2024-06-27,SPY,538.1566772460938
2024-06-28,SPY,536.0388793945312
2024-07-01,SPY,537.14208984375
2024-07-02,SPY,540.7568969726562
2024-07-03,SPY,543.170166015625
2024-07-04,SPY,543.170166015625
2024-07-05,SPY,546.3023071289062
2024-07-08,SPY,546.9327392578125
2024-07-09,SPY,547.4644775390625
2024-07-10,SPY,552.8818969726562
2024-07-11,SPY,548.1145629882812
2024-07-12,SPY,551.5718383789062
2024-07-15,SPY,553.0886840820312
2024-07-16,SPY,556.3687133789062
2024-07-17,SPY,548.5676879882812
2024-07-18,SPY,544.3519897460938
2024-07-19,SPY,540.7372436523438
2024-07-22,SPY,546.3121337890625
2024-07-23,SPY,545.4552001953125
2024-07-24,SPY,533.0938110351562
2024-07-25,SPY,530.3162231445312
2024-07-26,SPY,536.255615234375
2024-07-29,SPY,536.57080078125
2024-07-30,SPY,533.8522338867188
2024-07-31,SPY,542.5298461914062
2024-08-01,SPY,534.8471069335938
2024-08-02,SPY,524.8890380859375
2024-08-05,SPY,509.6024169921875
2024-08-06,SPY,514.3007202148438
2024-08-07,SPY,510.8631286621094
2024-08-08,SPY,522.6729125976562
2024-08-09,SPY,524.977783203125
2024-08-12,SPY,525.2535400390625
2024-08-13,SPY,533.8916015625
2024-08-14,SPY,535.5759887695312
2024-08-15,SPY,544.7559204101562
2024-08-16,SPY,545.977294921875
2024-08-19,SPY,551.1974487304688
2024-08-20,SPY,550.30126953125
2024-08-21,SPY,552.1923828125
2024-08-22,SPY,547.8585815429688
2024-08-23,SPY,553.6796875
2024-08-26,SPY,552.3598022460938
2024-08-27,SPY,553.1183471679688
2024-08-28,SPY,549.9072265625
2024-08-29,SPY,549.9564819335938
2024-08-30,SPY,555.2063598632812
2024-09-02,SPY,555.2063598632812
2024-09-03,SPY,543.78076171875
2024-09-04,SPY,542.667724609375
2024-09-05,SPY,541.347900390625
2024-09-06,SPY,532.2369384765625
2024-09-09,SPY,538.1959838867188
2024-09-10,SPY,540.5401611328125
2024-09-11,SPY,546.0855102539062
2024-09-12,SPY,550.6854248046875
2024-09-13,SPY,553.5615234375
2024-09-16,SPY,554.3790283203125
2024-09-17,SPY,554.6055297851562
2024-09-18,SPY,552.9607543945312
2024-09-19,SPY,562.3966064453125
2024-09-20,SPY,561.4244384765625
2024-09-23,SPY,562.827392578125
2024-09-24,SPY,564.4378051757812
2024-09-25,SPY,563.1929321289062
2024-09-26,SPY,565.42578125
2024-09-27,SPY,564.6058349609375
2024-09-30,SPY,566.8682250976562
2024-10-01,SPY,561.7900390625
2024-10-02,SPY,562.0271606445312
2024-10-03,SPY,560.9996337890625
2024-10-04,SPY,566.09765625
2024-10-07,SPY,560.9798583984375
2024-10-08,SPY,566.285400390625
2024-10-09,SPY,570.2076416015625
2024-10-10,SPY,569.2098388671875
2024-10-11,SPY,572.6183471679688
2024-10-14,SPY,577.3014526367188
2024-10-15,SPY,572.8159790039062
2024-10-16,SPY,575.3056640625
2024-10-17,SPY,575.3551635742188
2024-10-18,SPY,577.5682373046875
2024-10-21,SPY,576.6196899414062
2024-10-22,SPY,576.3134765625
2024-10-23,SPY,571.0474243164062
2024-10-24,SPY,572.282470703125
2024-10-25,SPY,572.0848388671875
2024-10-28,SPY,573.8533935546875
2024-10-29,SPY,574.7821044921875
2024-10-30,SPY,573.0432739257812
2024-10-31,SPY,561.809814453125
2024-11-01,SPY,564.1809692382812
2024-11-04,SPY,562.9656982421875
2024-11-05,SPY,569.77294921875
2024-11-06,SPY,583.9407348632812
2024-11-07,SPY,588.455810546875
2024-11-08,SPY,591.0048828125
2024-11-11,SPY,591.5679931640625
2024-11-12,SPY,589.7303466796875
2024-11-13,SPY,590.016845703125
2024-11-14,SPY,586.2229614257812
2024-11-15,SPY,578.7142333984375
2024-11-18,SPY,581.08544921875
2024-11-19,SPY,583.2096557617188
2024-11-20,SPY,583.4072265625
2024-11-21,SPY,586.5391235351562
2024-11-22,SPY,588.3569946289062
2024-11-25,SPY,590.3528442382812
2024-11-26,SPY,593.4353637695312
2024-11-27,SPY,591.63720703125
2024-11-28,SPY,591.63720703125
2024-11-29,SPY,595.3125
2024-12-02,SPY,596.3795166015625
2024-12-03,SPY,596.6560668945312
2024-12-04,SPY,600.361083984375
2024-12-05,SPY,599.3731079101562
2024-12-06,SPY,600.50927734375
2024-12-09,SPY,597.4168701171875
2024-12-10,SPY,595.5594482421875
2024-12-11,SPY,600.16357421875
2024-12-12,SPY,597.071044921875
2024-12-13,SPY,596.9525756835938
2024-12-16,SPY,599.5015258789062
2024-12-17,SPY,597.031494140625
2024-12-18,SPY,579.2379150390625
2024-12-19,SPY,579.0599975585938
2024-12-20,SPY,586.01513671875
2024-12-23,SPY,589.5243530273438
2024-12-24,SPY,596.076904296875
2024-12-25,SPY,596.076904296875
2024-12-26,SPY,596.11669921875
2024-12-27,SPY,589.8416137695312
2024-12-30,SPY,583.1105346679688
2024-12-31,SPY,580.9891357421875
2025-01-01,SPY,580.9891357421875
2025-01-02,SPY,579.5616455078125
2025-01-03,SPY,586.8081665039062
2025-01-06,SPY,590.1885375976562
2025-01-07,SPY,583.5169677734375
2025-01-08,SPY,584.3695068359375
2025-01-09,SPY,584.3695068359375
2025-01-10,SPY,575.4476928710938
2025-01-13,SPY,576.3399047851562
2025-01-14,SPY,577.1329345703125
2025-01-15,SPY,587.6309814453125
2025-01-16,SPY,586.5008544921875
2025-01-17,SPY,592.3892822265625
2025-01-20,SPY,592.3892822265625
2025-01-21,SPY,597.811767578125
2025-01-22,SPY,601.1723022460938
2025-01-23,SPY,604.4535522460938
2025-01-24,SPY,602.68896484375
2025-01-27,SPY,594.1637573242188
2025-01-28,SPY,599.2689819335938
2025-01-29,SPY,596.5825805664062
2025-01-30,SPY,599.7844848632812
2025-01-31,SPY,596.5924072265625
2025-02-03,SPY,592.57763671875
2025-02-04,SPY,596.5527954101562
2025-02-05,SPY,598.9715576171875
2025-02-06,SPY,601.0533447265625
2025-02-07,SPY,595.5515747070312
2025-02-10,SPY,599.5960693359375
2025-02-11,SPY,600.0521850585938
2025-02-12,SPY,598.1190795898438
2025-02-13,SPY,604.4337158203125
2025-02-14,SPY,604.4039916992188
2025-02-17,SPY,604.4039916992188
2025-02-18,SPY,606.1784057617188
2025-02-19,SPY,607.6058959960938
2025-02-20,SPY,605.078125
2025-02-21,SPY,594.728759765625
2025-02-24,SPY,592.0224609375
2025-02-25,SPY,589.0782470703125
2025-02-26,SPY,589.3756713867188
2025-02-27,SPY,579.9680786132812
2025-02-28,SPY,589.0187377929688
2025-03-03,SPY,578.69921875
2025-03-04,SPY,571.8493041992188
2025-03-05,SPY,577.995361328125
2025-03-06,SPY,567.7352905273438
2025-03-07,SPY,570.9173583984375
2025-03-10,SPY,555.710693359375
2025-03-11,SPY,551.0911254882812
2025-03-12,SPY,554.0155639648438
2025-03-13,SPY,546.6301879882812
2025-03-14,SPY,557.9212646484375
2025-03-17,SPY,562.2236328125
2025-03-18,SPY,556.1468505859375
2025-03-19,SPY,562.2037963867188
2025-03-20,SPY,560.5780029296875
2025-03-21,SPY,560.762939453125
2025-03-24,SPY,570.8053588867188
2025-03-25,SPY,572.177490234375
2025-03-26,SPY,565.3466796875
2025-03-27,SPY,563.8452758789062
2025-03-28,SPY,552.4904174804688
2025-03-31,SPY,556.1991577148438
2025-04-01,SPY,557.7700805664062
2025-04-02,SPY,561.2999267578125
2025-04-03,SPY,533.6385498046875
2025-04-04,SPY,502.3977966308594
2025-04-07,SPY,501.5029296875
2025-04-08,SPY,493.64801025390625
2025-04-09,SPY,545.4906005859375
2025-04-10,SPY,521.5877075195312
2025-04-11,SPY,530.894287109375
2025-04-14,SPY,536.0447387695312
2025-04-15,SPY,534.5433349609375
2025-04-16,SPY,522.6614990234375
2025-04-17,SPY,523.4072265625
2025-04-18,SPY,523.4072265625
2025-04-21,SPY,510.94873046875
2025-04-22,SPY,524.2424926757812
2025-04-23,SPY,532.3658447265625
2025-04-24,SPY,543.5715942382812
2025-04-25,SPY,547.4990844726562
2025-04-28,SPY,547.7078247070312
2025-04-29,SPY,551.1580810546875
2025-04-30,SPY,551.3768310546875
2025-05-01,SPY,555.2843627929688
2025-05-02,SPY,563.527099609375
2025-05-05,SPY,560.2955932617188
2025-05-06,SPY,555.6124877929688
2025-05-07,SPY,557.9490966796875
2025-05-08,SPY,561.8367919921875
2025-05-09,SPY,561.1209106445312
2025-05-12,SPY,579.66455078125
2025-05-13,SPY,583.4926147460938
2025-05-14,SPY,584.2383422851562
2025-05-15,SPY,587.0919189453125
2025-05-16,SPY,590.810546875
2025-05-19,SPY,591.4568481445312
2025-05-20,SPY,589.46826171875
2025-05-21,SPY,579.5352783203125
2025-05-22,SPY,579.7639770507812
2025-05-23,SPY,575.806640625
2025-05-26,SPY,575.806640625
2025-05-27,SPY,587.7780151367188
2025-05-28,SPY,584.3775024414062
2025-05-29,SPY,586.6842651367188
2025-05-30,SPY,586.028076171875
2025-06-02,SPY,589.3291015625
2025-06-03,SPY,592.6898193359375
2025-06-04,SPY,592.5307006835938
2025-06-05,SPY,589.6671142578125
2025-06-06,SPY,595.722412109375
2025-06-09,SPY,596.2593383789062
2025-06-10,SPY,599.639892578125
2025-06-11,SPY,597.9297485351562
2025-06-12,SPY,600.3060913085938
2025-06-13,SPY,593.5946044921875
2025-06-16,SPY,599.2421875
2025-06-17,SPY,594.1216430664062
2025-06-18,SPY,594.0321044921875
2025-06-19,SPY,594.0321044921875
2025-06-20,SPY,592.636962890625
2025-06-23,SPY,598.49072265625
2025-06-24,SPY,605.1024169921875
2025-06-25,SPY,605.4414672851562
2025-06-26,SPY,610.1783447265625
2025-06-27,SPY,613.2098999023438
2025-06-30,SPY,616.1417846679688
2025-07-01,SPY,615.9423828125
2025-07-02,SPY,618.734619140625
2025-07-03,SPY,623.611083984375
2025-07-04,SPY,623.611083984375
2025-07-07,SPY,618.9639892578125
2025-07-08,SPY,618.6249389648438
2025-07-09,SPY,622.3345947265625
2025-07-10,SPY,624.0897827148438
2025-07-11,SPY,621.8958129882812
2025-07-14,SPY,623.08251953125
2025-07-15,SPY,620.419921875
2025-07-16,SPY,622.494140625
2025-07-17,SPY,626.3035888671875
2025-07-18,SPY,625.8449096679688
2025-07-21,SPY,627.0316162109375
2025-07-22,SPY,627.121337890625
2025-07-23,SPY,632.4566040039062
2025-07-24,SPY,632.6659545898438
2025-07-25,SPY,635.3385620117188
2025-07-28,SPY,635.1790161132812
2025-07-29,SPY,633.503662109375
2025-07-30,SPY,632.7058715820312
2025-07-31,SPY,630.3324584960938
2025-08-01,SPY,620.0010375976562
2025-08-04,SPY,629.4249267578125
2025-08-05,SPY,626.2337646484375
2025-08-06,SPY,631.030517578125
2025-08-07,SPY,630.501953125
2025-08-08,SPY,635.4183349609375
2025-08-11,SPY,634.1618041992188
2025-08-12,SPY,640.9131469726562
2025-08-13,SPY,643.1070556640625
2025-08-14,SPY,643.1668701171875
2025-08-15,SPY,641.6610717773438
2025-08-18,SPY,641.5214233398438
2025-08-19,SPY,638.0410766601562
2025-08-20,SPY,636.3457641601562
2025-08-21,SPY,633.7928466796875
2025-08-22,SPY,643.52587890625
2025-08-25,SPY,640.6936645507812
2025-08-26,SPY,643.3762817382812
2025-08-27,SPY,644.8422241210938
2025-08-28,SPY,647.1258544921875
2025-08-29,SPY,643.2666015625
2025-09-01,SPY,643.2666015625
2025-09-02,SPY,638.4998168945312
2025-09-03,SPY,641.960205078125
2025-09-04,SPY,647.3253173828125
2025-09-05,SPY,645.4505004882812
2025-09-08,SPY,647.0361328125
2025-09-09,SPY,648.531982421875
2025-09-10,SPY,650.4067993164062
2025-09-11,SPY,655.8118286132812
2025-09-12,SPY,655.5924072265625
2025-09-15,SPY,659.0827026367188
2025-09-16,SPY,658.1752319335938
2025-09-17,SPY,657.3575439453125
2025-09-18,SPY,660.4290161132812
2025-09-19,SPY,663.7000122070312
2025-09-22,SPY,666.8400268554688
2025-09-23,SPY,663.2100219726562
2025-09-24,SPY,661.0999755859375
2025-09-25,SPY,658.0499877929688
2025-09-26,SPY,661.8200073242188
2022-01-03,AGG,100.70843505859375
2022-01-04,AGG,100.6995620727539
2022-01-05,AGG,100.38842010498047
2022-01-06,AGG,100.28175354003906
2022-01-07,AGG,99.9884262084961
2022-01-10,AGG,99.89957427978516
2022-01-11,AGG,100.08621978759766
2022-01-12,AGG,100.08621978759766
2022-01-13,AGG,100.26399230957031
2022-01-14,AGG,99.7039794921875
2022-01-17,AGG,99.7039794921875
2022-01-18,AGG,99.09957122802734
2022-01-19,AGG,99.31291198730469
2022-01-20,AGG,99.36624908447266
2022-01-21,AGG,99.75732421875
2022-01-24,AGG,99.64179992675781
2022-01-25,AGG,99.54397583007812
2022-01-26,AGG,98.98403930664062
2022-01-27,AGG,99.31291198730469
2022-01-28,AGG,99.38397979736328
2022-01-31,AGG,99.3750991821289
2022-02-01,AGG,99.34041595458984
2022-02-02,AGG,99.44722747802734
2022-02-03,AGG,99.04668426513672
2022-02-04,AGG,98.42356872558594
2022-02-07,AGG,98.51255798339844
2022-02-08,AGG,98.20991516113281
2022-02-09,AGG,98.272216796875
2022-02-10,AGG,97.3642807006836
2022-02-11,AGG,98.00516510009766
2022-02-14,AGG,97.43549346923828
2022-02-15,AGG,97.27525329589844
2022-02-16,AGG,97.3909912109375
2022-02-17,AGG,97.5957260131836
2022-02-18,AGG,97.80046844482422
2022-02-21,AGG,97.80046844482422
2022-02-22,AGG,97.6936264038086
2022-02-23,AGG,97.25745391845703
2022-02-24,AGG,97.43549346923828
2022-02-25,AGG,97.53341674804688
2022-02-28,AGG,98.23661804199219
2022-03-01,AGG,98.79022216796875
2022-03-02,AGG,97.60460662841797
2022-03-03,AGG,97.9344253540039
2022-03-04,AGG,98.32666015625
2022-03-07,AGG,97.7561264038086
2022-03-08,AGG,97.40849304199219
2022-03-09,AGG,97.20344543457031
2022-03-10,AGG,96.65962982177734
2022-03-11,AGG,96.641845703125
2022-03-14,AGG,95.70582580566406
2022-03-15,AGG,95.91974639892578
2022-03-16,AGG,95.99105834960938
2022-03-17,AGG,96.1515121459961
2022-03-18,AGG,96.36549377441406
2022-03-21,AGG,95.4205551147461
2022-03-22,AGG,95.16201782226562
2022-03-23,AGG,95.55426788330078
2022-03-24,AGG,95.34032440185547
2022-03-25,AGG,94.58256530761719
2022-03-28,AGG,94.81436920166016
2022-03-29,AGG,95.26010131835938
2022-03-30,AGG,95.51860046386719
2022-03-31,AGG,95.47403717041016
2022-04-01,AGG,95.30438995361328
2022-04-04,AGG,95.384765625
2022-04-05,AGG,94.42056274414062
2022-04-06,AGG,94.17948913574219
2022-04-07,AGG,93.97415924072266
2022-04-08,AGG,93.5009994506836
2022-04-11,AGG,93.09922790527344
2022-04-12,AGG,93.39387512207031
2022-04-13,AGG,93.58132934570312
2022-04-14,AGG,92.82247924804688
2022-04-15,AGG,92.82247924804688
2022-04-18,AGG,92.53677368164062
2022-04-19,AGG,91.97431182861328
2022-04-20,AGG,92.5010757446289
2022-04-21,AGG,91.9921875
2022-04-22,AGG,91.90291595458984
2022-04-25,AGG,92.51891326904297
2022-04-26,AGG,92.80458068847656
2022-04-27,AGG,92.42965698242188
2022-04-28,AGG,92.3939437866211
2022-04-29,AGG,91.84041595458984
2022-05-02,AGG,91.3404541015625
2022-05-03,AGG,91.54617309570312
2022-05-04,AGG,92.13643646240234
2022-05-05,AGG,91.22420501708984
2022-05-06,AGG,90.83965301513672
2022-05-09,AGG,91.28681182861328
2022-05-10,AGG,91.56405639648438
2022-05-11,AGG,91.90390014648438
2022-05-12,AGG,92.0738296508789
2022-05-13,AGG,91.68031311035156
2022-05-16,AGG,91.88602447509766
2022-05-17,AGG,91.38516998291016
2022-05-18,AGG,91.75188446044922
2022-05-19,AGG,91.98442077636719
2022-05-20,AGG,92.26165771484375
2022-05-23,AGG,91.95758056640625
2022-05-24,AGG,92.66413116455078
2022-05-25,AGG,93.04866790771484
2022-05-26,AGG,92.97711944580078
2022-05-27,AGG,93.12916564941406
2022-05-30,AGG,93.12916564941406
2022-05-31,AGG,92.53892517089844
2022-06-01,AGG,92.15898895263672
2022-06-02,AGG,92.27549743652344
2022-06-03,AGG,92.1231689453125
2022-06-06,AGG,91.55873107910156
2022-06-07,AGG,91.90813446044922
2022-06-08,AGG,91.5318603515625
2022-06-09,AGG,91.43327331542969
2022-06-10,AGG,90.72547149658203
2022-06-13,AGG,89.23817443847656
2022-06-14,AGG,88.70954895019531
2022-06-15,AGG,89.69510650634766
2022-06-16,AGG,89.91014862060547
2022-06-17,AGG,89.90117645263672
2022-06-20,AGG,89.90117645263672
2022-06-21,AGG,89.54279327392578
2022-06-22,AGG,90.30435943603516
2022-06-23,AGG,90.68067169189453
2022-06-24,AGG,90.53729248046875
2022-06-27,AGG,90.1341323852539
2022-06-28,AGG,90.16999816894531
2022-06-29,AGG,90.68964385986328
2022-06-30,AGG,91.10177612304688
2022-07-01,AGG,91.86116027832031
2022-07-04,AGG,91.86116027832031
2022-07-05,AGG,92.03170013427734
2022-07-06,AGG,91.41233825683594
2022-07-07,AGG,91.2059097290039
2022-07-08,AGG,90.86483001708984
2022-07-11,AGG,91.28668975830078
2022-07-12,AGG,91.41233825683594
2022-07-13,AGG,91.74444580078125
2022-07-14,AGG,91.42131042480469
2022-07-15,AGG,91.7803726196289
2022-07-18,AGG,91.48414611816406
2022-07-19,AGG,91.35850524902344
2022-07-20,AGG,91.295654296875
2022-07-21,AGG,92.05863189697266
2022-07-22,AGG,92.7767105102539
2022-07-25,AGG,92.43563079833984
2022-07-26,AGG,92.41767883300781
2022-07-27,AGG,92.74081420898438
2022-07-28,AGG,93.40502166748047
2022-07-29,AGG,93.41402435302734
2022-08-01,AGG,93.73777770996094
2022-08-02,AGG,92.7754898071289
2022-08-03,AGG,93.18916320800781
2022-08-04,AGG,93.41403198242188
2022-08-05,AGG,92.37077331542969
2022-08-08,AGG,92.7934799194336
2022-08-09,AGG,92.58660888671875
2022-08-10,AGG,92.82044219970703
2022-08-11,AGG,92.32582092285156
2022-08-12,AGG,92.739501953125
2022-08-15,AGG,92.85640716552734
2022-08-16,AGG,92.72151947021484
2022-08-17,AGG,92.17291259765625
2022-08-18,AGG,92.37077331542969
2022-08-19,AGG,91.7232437133789
2022-08-22,AGG,91.32756805419922
2022-08-23,AGG,91.29156494140625
2022-08-24,AGG,91.04873657226562
2022-08-25,AGG,91.55239868164062
2022-08-26,AGG,91.38150024414062
2022-08-29,AGG,90.94084930419922
2022-08-30,AGG,91.0577621459961
2022-08-31,AGG,90.5721206665039
2022-09-01,AGG,90.17922973632812
2022-09-02,AGG,90.4405288696289
2022-09-05,AGG,90.4405288696289
2022-09-06,AGG,89.59342956542969
2022-09-07,AGG,90.21524047851562
2022-09-08,AGG,89.92689514160156
2022-09-09,AGG,89.91788482666016
2022-09-12,AGG,89.78267669677734
2022-09-13,AGG,89.2780532836914
2022-09-14,AGG,89.39518737792969
2022-09-15,AGG,89.1248550415039
2022-09-16,AGG,89.0617904663086
2022-09-19,AGG,88.92659759521484
2022-09-20,AGG,88.53008270263672
2022-09-21,AGG,88.8094253540039
2022-09-22,AGG,87.86321258544922
2022-09-23,AGG,87.59285736083984
2022-09-26,AGG,86.46640014648438
2022-09-27,AGG,86.0969467163086
2022-09-28,AGG,87.4847183227539
2022-09-29,AGG,87.02513122558594
2022-09-30,AGG,86.81785583496094
2022-10-03,AGG,87.52322387695312
2022-10-04,AGG,87.75804901123047
2022-10-05,AGG,87.29744720458984
2022-10-06,AGG,86.95425415039062
2022-10-07,AGG,86.49365234375
2022-10-10,AGG,86.10528564453125
2022-10-11,AGG,86.15947723388672
2022-10-12,AGG,86.2317123413086
2022-10-13,AGG,85.96078491210938
2022-10-14,AGG,85.49118041992188
2022-10-17,AGG,85.67179870605469
2022-10-18,AGG,85.81629180908203
2022-10-19,AGG,85.07572174072266
2022-10-20,AGG,84.5609130859375
2022-10-21,AGG,84.68738555908203
2022-10-24,AGG,84.56998443603516
2022-10-25,AGG,85.40083312988281
2022-10-26,AGG,85.78015899658203
2022-10-27,AGG,86.21366119384766
2022-10-28,AGG,85.99693298339844
2022-10-31,AGG,85.70791625976562
2022-11-01,AGG,85.86722564697266
2022-11-02,AGG,85.72239685058594
2022-11-03,AGG,85.40557861328125
2022-11-04,AGG,85.39649963378906
2022-11-07,AGG,85.12496948242188
2022-11-08,AGG,85.4870376586914
2022-11-09,AGG,85.58659362792969
2022-11-10,AGG,87.42418670654297
2022-11-11,AGG,87.36077117919922
2022-11-14,AGG,87.11639404296875
2022-11-15,AGG,87.75908660888672
2022-11-16,AGG,88.30220794677734
2022-11-17,AGG,87.93109130859375
2022-11-18,AGG,87.80436706542969
2022-11-21,AGG,87.75003814697266
2022-11-22,AGG,88.20264434814453
2022-11-23,AGG,88.72765350341797
2022-11-24,AGG,88.72765350341797
2022-11-25,AGG,88.74578094482422
2022-11-28,AGG,88.60090637207031
2022-11-29,AGG,88.28411865234375
2022-11-30,AGG,88.97208404541016
2022-12-01,AGG,89.71240234375
2022-12-02,AGG,90.08441925048828
2022-12-05,AGG,89.37669372558594
2022-12-06,AGG,89.63983917236328
2022-12-07,AGG,90.438232421875
2022-12-08,AGG,90.1660385131836
2022-12-09,AGG,89.63076782226562
2022-12-12,AGG,89.64891052246094
2022-12-13,AGG,90.24771881103516
2022-12-14,AGG,90.44729614257812
2022-12-15,AGG,90.5800552368164
2022-12-16,AGG,90.34363555908203
2022-12-19,AGG,89.78890991210938
2022-12-20,AGG,89.1796875
2022-12-21,AGG,89.42520141601562
2022-12-22,AGG,89.3979263305664
2022-12-23,AGG,89.0887451171875
2022-12-26,AGG,89.0887451171875
2022-12-27,AGG,88.44310760498047
2022-12-28,AGG,88.2884750366211
2022-12-29,AGG,88.6158676147461
2022-12-30,AGG,88.19757843017578
2023-01-02,AGG,88.19757843017578
2023-01-03,AGG,88.7159194946289
2023-01-04,AGG,89.20697021484375
2023-01-05,AGG,89.13420867919922
2023-01-06,AGG,90.1072006225586
2023-01-09,AGG,90.33454132080078
2023-01-10,AGG,89.9889907836914
2023-01-11,AGG,90.543701171875
2023-01-12,AGG,91.19841003417969
2023-01-13,AGG,90.86195373535156
2023-01-16,AGG,90.86195373535156
2023-01-17,AGG,90.69829559326172
2023-01-18,AGG,91.59854125976562
2023-01-19,AGG,91.38938903808594
2023-01-20,AGG,91.01654815673828
2023-01-23,AGG,90.78919982910156
2023-01-24,AGG,91.18931579589844
2023-01-25,AGG,91.29843139648438
2023-01-26,AGG,91.14384460449219
2023-01-27,AGG,91.00745391845703
2023-01-30,AGG,90.76192474365234
2023-01-31,AGG,91.13479614257812
2023-02-01,AGG,91.77742767333984
2023-02-02,AGG,91.87771606445312
2023-02-03,AGG,90.99346160888672
2023-02-06,AGG,90.49209594726562
2023-02-07,AGG,90.33714294433594
2023-02-08,AGG,90.46473693847656
2023-02-09,AGG,90.1092300415039
2023-02-10,AGG,89.71726989746094
2023-02-13,AGG,89.9907455444336
2023-02-14,AGG,89.67166900634766
2023-02-15,AGG,89.49849700927734
2023-02-16,AGG,89.12474060058594
2023-02-17,AGG,89.33441925048828
2023-02-20,AGG,89.33441925048828
2023-02-21,AGG,88.4957504272461
2023-02-22,AGG,88.73278045654297
2023-02-23,AGG,89.05182647705078
2023-02-24,AGG,88.54133605957031
2023-02-27,AGG,88.71452331542969
2023-02-28,AGG,88.70542907714844
2023-03-01,AGG,88.19738006591797
2023-03-02,AGG,88.0146255493164
2023-03-03,AGG,88.70907592773438
2023-03-06,AGG,88.4897689819336
2023-03-07,AGG,88.37097930908203
2023-03-08,AGG,88.27958679199219
2023-03-09,AGG,88.59942626953125
2023-03-10,AGG,89.6319580078125
2023-03-13,AGG,90.34473419189453
2023-03-14,AGG,89.81472778320312
2023-03-15,AGG,90.7102279663086
2023-03-16,AGG,90.35384368896484
2023-03-17,AGG,90.92040252685547
2023-03-20,AGG,90.55490112304688
2023-03-21,AGG,90.2807846069336
2023-03-22,AGG,91.14883422851562
2023-03-23,AGG,91.36814880371094
2023-03-24,AGG,91.52349090576172
2023-03-27,AGG,90.53662872314453
2023-03-28,AGG,90.3995590209961
2023-03-29,AGG,90.50921630859375
2023-03-30,AGG,90.60972595214844
2023-03-31,AGG,91.04832458496094
2023-04-03,AGG,91.44408416748047
2023-04-04,AGG,91.78303527832031
2023-04-05,AGG,92.094482421875
2023-04-06,AGG,92.01206970214844
2023-04-07,AGG,92.01206970214844
2023-04-10,AGG,91.37997436523438
2023-04-11,AGG,91.43490600585938
2023-04-12,AGG,91.54486083984375
2023-04-13,AGG,91.5082015991211
2023-04-14,AGG,91.05933380126953
2023-04-17,AGG,90.60128784179688
2023-04-18,AGG,90.7295150756836
2023-04-19,AGG,90.5921401977539
2023-04-20,AGG,91.00434112548828
2023-04-21,AGG,90.84861755371094
2023-04-24,AGG,91.20588684082031
2023-04-25,AGG,91.77389526367188
2023-04-26,AGG,91.43490600585938
2023-04-27,AGG,91.1051254272461
2023-04-28,AGG,91.57231903076172
2023-05-01,AGG,90.6346664428711
2023-05-02,AGG,91.5163345336914
2023-05-03,AGG,91.92039489746094
2023-05-04,AGG,91.8102035522461
2023-05-05,AGG,91.5163345336914
2023-05-08,AGG,91.0112075805664
2023-05-09,AGG,90.92855072021484
2023-05-10,AGG,91.5163345336914
2023-05-11,AGG,91.79180908203125
2023-05-12,AGG,91.27752685546875
2023-05-15,AGG,91.04792022705078
2023-05-16,AGG,90.83672332763672
2023-05-17,AGG,90.69896697998047
2023-05-18,AGG,90.27649688720703
2023-05-19,AGG,90.07447052001953
2023-05-22,AGG,89.99181365966797
2023-05-23,AGG,90.09282684326172
2023-05-24,AGG,89.86323547363281
2023-05-25,AGG,89.53260040283203
2023-05-26,AGG,89.6061019897461
2023-05-29,AGG,89.6061019897461
2023-05-30,AGG,90.20304870605469
2023-05-31,AGG,90.52447509765625
2023-06-01,AGG,90.79885864257812
2023-06-02,AGG,90.3200454711914
2023-06-05,AGG,90.31082153320312
2023-06-06,AGG,90.42134094238281
2023-06-07,AGG,89.9425277709961
2023-06-08,AGG,90.42134094238281
2023-06-09,AGG,90.20954132080078
2023-06-12,AGG,90.36610412597656
2023-06-13,AGG,89.9425277709961
2023-06-14,AGG,90.0254135131836
2023-06-15,AGG,90.65151977539062
2023-06-16,AGG,90.36610412597656
2023-06-19,AGG,90.36610412597656
2023-06-20,AGG,90.5318374633789
2023-06-21,AGG,90.67915344238281
2023-06-22,AGG,90.20954132080078
2023-06-23,AGG,90.47657775878906
2023-06-26,AGG,90.58709716796875
2023-06-27,AGG,90.41212463378906
2023-06-28,AGG,90.67915344238281
2023-06-29,AGG,89.97936248779297
2023-06-30,AGG,90.19114685058594
2023-07-03,AGG,90.08496856689453
2023-07-04,AGG,90.08496856689453
2023-07-05,AGG,89.67877197265625
2023-07-06,AGG,89.09716796875
2023-07-07,AGG,89.1156234741211
2023-07-10,AGG,89.36488342285156
2023-07-11,AGG,89.55876159667969
2023-07-12,AGG,90.28807067871094
2023-07-13,AGG,90.85123443603516
2023-07-14,AGG,90.41732025146484
2023-07-17,AGG,90.51886749267578
2023-07-18,AGG,90.59272003173828
2023-07-19,AGG,90.86969757080078
2023-07-20,AGG,90.39885711669922
2023-07-21,AGG,90.4634780883789
2023-07-24,AGG,90.29730224609375
2023-07-25,AGG,90.19574737548828
2023-07-26,AGG,90.49118041992188
2023-07-27,AGG,89.71569061279297
2023-07-28,AGG,90.06651306152344
2023-07-31,AGG,90.17729949951172
2023-08-01,AGG,89.5802230834961
2023-08-02,AGG,89.36731719970703
2023-08-03,AGG,88.76560974121094
2023-08-04,AGG,89.49690246582031
2023-08-07,AGG,89.51541900634766
2023-08-08,AGG,89.72832489013672
2023-08-09,AGG,89.79313659667969
2023-08-10,AGG,89.20993041992188
2023-08-11,AGG,88.93222045898438
2023-08-14,AGG,88.86743927001953
2023-08-15,AGG,88.6267318725586
2023-08-16,AGG,88.41382598876953
2023-08-17,AGG,88.32125854492188
2023-08-18,AGG,88.51566314697266
2023-08-21,AGG,88.07131958007812
2023-08-22,AGG,88.16387939453125
2023-08-23,AGG,89.00627899169922
2023-08-24,AGG,88.8026351928711
2023-08-25,AGG,88.74708557128906
2023-08-28,AGG,88.94149780273438
2023-08-29,AGG,89.51541900634766
2023-08-30,AGG,89.4783935546875
2023-08-31,AGG,89.60800170898438
2023-09-01,AGG,89.14389038085938
2023-09-04,AGG,89.14389038085938
2023-09-05,AGG,88.66123962402344
2023-09-06,AGG,88.57770538330078
2023-09-07,AGG,88.85616302490234
2023-09-08,AGG,88.90257263183594
2023-09-11,AGG,88.80046081542969
2023-09-12,AGG,88.82830810546875
2023-09-13,AGG,88.95824432373047
2023-09-14,AGG,88.83757781982422
2023-09-15,AGG,88.6333999633789
2023-09-18,AGG,88.76332092285156
2023-09-19,AGG,88.5034408569336
2023-09-20,AGG,88.45702362060547
2023-09-21,AGG,87.85371398925781
2023-09-22,AGG,88.22498321533203
2023-09-25,AGG,87.5288314819336
2023-09-26,AGG,87.41744995117188
2023-09-27,AGG,87.11115264892578
2023-09-28,AGG,87.37103271484375
2023-09-29,AGG,87.28750610351562
2023-10-02,AGG,86.67973327636719
2023-10-03,AGG,86.00029754638672
2023-10-04,AGG,86.60528564453125
2023-10-05,AGG,86.6611099243164
2023-10-06,AGG,86.3260726928711
2023-10-09,AGG,87.21955871582031
2023-10-10,AGG,87.13580322265625
2023-10-11,AGG,87.53600311279297
2023-10-12,AGG,86.78211212158203
2023-10-13,AGG,87.1544189453125
2023-10-16,AGG,86.67042541503906
2023-10-17,AGG,86.04682159423828
2023-10-18,AGG,85.64661407470703
2023-10-19,AGG,85.32084655761719
2023-10-20,AGG,85.62797546386719
2023-10-23,AGG,85.96304321289062
2023-10-24,AGG,86.27019500732422
2023-10-25,AGG,85.62797546386719
2023-10-26,AGG,86.2050552368164
2023-10-27,AGG,86.17711639404297
2023-10-30,AGG,85.97237396240234
2023-10-31,AGG,85.91651916503906
2023-11-01,AGG,86.86595153808594
2023-11-02,AGG,87.38871765136719
2023-11-03,AGG,87.92084503173828
2023-11-06,AGG,87.4820556640625
2023-11-07,AGG,87.94883728027344
2023-11-08,AGG,88.24755859375
2023-11-09,AGG,87.51006317138672
2023-11-10,AGG,87.7154769897461
2023-11-13,AGG,87.70613098144531
2023-11-14,AGG,88.80768585205078
2023-11-15,AGG,88.25691223144531
2023-11-16,AGG,88.74234771728516
2023-11-17,AGG,88.91972351074219
2023-11-20,AGG,89.05975341796875
2023-11-21,AGG,89.15311431884766
2023-11-22,AGG,89.23710632324219
2023-11-23,AGG,89.23710632324219
2023-11-24,AGG,88.82635498046875
2023-11-27,AGG,89.33047485351562
2023-11-28,AGG,89.72258758544922
2023-11-29,AGG,90.16132354736328
2023-11-30,AGG,89.86259460449219
2023-12-01,AGG,90.65274810791016
2023-12-04,AGG,90.30636596679688
2023-12-05,AGG,90.90553283691406
2023-12-06,AGG,91.13957977294922
2023-12-07,AGG,91.16766357421875
2023-12-08,AGG,90.70892333984375
2023-12-11,AGG,90.71829223632812
2023-12-12,AGG,90.98979187011719
2023-12-13,AGG,92.13196563720703
2023-12-14,AGG,92.87556457519531
2023-12-15,AGG,92.65959167480469
2023-12-18,AGG,92.47180938720703
2023-12-19,AGG,92.58450317382812
2023-12-20,AGG,92.9225082397461
2023-12-21,AGG,92.91313934326172
2023-12-22,AGG,92.79106903076172
2023-12-25,AGG,92.79106903076172
2023-12-26,AGG,92.97885131835938
2023-12-27,AGG,93.57034301757812
2023-12-28,AGG,93.36377716064453
2023-12-29,AGG,93.18538665771484
2024-01-01,AGG,93.18538665771484
2024-01-02,AGG,92.74411010742188
2024-01-03,AGG,92.79106903076172
2024-01-04,AGG,92.41551208496094
2024-01-05,AGG,92.19955444335938
2024-01-08,AGG,92.54694366455078
2024-01-09,AGG,92.52816009521484
2024-01-10,AGG,92.34977722167969
2024-01-11,AGG,92.87556457519531
2024-01-12,AGG,93.04454803466797
2024-01-15,AGG,93.04454803466797
2024-01-16,AGG,92.34977722167969
2024-01-17,AGG,92.09626770019531
2024-01-18,AGG,92.01177215576172
2024-01-19,AGG,92.03055572509766
2024-01-22,AGG,92.19955444335938
2024-01-23,AGG,91.97422790527344
2024-01-24,AGG,91.76765441894531
2024-01-25,AGG,92.18077850341797
2024-01-26,AGG,92.0775146484375
2024-01-29,AGG,92.44367980957031
2024-01-30,AGG,92.62208557128906
2024-01-31,AGG,93.04454803466797
2024-02-01,AGG,93.5747299194336
2024-02-02,AGG,92.7177963256836
2024-02-05,AGG,91.95504760742188
2024-02-06,AGG,92.435302734375
2024-02-07,AGG,92.24697875976562
2024-02-08,AGG,91.96446228027344
2024-02-09,AGG,91.93619537353516
2024-02-12,AGG,91.95504760742188
2024-02-13,AGG,91.10752868652344
2024-02-14,AGG,91.512451171875
2024-02-15,AGG,91.72904205322266
2024-02-16,AGG,91.43711853027344
2024-02-19,AGG,91.43711853027344
2024-02-20,AGG,91.52185821533203
2024-02-21,AGG,91.248779296875
2024-02-22,AGG,91.32413482666016
2024-02-23,AGG,91.66310119628906
2024-02-26,AGG,91.4653549194336
2024-02-27,AGG,91.34294128417969
2024-02-28,AGG,91.52185821533203
2024-02-29,AGG,91.67256164550781
2024-03-01,AGG,92.1126480102539
2024-03-04,AGG,91.88597106933594
2024-03-05,AGG,92.38655853271484
2024-03-06,AGG,92.5282211303711
2024-03-07,AGG,92.72655487060547
2024-03-08,AGG,92.81155395507812
2024-03-11,AGG,92.70765686035156
2024-03-12,AGG,92.47154998779297
2024-03-13,AGG,92.30155944824219
2024-03-14,AGG,91.71598052978516
2024-03-15,AGG,91.70653533935547
2024-03-18,AGG,91.6120834350586
2024-03-19,AGG,91.83875274658203
2024-03-20,AGG,92.02764129638672
2024-03-21,AGG,92.09376525878906
2024-03-22,AGG,92.38655853271484
2024-03-25,AGG,92.21652221679688
2024-03-26,AGG,92.31097412109375
2024-03-27,AGG,92.61322784423828
2024-03-28,AGG,92.49988555908203
2024-03-29,AGG,92.49988555908203
2024-04-01,AGG,91.82733154296875
2024-04-02,AGG,91.76103210449219
2024-04-03,AGG,91.81786346435547
2024-04-04,AGG,92.03573608398438
2024-04-05,AGG,91.58103942871094
2024-04-08,AGG,91.49579620361328
2024-04-09,AGG,91.80838012695312
2024-04-10,AGG,90.70955657958984
2024-04-11,AGG,90.72850799560547
2024-04-12,AGG,90.89900970458984
2024-04-15,AGG,90.34960174560547
2024-04-16,AGG,90.09383392333984
2024-04-17,AGG,90.51063537597656
2024-04-18,AGG,90.25486755371094
2024-04-19,AGG,90.34960174560547
2024-04-22,AGG,90.40644073486328
2024-04-23,AGG,90.59587860107422
2024-04-24,AGG,90.35906982421875
2024-04-25,AGG,90.10330200195312
2024-04-26,AGG,90.30223083496094
2024-04-29,AGG,90.57695770263672
2024-04-30,AGG,90.20750427246094
2024-05-01,AGG,90.52584075927734
2024-05-02,AGG,90.93441772460938
2024-05-03,AGG,91.4000244140625
2024-05-06,AGG,91.46653747558594
2024-05-07,AGG,91.65657043457031
2024-05-08,AGG,91.46653747558594
2024-05-09,AGG,91.6375732421875
2024-05-10,AGG,91.44752502441406
2024-05-13,AGG,91.49503326416016
2024-05-14,AGG,91.7420883178711
2024-05-15,AGG,92.35020446777344
2024-05-16,AGG,92.2457046508789
2024-05-17,AGG,91.95114135742188
2024-05-20,AGG,91.86561584472656
2024-05-21,AGG,92.03665161132812
2024-05-22,AGG,91.92262268066406
2024-05-23,AGG,91.66607666015625
2024-05-24,AGG,91.7706069946289
2024-05-27,AGG,91.7706069946289
2024-05-28,AGG,91.3429946899414
2024-05-29,AGG,90.99143981933594
2024-05-30,AGG,91.41901397705078
2024-05-31,AGG,91.71357727050781
2024-06-03,AGG,92.2683334350586
2024-06-04,AGG,92.6019515991211
2024-06-05,AGG,92.88790893554688
2024-06-06,AGG,92.91651916503906
2024-06-07,AGG,92.09675598144531
2024-06-10,AGG,92.02050018310547
2024-06-11,AGG,92.33506774902344
2024-06-12,AGG,92.77352905273438
2024-06-13,AGG,93.2406005859375
2024-06-14,AGG,93.33590698242188
2024-06-17,AGG,93.0022964477539
2024-06-18,AGG,93.33590698242188
2024-06-19,AGG,93.33590698242188
2024-06-20,AGG,93.17386627197266
2024-06-21,AGG,93.18339538574219
2024-06-24,AGG,93.2596435546875
2024-06-25,AGG,93.2501220703125
2024-06-26,AGG,92.83071899414062
2024-06-27,AGG,92.98321533203125
2024-06-28,AGG,92.52569580078125
2024-07-01,AGG,92.0294418334961
2024-07-02,AGG,92.33543395996094
2024-07-03,AGG,92.8326187133789
2024-07-04,AGG,92.8326187133789
2024-07-05,AGG,93.3011474609375
2024-07-08,AGG,93.3298110961914
2024-07-09,AGG,93.24376678466797
2024-07-10,AGG,93.3393783569336
2024-07-11,AGG,93.81745910644531
2024-07-12,AGG,94.07560729980469
2024-07-15,AGG,93.75051879882812
2024-07-16,AGG,94.13297271728516
2024-07-17,AGG,94.1999282836914
2024-07-18,AGG,93.94175720214844
2024-07-19,AGG,93.75051879882812
2024-07-22,AGG,93.71228790283203
2024-07-23,AGG,93.7027359008789
2024-07-24,AGG,93.4158706665039
2024-07-25,AGG,93.67402648925781
2024-07-26,AGG,94.00867462158203
2024-07-29,AGG,94.16167449951172
2024-07-30,AGG,94.25729370117188
2024-07-31,AGG,94.76405334472656
2024-08-01,AGG,95.16111755371094
2024-08-02,AGG,96.22570037841797
2024-08-05,AGG,96.14898681640625
2024-08-06,AGG,95.57353210449219
2024-08-07,AGG,95.28579711914062
2024-08-08,AGG,95.14192962646484
2024-08-09,AGG,95.47761535644531
2024-08-12,AGG,95.64066314697266
2024-08-13,AGG,96.02429962158203
2024-08-14,AGG,96.19693756103516
2024-08-15,AGG,95.79411315917969
2024-08-16,AGG,96.02429962158203
2024-08-19,AGG,96.12979888916016
2024-08-20,AGG,96.41751861572266
2024-08-21,AGG,96.59974670410156
2024-08-22,AGG,96.2065200805664
2024-08-23,AGG,96.64772033691406
2024-08-26,AGG,96.56139373779297
2024-08-27,AGG,96.59015655517578
2024-08-28,AGG,96.50385284423828
2024-08-29,AGG,96.37915802001953
2024-08-30,AGG,96.14898681640625
2024-09-02,AGG,96.14898681640625
2024-09-03,AGG,96.55497741699219
2024-09-04,AGG,96.97830200195312
2024-09-05,AGG,97.22843170166016
2024-09-06,AGG,97.35352325439453
2024-09-09,AGG,97.49781799316406
2024-09-10,AGG,97.79606628417969
2024-09-11,AGG,97.76720428466797
2024-09-12,AGG,97.68061828613281
2024-09-13,AGG,97.88265991210938
2024-09-16,AGG,98.11356353759766
2024-09-17,AGG,98.01734161376953
2024-09-18,AGG,97.70947265625
2024-09-19,AGG,97.71910095214844
2024-09-20,AGG,97.63251495361328
2024-09-23,AGG,97.59403991699219
2024-09-24,AGG,97.7287368774414
2024-09-25,AGG,97.35352325439453
2024-09-26,AGG,97.37274932861328
2024-09-27,AGG,97.65176391601562
2024-09-30,AGG,97.43048095703125
2024-10-01,AGG,97.6881332397461
2024-10-02,AGG,97.48545837402344
2024-10-03,AGG,97.08982849121094
2024-10-04,AGG,96.46256256103516
2024-10-07,AGG,96.13446044921875
2024-10-08,AGG,96.29853057861328
2024-10-09,AGG,96.04762268066406
2024-10-10,AGG,95.98970794677734
2024-10-11,AGG,96.01866912841797
2024-10-14,AGG,95.93181610107422
2024-10-15,AGG,96.31782531738281
2024-10-16,AGG,96.44326782226562
2024-10-17,AGG,95.97040557861328
2024-10-18,AGG,96.0379638671875
2024-10-21,AGG,95.37210083007812
2024-10-22,AGG,95.39140319824219
2024-10-23,AGG,95.15015411376953
2024-10-24,AGG,95.33350372314453
2024-10-25,AGG,95.14048767089844
2024-10-28,AGG,94.98609924316406
2024-10-29,AGG,95.09224700927734
2024-10-30,AGG,94.9957504272461
2024-10-31,AGG,94.97644805908203
2024-11-01,AGG,94.59892272949219
2024-11-04,AGG,94.99580383300781
2024-11-05,AGG,95.21847534179688
2024-11-06,AGG,94.47306060791016
2024-11-07,AGG,95.18941497802734
2024-11-08,AGG,95.35399627685547
2024-11-11,AGG,95.1410140991211
2024-11-12,AGG,94.58922576904297
2024-11-13,AGG,94.56985473632812
2024-11-14,AGG,94.53113555908203
2024-11-15,AGG,94.54083251953125
2024-11-18,AGG,94.62793731689453
2024-11-19,AGG,94.76347351074219
2024-11-20,AGG,94.66667175292969
2024-11-21,AGG,94.61824798583984
2024-11-22,AGG,94.68601989746094
2024-11-25,AGG,95.53791809082031
2024-11-26,AGG,95.39271545410156
2024-11-27,AGG,95.65409851074219
2024-11-28,AGG,95.65409851074219
2024-11-29,AGG,96.03162384033203
2024-12-02,AGG,96.04328155517578
2024-12-03,AGG,95.85877990722656
2024-12-04,AGG,96.16954040527344
2024-12-05,AGG,96.18894958496094
2024-12-06,AGG,96.46086120605469
2024-12-09,AGG,96.17924499511719
2024-12-10,AGG,96.06269836425781
2024-12-11,AGG,95.83935546875
2024-12-12,AGG,95.4509048461914
2024-12-13,AGG,95.09159088134766
2024-12-16,AGG,95.17899322509766
2024-12-17,AGG,95.17899322509766
2024-12-18,AGG,94.4541244506836
2024-12-19,AGG,94.2105712890625
2024-12-20,AGG,94.46388244628906
2024-12-23,AGG,94.17161560058594
2024-12-24,AGG,94.27876281738281
2024-12-25,AGG,94.27876281738281
2024-12-26,AGG,94.34697723388672
2024-12-27,AGG,94.15211486816406
2024-12-30,AGG,94.5223388671875
2024-12-31,AGG,94.40543365478516
2025-01-01,AGG,94.40543365478516
2025-01-02,AGG,94.41517639160156
2025-01-03,AGG,94.31776428222656
2025-01-06,AGG,94.22032165527344
2025-01-07,AGG,93.88908386230469
2025-01-08,AGG,93.9962387084961
2025-01-09,AGG,93.9962387084961
2025-01-10,AGG,93.47014617919922
2025-01-13,AGG,93.3824691772461
2025-01-14,AGG,93.41168975830078
2025-01-15,AGG,94.22032165527344
2025-01-16,AGG,94.42491149902344
2025-01-17,AGG,94.42491149902344
2025-01-20,AGG,94.42491149902344
2025-01-21,AGG,94.7366714477539
2025-01-22,AGG,94.51260375976562
2025-01-23,AGG,94.35671997070312
2025-01-24,AGG,94.51260375976562
2025-01-27,AGG,95.0386962890625
2025-01-28,AGG,95.00946807861328
2025-01-29,AGG,94.95101165771484
2025-01-30,AGG,95.08740234375
2025-01-31,AGG,94.89257049560547
2025-02-03,AGG,94.98249053955078
2025-02-04,AGG,95.15843963623047
2025-02-05,AGG,95.66674041748047
2025-02-06,AGG,95.56898498535156
2025-02-07,AGG,95.26596069335938
2025-02-10,AGG,95.29528045654297
2025-02-11,AGG,95.08024597167969
2025-02-12,AGG,94.58172607421875
2025-02-13,AGG,95.1486587524414
2025-02-14,AGG,95.50054931640625
2025-02-17,AGG,95.50054931640625
2025-02-18,AGG,95.11933135986328
2025-02-19,AGG,95.25617980957031
2025-02-20,AGG,95.40281677246094
2025-02-21,AGG,95.8133544921875
2025-02-24,AGG,95.97953033447266
2025-02-25,AGG,96.57579803466797
2025-02-26,AGG,96.73219299316406
2025-02-27,AGG,96.58557891845703
2025-02-28,AGG,97.01567077636719
2025-03-03,AGG,97.22549438476562
2025-03-04,AGG,96.98037719726562
2025-03-05,AGG,96.64700317382812
2025-03-06,AGG,96.54894256591797
2025-03-07,AGG,96.43128967285156
2025-03-10,AGG,96.89212799072266
2025-03-11,AGG,96.54894256591797
2025-03-12,AGG,96.26461791992188
2025-03-13,AGG,96.55875396728516
2025-03-14,AGG,96.36265563964844
2025-03-17,AGG,96.49012756347656
2025-03-18,AGG,96.58817291259766
2025-03-19,AGG,96.87251281738281
2025-03-20,AGG,96.93134307861328
2025-03-21,AGG,96.81368255615234
2025-03-24,AGG,96.44110107421875
2025-03-25,AGG,96.52933502197266
2025-03-26,AGG,96.29402160644531
2025-03-27,AGG,96.24500274658203
2025-03-28,AGG,96.80388641357422
2025-03-31,AGG,96.99016571044922
2025-04-01,AGG,97.34923553466797
2025-04-02,AGG,97.24102020263672
2025-04-03,AGG,97.75255584716797
2025-04-04,AGG,97.84109497070312
2025-04-07,AGG,96.60160064697266
2025-04-08,AGG,96.09989929199219
2025-04-09,AGG,96.31632232666016
2025-04-10,AGG,95.55885314941406
2025-04-11,AGG,95.46048736572266
2025-04-14,AGG,96.02120971679688
2025-04-15,AGG,96.21794891357422
2025-04-16,AGG,96.52291107177734
2025-04-17,AGG,96.2769775390625
2025-04-18,AGG,96.2769775390625
2025-04-21,AGG,95.69657897949219
2025-04-22,AGG,95.87364959716797
2025-04-23,AGG,96.10973358154297
2025-04-24,AGG,96.64095306396484
2025-04-25,AGG,96.9950942993164
2025-04-28,AGG,97.26069641113281
2025-04-29,AGG,97.49678802490234
2025-04-30,AGG,97.40824890136719
2025-05-01,AGG,97.14276123046875
2025-05-02,AGG,96.6690444946289
2025-05-05,AGG,96.50126647949219
2025-05-06,AGG,96.7381362915039
2025-05-07,AGG,96.88616943359375
2025-05-08,AGG,96.38284301757812
2025-05-09,AGG,96.48153686523438
2025-05-12,AGG,96.15585327148438
2025-05-13,AGG,96.0571517944336
2025-05-14,AGG,95.78081512451172
2025-05-15,AGG,96.32362365722656
2025-05-16,AGG,96.38284301757812
2025-05-19,AGG,96.35322570800781
2025-05-20,AGG,96.18546295166016
2025-05-21,AGG,95.55382537841797
2025-05-22,AGG,95.83016967773438
2025-05-23,AGG,95.96833038330078
2025-05-26,AGG,95.96833038330078
2025-05-27,AGG,96.40258026123047
2025-05-28,AGG,96.22493743896484
2025-05-29,AGG,96.5802230834961
2025-05-30,AGG,96.81708526611328
2025-06-02,AGG,96.56260681152344
2025-06-03,AGG,96.49329376220703
2025-06-04,AGG,97.0676040649414
2025-06-05,AGG,96.82005310058594
2025-06-06,AGG,96.32496643066406
2025-06-09,AGG,96.44378662109375
2025-06-10,AGG,96.66162872314453
2025-06-11,AGG,96.98838806152344
2025-06-12,AGG,97.34485626220703
2025-06-13,AGG,96.998291015625
2025-06-16,AGG,96.80025482177734
2025-06-17,AGG,97.09730529785156
2025-06-18,AGG,97.16661834716797
2025-06-19,AGG,97.16661834716797
2025-06-20,AGG,97.2557373046875
2025-06-23,AGG,97.45378112792969
2025-06-24,AGG,97.849853515625
2025-06-25,AGG,97.83995056152344
2025-06-26,AGG,98.10729217529297
2025-06-27,AGG,97.83004760742188
2025-06-30,AGG,98.22611999511719
2025-07-01,AGG,98.1357192993164
2025-07-02,AGG,98.01651000976562
2025-07-03,AGG,97.81784057617188
2025-07-04,AGG,97.81784057617188
2025-07-07,AGG,97.47016143798828
2025-07-08,AGG,97.43042755126953
2025-07-09,AGG,97.83770751953125
2025-07-10,AGG,97.80790710449219
2025-07-11,AGG,97.40062713623047
2025-07-14,AGG,97.39068603515625
2025-07-15,AGG,97.10260772705078
2025-07-16,AGG,97.2416763305664
2025-07-17,AGG,97.28141784667969
2025-07-18,AGG,97.4602279663086
2025-07-21,AGG,97.72843170166016
2025-07-22,AGG,97.91717529296875
2025-07-23,AGG,97.6986312866211
2025-07-24,AGG,97.6390380859375
2025-07-25,AGG,97.79796600341797
2025-07-28,AGG,97.66883087158203
2025-07-29,AGG,98.19532012939453
2025-07-30,AGG,97.91717529296875
2025-07-31,AGG,97.96685028076172
2025-08-01,AGG,98.81405639648438
2025-08-04,AGG,98.89379119873047
2025-08-05,AGG,98.92369079589844
2025-08-06,AGG,98.88381958007812
2025-08-07,AGG,98.80408477783203
2025-08-08,AGG,98.61471557617188
2025-08-11,AGG,98.68448638916016
2025-08-12,AGG,98.68448638916016
2025-08-13,AGG,99.04330444335938
2025-08-14,AGG,98.76421356201172
2025-08-15,AGG,98.61471557617188
2025-08-18,AGG,98.50507354736328
2025-08-19,AGG,98.69444274902344
2025-08-20,AGG,98.7542495727539
2025-08-21,AGG,98.52500915527344
2025-08-22,AGG,99.07320404052734
2025-08-25,AGG,98.92369079589844
2025-08-26,AGG,99.04330444335938
2025-08-27,AGG,99.1429672241211
2025-08-28,AGG,99.2625732421875
2025-08-29,AGG,99.13300323486328
2025-09-01,AGG,99.13300323486328
2025-09-02,AGG,98.87000274658203
2025-09-03,AGG,99.2300033569336
2025-09-04,AGG,99.62999725341797
2025-09-05,AGG,100.0999984741211
2025-09-08,AGG,100.44000244140625
2025-09-09,AGG,100.23999786376953
2025-09-10,AGG,100.44000244140625
2025-09-11,AGG,100.62999725341797
2025-09-12,AGG,100.54000091552734
2025-09-15,AGG,100.70999908447266
2025-09-16,AGG,100.75
2025-09-17,AGG,100.56999969482422
2025-09-18,AGG,100.29000091552734
2025-09-19,AGG,100.29000091552734
2025-09-22,AGG,100.16999816894531
2025-09-23,AGG,100.33000183105469
2025-09-24,AGG,100.13999938964844
2025-09-25,AGG,100.0
2025-09-26,AGG,100.06999969482422
2022-01-03,EUINFRA,42.935279846191406
2022-01-04,EUINFRA,42.953224182128906
2022-01-05,EUINFRA,42.57621383666992
2022-01-06,EUINFRA,42.54030227661133
2022-01-07,EUINFRA,42.78268051147461
2022-01-10,EUINFRA,42.71086502075195
2022-01-11,EUINFRA,42.84550857543945
2022-01-12,EUINFRA,43.25843811035156
2022-01-13,EUINFRA,43.24048614501953
2022-01-14,EUINFRA,43.29434585571289
2022-01-17,EUINFRA,43.29434585571289
2022-01-18,EUINFRA,42.77369689941406
2022-01-19,EUINFRA,42.80960464477539
2022-01-20,EUINFRA,42.58518981933594
2022-01-21,EUINFRA,42.34281921386719
2022-01-24,EUINFRA,41.89398956298828
2022-01-25,EUINFRA,41.84012985229492
2022-01-26,EUINFRA,41.642642974853516
2022-01-27,EUINFRA,41.55287551879883
2022-01-28,EUINFRA,41.76831817626953
2022-01-31,EUINFRA,42.40565490722656
2022-02-01,EUINFRA,42.64802551269531
2022-02-02,EUINFRA,42.953224182128906
2022-02-03,EUINFRA,42.755741119384766
2022-02-04,EUINFRA,42.61212158203125
2022-02-07,EUINFRA,42.59416580200195
2022-02-08,EUINFRA,42.89039611816406
2022-02-09,EUINFRA,43.50978469848633
2022-02-10,EUINFRA,43.05197525024414
2022-02-11,EUINFRA,42.80960464477539
2022-02-14,EUINFRA,42.297935485839844
2022-02-15,EUINFRA,42.665977478027344
2022-02-16,EUINFRA,42.791648864746094
2022-02-17,EUINFRA,42.82756042480469
2022-02-18,EUINFRA,42.49542236328125
2022-02-21,EUINFRA,42.49542236328125
2022-02-22,EUINFRA,42.190216064453125
2022-02-23,EUINFRA,41.85808181762695
2022-02-24,EUINFRA,41.67854690551758
2022-02-25,EUINFRA,42.953224182128906
2022-02-28,EUINFRA,43.231510162353516
2022-03-01,EUINFRA,42.36077880859375
2022-03-02,EUINFRA,42.953224182128906
2022-03-03,EUINFRA,42.70188903808594
2022-03-04,EUINFRA,42.71086502075195
2022-03-07,EUINFRA,42.055564880371094
2022-03-08,EUINFRA,42.073516845703125
2022-03-09,EUINFRA,42.953224182128906
2022-03-10,EUINFRA,42.76472091674805
2022-03-11,EUINFRA,42.5223503112793
2022-03-14,EUINFRA,42.24407958984375
2022-03-15,EUINFRA,42.62109375
2022-03-16,EUINFRA,43.0878791809082
2022-03-17,EUINFRA,43.52773666381836
2022-03-18,EUINFRA,43.92271041870117
2022-03-21,EUINFRA,43.92271041870117
2022-03-22,EUINFRA,44.09326171875
2022-03-23,EUINFRA,44.00349426269531
2022-03-24,EUINFRA,44.5780029296875
2022-03-25,EUINFRA,45.125579833984375
2022-03-28,EUINFRA,45.03580856323242
2022-03-29,EUINFRA,45.484642028808594
2022-03-30,EUINFRA,45.73598861694336
2022-03-31,EUINFRA,45.65520477294922
2022-04-01,EUINFRA,46.05915069580078
2022-04-04,EUINFRA,45.87063980102539
2022-04-05,EUINFRA,45.682132720947266
2022-04-06,EUINFRA,45.96040344238281
2022-04-07,EUINFRA,45.996315002441406
2022-04-08,EUINFRA,46.30152130126953
2022-04-11,EUINFRA,45.78984832763672
2022-04-12,EUINFRA,45.78984832763672
2022-04-13,EUINFRA,46.22970199584961
2022-04-14,EUINFRA,46.328453063964844
2022-04-15,EUINFRA,46.328453063964844
2022-04-18,EUINFRA,46.02324676513672
2022-04-19,EUINFRA,46.355377197265625
2022-04-20,EUINFRA,46.64262771606445
2022-04-21,EUINFRA,45.96040344238281
2022-04-22,EUINFRA,45.29613494873047
2022-04-25,EUINFRA,44.97297668457031
2022-04-26,EUINFRA,44.515167236328125
2022-04-27,EUINFRA,44.61391067504883
2022-04-28,EUINFRA,45.143531799316406
2022-04-29,EUINFRA,43.85089874267578
2022-05-02,EUINFRA,43.86884689331055
2022-05-03,EUINFRA,44.28177261352539
2022-05-04,EUINFRA,45.179443359375
2022-05-05,EUINFRA,44.22792053222656
2022-05-06,EUINFRA,44.371543884277344
2022-05-09,EUINFRA,43.25843811035156
2022-05-10,EUINFRA,42.953224182128906
2022-05-11,EUINFRA,42.98016357421875
2022-05-12,EUINFRA,42.719844818115234
2022-05-13,EUINFRA,43.70726776123047
2022-05-16,EUINFRA,44.12916946411133
2022-05-17,EUINFRA,44.856285095214844
2022-05-18,EUINFRA,44.209964752197266
2022-05-19,EUINFRA,44.47925567626953
2022-05-20,EUINFRA,44.67674255371094
2022-05-23,EUINFRA,45.28716278076172
2022-05-24,EUINFRA,45.42180252075195
2022-05-25,EUINFRA,45.60133743286133
2022-05-26,EUINFRA,45.71803665161133
2022-05-27,EUINFRA,46.22072982788086
2022-05-30,EUINFRA,46.22072982788086
2022-05-31,EUINFRA,45.88859176635742
2022-06-01,EUINFRA,45.82575225830078
2022-06-02,EUINFRA,46.355377197265625
2022-06-03,EUINFRA,46.095054626464844
2022-06-06,EUINFRA,46.12199020385742
2022-06-07,EUINFRA,46.247657775878906
2022-06-08,EUINFRA,45.87063980102539
2022-06-09,EUINFRA,44.728309631347656
2022-06-10,EUINFRA,44.28230667114258
2022-06-13,EUINFRA,42.68031311035156
2022-06-14,EUINFRA,41.9703369140625
2022-06-15,EUINFRA,42.25250244140625
2022-06-16,EUINFRA,41.278568267822266
2022-06-17,EUINFRA,41.214847564697266
2022-06-20,EUINFRA,41.214847564697266
2022-06-21,EUINFRA,42.01585006713867
2022-06-22,EUINFRA,41.806495666503906
2022-06-23,EUINFRA,42.03404998779297
2022-06-24,EUINFRA,42.73492431640625
2022-06-27,EUINFRA,42.8077392578125
2022-06-28,EUINFRA,42.780433654785156
2022-06-29,EUINFRA,42.60749435424805
2022-06-30,EUINFRA,42.55288314819336
2022-07-01,EUINFRA,43.07170104980469
2022-07-04,EUINFRA,43.07170104980469
2022-07-05,EUINFRA,41.90662384033203
2022-07-06,EUINFRA,41.77008819580078
2022-07-07,EUINFRA,42.11597442626953
2022-07-08,EUINFRA,42.25250244140625
2022-07-11,EUINFRA,41.90662384033203
2022-07-12,EUINFRA,41.65176010131836
2022-07-13,EUINFRA,41.70637512207031
2022-07-14,EUINFRA,41.624454498291016
2022-07-15,EUINFRA,41.861106872558594
2022-07-18,EUINFRA,42.0522575378418
2022-07-19,EUINFRA,42.589290618896484
2022-07-20,EUINFRA,42.134178161621094
2022-07-21,EUINFRA,42.15238571166992
2022-07-22,EUINFRA,42.452754974365234
2022-07-25,EUINFRA,42.871456146240234
2022-07-26,EUINFRA,42.74402618408203
2022-07-27,EUINFRA,43.23554992675781
2022-07-28,EUINFRA,43.77257537841797
2022-07-29,EUINFRA,44.0456428527832
2022-08-01,EUINFRA,44.00923538208008
2022-08-02,EUINFRA,43.535919189453125
2022-08-03,EUINFRA,43.95462417602539
2022-08-04,EUINFRA,43.95462417602539
2022-08-05,EUINFRA,43.681556701660156
2022-08-08,EUINFRA,44.03654479980469
2022-08-09,EUINFRA,44.200382232666016
2022-08-10,EUINFRA,44.59178161621094
2022-08-11,EUINFRA,44.88304901123047
2022-08-12,EUINFRA,45.20162582397461
2022-08-15,EUINFRA,44.9649658203125
2022-08-16,EUINFRA,45.32905578613281
2022-08-17,EUINFRA,45.20162582397461
2022-08-18,EUINFRA,45.1561164855957
2022-08-19,EUINFRA,44.819339752197266
2022-08-22,EUINFRA,44.227691650390625
2022-08-23,EUINFRA,44.48255157470703
2022-08-24,EUINFRA,44.5644645690918
2022-08-25,EUINFRA,44.97406768798828
2022-08-26,EUINFRA,44.09115982055664
2022-08-29,EUINFRA,44.10935592651367
2022-08-30,EUINFRA,43.426692962646484
2022-08-31,EUINFRA,43.080806732177734
2022-09-01,EUINFRA,42.980682373046875
2022-09-02,EUINFRA,42.85325241088867
2022-09-05,EUINFRA,42.85325241088867
2022-09-06,EUINFRA,42.53467559814453
2022-09-07,EUINFRA,43.29926300048828
2022-09-08,EUINFRA,43.24464416503906
2022-09-09,EUINFRA,43.96372604370117
2022-09-12,EUINFRA,44.38242721557617
2022-09-13,EUINFRA,43.39938735961914
2022-09-14,EUINFRA,43.6269416809082
2022-09-15,EUINFRA,43.02619934082031
2022-09-16,EUINFRA,42.498268127441406
2022-09-19,EUINFRA,42.84415054321289
2022-09-20,EUINFRA,42.22520065307617
2022-09-21,EUINFRA,41.460609436035156
2022-09-22,EUINFRA,41.38779830932617
2022-09-23,EUINFRA,39.96785354614258
2022-09-26,EUINFRA,39.17595672607422
2022-09-27,EUINFRA,38.702640533447266
2022-09-28,EUINFRA,39.55824279785156
2022-09-29,EUINFRA,38.66623306274414
2022-09-30,EUINFRA,38.074588775634766
2022-10-03,EUINFRA,38.930198669433594
2022-10-04,EUINFRA,39.89503479003906
2022-10-05,EUINFRA,39.35800552368164
2022-10-06,EUINFRA,38.53880310058594
2022-10-07,EUINFRA,37.956260681152344
2022-10-10,EUINFRA,37.692291259765625
2022-10-11,EUINFRA,37.42832565307617
2022-10-12,EUINFRA,36.927703857421875
2022-10-13,EUINFRA,37.87434005737305
2022-10-14,EUINFRA,37.2371826171875
2022-10-17,EUINFRA,38.074588775634766
2022-10-18,EUINFRA,38.48418426513672
2022-10-19,EUINFRA,38.283939361572266
2022-10-20,EUINFRA,37.92894744873047
2022-10-21,EUINFRA,38.4750862121582
2022-10-24,EUINFRA,38.43867111206055
2022-10-25,EUINFRA,39.012115478515625
2022-10-26,EUINFRA,39.421714782714844
2022-10-27,EUINFRA,39.62196350097656
2022-10-28,EUINFRA,40.18630599975586
2022-10-31,EUINFRA,40.11348342895508
2022-11-01,EUINFRA,40.35923767089844
2022-11-02,EUINFRA,39.82221221923828
2022-11-03,EUINFRA,39.76759719848633
2022-11-04,EUINFRA,40.55038833618164
2022-11-07,EUINFRA,40.404754638671875
2022-11-08,EUINFRA,40.72333526611328
2022-11-09,EUINFRA,40.10438537597656
2022-11-10,EUINFRA,41.933929443359375
2022-11-11,EUINFRA,42.288917541503906
2022-11-14,EUINFRA,41.861106872558594
2022-11-15,EUINFRA,42.19789123535156
2022-11-16,EUINFRA,42.29801559448242
2022-11-17,EUINFRA,41.870208740234375
2022-11-18,EUINFRA,42.26160430908203
2022-11-21,EUINFRA,42.25250244140625
2022-11-22,EUINFRA,42.707618713378906
2022-11-23,EUINFRA,43.12631607055664
2022-11-24,EUINFRA,43.12631607055664
2022-11-25,EUINFRA,43.326568603515625
2022-11-28,EUINFRA,42.84415054321289
2022-11-29,EUINFRA,42.598388671875
2022-11-30,EUINFRA,43.608741760253906
2022-12-01,EUINFRA,43.78167724609375
2022-12-02,EUINFRA,43.545021057128906
2022-12-05,EUINFRA,42.871456146240234
2022-12-06,EUINFRA,42.82594680786133
2022-12-07,EUINFRA,42.85325241088867
2022-12-08,EUINFRA,43.0990104675293
2022-12-09,EUINFRA,42.798641204833984
2022-12-12,EUINFRA,43.34477233886719
2022-12-13,EUINFRA,43.784645080566406
2022-12-14,EUINFRA,43.65580749511719
2022-12-15,EUINFRA,42.87361526489258
2022-12-16,EUINFRA,42.05460739135742
2022-12-19,EUINFRA,41.85215759277344
2022-12-20,EUINFRA,41.88896942138672
2022-12-21,EUINFRA,42.51472473144531
2022-12-22,EUINFRA,42.17424011230469
2022-12-23,EUINFRA,42.763187408447266
2022-12-26,EUINFRA,42.763187408447266
2022-12-27,EUINFRA,42.85520935058594
2022-12-28,EUINFRA,42.229454040527344
2022-12-29,EUINFRA,42.625152587890625
2022-12-30,EUINFRA,42.183441162109375
2023-01-02,EUINFRA,42.183441162109375
2023-01-03,EUINFRA,42.17424011230469
2023-01-04,EUINFRA,42.790794372558594
2023-01-05,EUINFRA,42.63435745239258
2023-01-06,EUINFRA,43.53618240356445
2023-01-09,EUINFRA,43.812252044677734
2023-01-10,EUINFRA,43.67421340942383
2023-01-11,EUINFRA,44.12512969970703
2023-01-12,EUINFRA,44.49322509765625
2023-01-13,EUINFRA,44.58524703979492
2023-01-16,EUINFRA,44.58524703979492
2023-01-17,EUINFRA,44.557640075683594
2023-01-18,EUINFRA,44.07911682128906
2023-01-19,EUINFRA,44.12512969970703
2023-01-20,EUINFRA,44.64045715332031
2023-01-23,EUINFRA,44.66807174682617
2023-01-24,EUINFRA,44.77849578857422
2023-01-25,EUINFRA,44.65886306762695
2023-01-26,EUINFRA,44.732486724853516
2023-01-27,EUINFRA,44.61285400390625
2023-01-30,EUINFRA,44.088321685791016
2023-01-31,EUINFRA,44.410400390625
2023-02-01,EUINFRA,44.80610275268555
2023-02-02,EUINFRA,44.77849578857422
2023-02-03,EUINFRA,44.07911682128906
2023-02-06,EUINFRA,43.9594841003418
2023-02-07,EUINFRA,44.0975227355957
2023-02-08,EUINFRA,43.7202262878418
2023-02-09,EUINFRA,43.526973724365234
2023-02-10,EUINFRA,43.75703811645508
2023-02-13,EUINFRA,44.24475860595703
2023-02-14,EUINFRA,44.06991195678711
2023-02-15,EUINFRA,44.106727600097656
2023-02-16,EUINFRA,43.80305099487305
2023-02-17,EUINFRA,43.867462158203125
2023-02-20,EUINFRA,43.867462158203125
2023-02-21,EUINFRA,43.066856384277344
2023-02-22,EUINFRA,42.993247985839844
2023-02-23,EUINFRA,43.306121826171875
2023-02-24,EUINFRA,42.993247985839844
2023-02-27,EUINFRA,43.10367202758789
2023-02-28,EUINFRA,42.809200286865234
2023-03-01,EUINFRA,42.8368034362793
2023-03-02,EUINFRA,43.10367202758789
2023-03-03,EUINFRA,43.70182418823242
2023-03-06,EUINFRA,43.554588317871094
2023-03-07,EUINFRA,42.8368034362793
2023-03-08,EUINFRA,43.07606506347656
2023-03-09,EUINFRA,42.625152587890625
2023-03-10,EUINFRA,42.49631881713867
2023-03-13,EUINFRA,42.61595153808594
2023-03-14,EUINFRA,43.066856384277344
2023-03-15,EUINFRA,42.468711853027344
2023-03-16,EUINFRA,42.882816314697266
2023-03-17,EUINFRA,42.385887145996094
2023-03-20,EUINFRA,42.726375579833984
2023-03-21,EUINFRA,42.77238845825195
2023-03-22,EUINFRA,42.349082946777344
2023-03-23,EUINFRA,42.17424011230469
2023-03-24,EUINFRA,42.35828399658203
2023-03-27,EUINFRA,42.71717071533203
2023-03-28,EUINFRA,42.93803024291992
2023-03-29,EUINFRA,43.53618240356445
2023-03-30,EUINFRA,43.867462158203125
2023-03-31,EUINFRA,43.89506912231445
2023-04-03,EUINFRA,44.023902893066406
2023-04-04,EUINFRA,44.106727600097656
2023-04-05,EUINFRA,44.51162338256836
2023-04-06,EUINFRA,44.69567108154297
2023-04-07,EUINFRA,44.69567108154297
2023-04-10,EUINFRA,44.787696838378906
2023-04-11,EUINFRA,44.90732955932617
2023-04-12,EUINFRA,44.96254348754883
2023-04-13,EUINFRA,45.1741943359375
2023-04-14,EUINFRA,44.77849578857422
2023-04-17,EUINFRA,44.91653060913086
2023-04-18,EUINFRA,44.704872131347656
2023-04-19,EUINFRA,44.94413375854492
2023-04-20,EUINFRA,44.84291076660156
2023-04-21,EUINFRA,44.80610275268555
2023-04-24,EUINFRA,45.13738250732422
2023-04-25,EUINFRA,44.71407699584961
2023-04-26,EUINFRA,44.40119934082031
2023-04-27,EUINFRA,44.89812469482422
2023-04-28,EUINFRA,45.06376647949219
2023-05-01,EUINFRA,45.036155700683594
2023-05-02,EUINFRA,44.52083206176758
2023-05-03,EUINFRA,44.40119934082031
2023-05-04,EUINFRA,44.41960525512695
2023-05-05,EUINFRA,45.06376647949219
2023-05-08,EUINFRA,45.036155700683594
2023-05-09,EUINFRA,45.082176208496094
2023-05-10,EUINFRA,45.229408264160156
2023-05-11,EUINFRA,44.769290924072266
2023-05-12,EUINFRA,44.888919830322266
2023-05-15,EUINFRA,44.750885009765625
2023-05-16,EUINFRA,44.0975227355957
2023-05-17,EUINFRA,44.19874572753906
2023-05-18,EUINFRA,43.9594841003418
2023-05-19,EUINFRA,43.85826110839844
2023-05-22,EUINFRA,43.85826110839844
2023-05-23,EUINFRA,43.425750732421875
2023-05-24,EUINFRA,43.085262298583984
2023-05-25,EUINFRA,42.53313064575195
2023-05-26,EUINFRA,42.827598571777344
2023-05-29,EUINFRA,42.827598571777344
2023-05-30,EUINFRA,42.53313064575195
2023-05-31,EUINFRA,42.60674285888672
2023-06-01,EUINFRA,42.69877243041992
2023-06-02,EUINFRA,43.269317626953125
2023-06-05,EUINFRA,43.05766296386719
2023-06-06,EUINFRA,43.27851486206055
2023-06-07,EUINFRA,43.460575103759766
2023-06-08,EUINFRA,43.563270568847656
2023-06-09,EUINFRA,43.41389083862305
2023-06-12,EUINFRA,43.357872009277344
2023-06-13,EUINFRA,43.4979248046875
2023-06-14,EUINFRA,43.637969970703125
2023-06-15,EUINFRA,44.04876708984375
2023-06-16,EUINFRA,44.24482345581055
2023-06-19,EUINFRA,44.24482345581055
2023-06-20,EUINFRA,43.731327056884766
2023-06-21,EUINFRA,44.03009033203125
2023-06-22,EUINFRA,43.65663528442383
2023-06-23,EUINFRA,42.937740325927734
2023-06-26,EUINFRA,43.311195373535156
2023-06-27,EUINFRA,43.5352668762207
2023-06-28,EUINFRA,43.39521789550781
2023-06-29,EUINFRA,43.44190216064453
2023-06-30,EUINFRA,43.83402633666992
2023-07-03,EUINFRA,44.10478210449219
2023-07-04,EUINFRA,44.10478210449219
2023-07-05,EUINFRA,43.83402633666992
2023-07-06,EUINFRA,43.27384948730469
2023-07-07,EUINFRA,43.4979248046875
2023-07-10,EUINFRA,43.34853744506836
2023-07-11,EUINFRA,43.88071060180664
2023-07-12,EUINFRA,44.431556701660156
2023-07-13,EUINFRA,44.842350006103516
2023-07-14,EUINFRA,44.3661994934082
2023-07-17,EUINFRA,44.14212417602539
2023-07-18,EUINFRA,44.17947006225586
2023-07-19,EUINFRA,44.24482345581055
2023-07-20,EUINFRA,44.440887451171875
2023-07-21,EUINFRA,44.767662048339844
2023-07-24,EUINFRA,44.692970275878906
2023-07-25,EUINFRA,44.53425216674805
2023-07-26,EUINFRA,44.85169219970703
2023-07-27,EUINFRA,44.35685729980469
2023-07-28,EUINFRA,44.34752655029297
2023-07-31,EUINFRA,44.63695526123047
2023-08-01,EUINFRA,43.92739486694336
2023-08-02,EUINFRA,43.301856994628906
2023-08-03,EUINFRA,42.99375915527344
2023-08-04,EUINFRA,42.937740325927734
2023-08-07,EUINFRA,43.02177047729492
2023-08-08,EUINFRA,43.059112548828125
2023-08-09,EUINFRA,43.28318405151367
2023-08-10,EUINFRA,43.34853744506836
2023-08-11,EUINFRA,43.33919906616211
2023-08-14,EUINFRA,42.95641326904297
2023-08-15,EUINFRA,42.461585998535156
2023-08-16,EUINFRA,42.3775634765625
2023-08-17,EUINFRA,42.05078887939453
2023-08-18,EUINFRA,42.16282653808594
2023-08-21,EUINFRA,41.94809341430664
2023-08-22,EUINFRA,41.85472869873047
2023-08-23,EUINFRA,42.27486038208008
2023-08-24,EUINFRA,41.96676254272461
2023-08-25,EUINFRA,42.20950698852539
2023-08-28,EUINFRA,42.44291687011719
2023-08-29,EUINFRA,42.947078704833984
2023-08-30,EUINFRA,42.900394439697266
2023-08-31,EUINFRA,42.42424392700195
2023-09-01,EUINFRA,42.44291687011719
2023-09-04,EUINFRA,42.44291687011719
2023-09-05,EUINFRA,41.910743713378906
2023-09-06,EUINFRA,41.425254821777344
2023-09-07,EUINFRA,41.65866470336914
2023-09-08,EUINFRA,41.85472869873047
2023-09-11,EUINFRA,42.106807708740234
2023-09-12,EUINFRA,42.27486038208008
2023-09-13,EUINFRA,42.18150329589844
2023-09-14,EUINFRA,42.69499588012695
2023-09-15,EUINFRA,42.72300338745117
2023-09-18,EUINFRA,42.49893569946289
2023-09-19,EUINFRA,42.48959732055664
2023-09-20,EUINFRA,42.56428909301758
2023-09-21,EUINFRA,41.86406326293945
2023-09-22,EUINFRA,41.85472869873047
2023-09-25,EUINFRA,41.77070236206055
2023-09-26,EUINFRA,40.87441635131836
2023-09-27,EUINFRA,40.6596794128418
2023-09-28,EUINFRA,40.58499526977539
2023-09-29,EUINFRA,40.41693878173828
2023-10-02,EUINFRA,39.231224060058594
2023-10-03,EUINFRA,38.801753997802734
2023-10-04,EUINFRA,38.92312240600586
2023-10-05,EUINFRA,38.44697570800781
2023-10-06,EUINFRA,38.97914505004883
2023-10-09,EUINFRA,39.25922775268555
2023-10-10,EUINFRA,39.91277313232422
2023-10-11,EUINFRA,40.295562744140625
2023-10-12,EUINFRA,39.69804000854492
2023-10-13,EUINFRA,39.81941604614258
2023-10-16,EUINFRA,40.09949493408203
2023-10-17,EUINFRA,40.043479919433594
2023-10-18,EUINFRA,39.45529556274414
2023-10-19,EUINFRA,39.231224060058594
2023-10-20,EUINFRA,38.885780334472656
2023-10-23,EUINFRA,38.84843063354492
2023-10-24,EUINFRA,39.1098518371582
2023-10-25,EUINFRA,39.01648712158203
2023-10-26,EUINFRA,39.025821685791016
2023-10-27,EUINFRA,38.624359130859375
2023-10-30,EUINFRA,39.137855529785156
2023-10-31,EUINFRA,39.333919525146484
2023-11-01,EUINFRA,39.782066345214844
2023-11-02,EUINFRA,40.90242385864258
2023-11-03,EUINFRA,41.33189392089844
2023-11-06,EUINFRA,41.21052169799805
2023-11-07,EUINFRA,40.846405029296875
2023-11-08,EUINFRA,40.77171325683594
2023-11-09,EUINFRA,40.34224319458008
2023-11-10,EUINFRA,40.61299514770508
2023-11-13,EUINFRA,40.52897262573242
2023-11-14,EUINFRA,41.78937530517578
2023-11-15,EUINFRA,41.76136016845703
2023-11-16,EUINFRA,41.78937530517578
2023-11-17,EUINFRA,42.30287170410156
2023-11-20,EUINFRA,42.40556716918945
2023-11-21,EUINFRA,42.34021759033203
2023-11-22,EUINFRA,42.461585998535156
2023-11-23,EUINFRA,42.461585998535156
2023-11-24,EUINFRA,42.79769515991211
2023-11-27,EUINFRA,42.69499588012695
2023-11-28,EUINFRA,42.89105987548828
2023-11-29,EUINFRA,42.807029724121094
2023-11-30,EUINFRA,43.00309753417969
2023-12-01,EUINFRA,43.469913482666016
2023-12-04,EUINFRA,43.1898193359375
2023-12-05,EUINFRA,42.947078704833984
2023-12-06,EUINFRA,43.26451110839844
2023-12-07,EUINFRA,43.19915771484375
2023-12-08,EUINFRA,43.32986831665039
2023-12-11,EUINFRA,43.22716522216797
2023-12-12,EUINFRA,43.12446212768555
2023-12-13,EUINFRA,44.207481384277344
2023-12-14,EUINFRA,44.78633499145508
2023-12-15,EUINFRA,44.18880844116211
2023-12-18,EUINFRA,44.34752655029297
2023-12-19,EUINFRA,44.8143424987793
2023-12-20,EUINFRA,44.05970764160156
2023-12-21,EUINFRA,44.53551483154297
2023-12-22,EUINFRA,44.66874313354492
2023-12-25,EUINFRA,44.66874313354492
2023-12-26,EUINFRA,44.925682067871094
2023-12-27,EUINFRA,45.00181198120117
2023-12-28,EUINFRA,44.97325897216797
2023-12-29,EUINFRA,44.77341842651367
2024-01-01,EUINFRA,44.77341842651367
2024-01-02,EUINFRA,44.71632766723633
2024-01-03,EUINFRA,44.60212707519531
2024-01-04,EUINFRA,44.61164474487305
2024-01-05,EUINFRA,44.86858367919922
2024-01-08,EUINFRA,44.98278045654297
2024-01-09,EUINFRA,44.68777847290039
2024-01-10,EUINFRA,44.925682067871094
2024-01-11,EUINFRA,44.44036102294922
2024-01-12,EUINFRA,44.678260803222656
2024-01-15,EUINFRA,44.678260803222656
2024-01-16,EUINFRA,43.831321716308594
2024-01-17,EUINFRA,43.222286224365234
2024-01-18,EUINFRA,43.041481018066406
2024-01-19,EUINFRA,43.117618560791016
2024-01-22,EUINFRA,43.00341796875
2024-01-23,EUINFRA,42.85116195678711
2024-01-24,EUINFRA,42.7845458984375
2024-01-25,EUINFRA,43.288902282714844
2024-01-26,EUINFRA,43.42213439941406
2024-01-29,EUINFRA,43.46970748901367
2024-01-30,EUINFRA,43.48874282836914
2024-01-31,EUINFRA,43.174713134765625
2024-02-01,EUINFRA,43.68858337402344
2024-02-02,EUINFRA,43.2032585144043
2024-02-05,EUINFRA,42.85116195678711
2024-02-06,EUINFRA,43.13665008544922
2024-02-07,EUINFRA,42.95583724975586
2024-02-08,EUINFRA,42.65132522583008
2024-02-09,EUINFRA,42.470516204833984
2024-02-12,EUINFRA,42.70841979980469
2024-02-13,EUINFRA,41.96615982055664
2024-02-14,EUINFRA,42.06132125854492
2024-02-15,EUINFRA,42.8130989074707
2024-02-16,EUINFRA,42.7655143737793
2024-02-19,EUINFRA,42.7655143737793
2024-02-20,EUINFRA,43.08906173706055
2024-02-21,EUINFRA,43.38406753540039
2024-02-22,EUINFRA,43.35552215576172
2024-02-23,EUINFRA,43.53632354736328
2024-02-26,EUINFRA,42.97486877441406
2024-02-27,EUINFRA,43.29841995239258
2024-02-28,EUINFRA,43.2413215637207
2024-02-29,EUINFRA,43.43164825439453
2024-03-01,EUINFRA,43.30793380737305
2024-03-04,EUINFRA,43.403099060058594
2024-03-05,EUINFRA,43.48874282836914
2024-03-06,EUINFRA,43.81229019165039
2024-03-07,EUINFRA,44.11680603027344
2024-03-08,EUINFRA,44.202457427978516
2024-03-11,EUINFRA,44.25954818725586
2024-03-12,EUINFRA,44.192935943603516
2024-03-13,EUINFRA,44.45939254760742
2024-03-14,EUINFRA,44.14535903930664
2024-03-15,EUINFRA,44.11680603027344
2024-03-18,EUINFRA,44.11680603027344
2024-03-19,EUINFRA,44.250030517578125
2024-03-20,EUINFRA,44.64019775390625
2024-03-21,EUINFRA,44.53551483154297
2024-03-22,EUINFRA,44.487937927246094
2024-03-25,EUINFRA,44.77341842651367
2024-03-26,EUINFRA,44.64971160888672
2024-03-27,EUINFRA,45.325355529785156
2024-03-28,EUINFRA,45.31583786010742
2024-03-29,EUINFRA,45.31583786010742
2024-04-01,EUINFRA,45.21116256713867
2024-04-02,EUINFRA,45.239715576171875
2024-04-03,EUINFRA,45.31583786010742
2024-04-04,EUINFRA,45.12551498413086
2024-04-05,EUINFRA,45.15406799316406
2024-04-08,EUINFRA,45.34438705444336
2024-04-09,EUINFRA,45.515682220458984
2024-04-10,EUINFRA,44.678260803222656
2024-04-11,EUINFRA,44.49745178222656
2024-04-12,EUINFRA,44.1072883605957
2024-04-15,EUINFRA,43.602935791015625
2024-04-16,EUINFRA,43.060516357421875
2024-04-17,EUINFRA,43.54583740234375
2024-04-18,EUINFRA,43.79325866699219
2024-04-19,EUINFRA,44.22148895263672
2024-04-22,EUINFRA,44.62116241455078
2024-04-23,EUINFRA,45.135032653808594
2024-04-24,EUINFRA,45.058902740478516
2024-04-25,EUINFRA,45.334869384765625
2024-04-26,EUINFRA,45.21116256713867
2024-04-29,EUINFRA,45.63938522338867
2024-04-30,EUINFRA,45.020843505859375
2024-05-01,EUINFRA,45.135032653808594
2024-05-02,EUINFRA,45.8297119140625
2024-05-03,EUINFRA,46.13422775268555
2024-05-06,EUINFRA,46.381649017333984
2024-05-07,EUINFRA,46.6766471862793
2024-05-08,EUINFRA,46.98116683959961
2024-05-09,EUINFRA,47.52358627319336
2024-05-10,EUINFRA,47.69486999511719
2024-05-13,EUINFRA,47.61874771118164
2024-05-14,EUINFRA,47.8090705871582
2024-05-15,EUINFRA,48.161163330078125
2024-05-16,EUINFRA,48.12310028076172
2024-05-17,EUINFRA,48.2468147277832
2024-05-20,EUINFRA,48.218257904052734
2024-05-21,EUINFRA,48.2372932434082
2024-05-22,EUINFRA,47.87568283081055
2024-05-23,EUINFRA,47.21907043457031
2024-05-24,EUINFRA,47.43793487548828
2024-05-27,EUINFRA,47.43793487548828
2024-05-28,EUINFRA,47.29520034790039
2024-05-29,EUINFRA,46.6766471862793
2024-05-30,EUINFRA,47.24761962890625
2024-05-31,EUINFRA,47.9803581237793
2024-06-03,EUINFRA,47.54261779785156
2024-06-04,EUINFRA,47.637779235839844
2024-06-05,EUINFRA,47.79955291748047
2024-06-06,EUINFRA,47.713905334472656
2024-06-07,EUINFRA,47.08584213256836
2024-06-10,EUINFRA,47.34278106689453
2024-06-11,EUINFRA,46.72340774536133
2024-06-12,EUINFRA,46.839542388916016
2024-06-13,EUINFRA,46.829864501953125
2024-06-14,EUINFRA,46.433082580566406
2024-06-17,EUINFRA,46.07501220703125
2024-06-18,EUINFRA,46.52986145019531
2024-06-19,EUINFRA,46.52986145019531
2024-06-20,EUINFRA,46.839542388916016
2024-06-21,EUINFRA,46.60728073120117
2024-06-24,EUINFRA,47.08148193359375
2024-06-25,EUINFRA,46.96534729003906
2024-06-26,EUINFRA,46.47179412841797
2024-06-27,EUINFRA,46.53953552246094
2024-06-28,EUINFRA,46.37501907348633
2024-07-01,EUINFRA,46.42340850830078
2024-07-02,EUINFRA,46.51050567626953
2024-07-03,EUINFRA,47.11051559448242
2024-07-04,EUINFRA,47.11051559448242
2024-07-05,EUINFRA,47.149227142333984
2024-07-08,EUINFRA,47.10083770751953
2024-07-09,EUINFRA,47.226646423339844
2024-07-10,EUINFRA,47.70084762573242
2024-07-11,EUINFRA,48.15569305419922
2024-07-12,EUINFRA,48.53312301635742
2024-07-15,EUINFRA,47.90407943725586
2024-07-16,EUINFRA,48.20408630371094
2024-07-17,EUINFRA,48.21376037597656
2024-07-18,EUINFRA,47.99117660522461
2024-07-19,EUINFRA,47.99117660522461
2024-07-22,EUINFRA,48.40731430053711
2024-07-23,EUINFRA,48.08795166015625
2024-07-24,EUINFRA,48.04924392700195
2024-07-25,EUINFRA,47.72020721435547
2024-07-26,EUINFRA,48.1363410949707
2024-07-29,EUINFRA,48.010528564453125
2024-07-30,EUINFRA,48.37828063964844
2024-07-31,EUINFRA,48.4556999206543
2024-08-01,EUINFRA,48.4556999206543
2024-08-02,EUINFRA,48.339569091796875
2024-08-05,EUINFRA,47.255680084228516
2024-08-06,EUINFRA,47.55568313598633
2024-08-07,EUINFRA,47.89440155029297
2024-08-08,EUINFRA,48.3105354309082
2024-08-09,EUINFRA,48.30085754394531
2024-08-12,EUINFRA,48.39763259887695
2024-08-13,EUINFRA,49.02667999267578
2024-08-14,EUINFRA,49.11377716064453
2024-08-15,EUINFRA,49.32668685913086
2024-08-16,EUINFRA,49.59765625
2024-08-19,EUINFRA,50.10089111328125
2024-08-20,EUINFRA,49.76217269897461
2024-08-21,EUINFRA,49.98476028442383
2024-08-22,EUINFRA,49.868629455566406
2024-08-23,EUINFRA,50.507347106933594
2024-08-26,EUINFRA,50.371864318847656
2024-08-27,EUINFRA,50.16863250732422
2024-08-28,EUINFRA,50.16863250732422
2024-08-29,EUINFRA,50.47831726074219
2024-08-30,EUINFRA,50.64283752441406
2024-09-02,EUINFRA,50.64283752441406
2024-09-03,EUINFRA,50.526702880859375
2024-09-04,EUINFRA,50.7396125793457
2024-09-05,EUINFRA,50.82670974731445
2024-09-06,EUINFRA,50.420249938964844
2024-09-09,EUINFRA,50.720252990722656
2024-09-10,EUINFRA,50.720252990722656
2024-09-11,EUINFRA,50.7396125793457
2024-09-12,EUINFRA,51.20413589477539
2024-09-13,EUINFRA,51.639625549316406
2024-09-16,EUINFRA,52.046085357666016
2024-09-17,EUINFRA,52.1622200012207
2024-09-18,EUINFRA,51.862213134765625
2024-09-19,EUINFRA,51.81382369995117
2024-09-20,EUINFRA,52.18157196044922
2024-09-23,EUINFRA,52.77190399169922
2024-09-24,EUINFRA,52.73319625854492
2024-09-25,EUINFRA,52.471900939941406
2024-09-26,EUINFRA,52.558998107910156
2024-09-27,EUINFRA,52.80093765258789
2024-09-30,EUINFRA,52.67512893676758
2024-10-01,EUINFRA,52.791259765625
2024-10-02,EUINFRA,52.83964920043945
2024-10-03,EUINFRA,52.6557731628418
2024-10-04,EUINFRA,52.888038635253906
2024-10-07,EUINFRA,52.549320220947266
2024-10-08,EUINFRA,52.26866912841797
2024-10-09,EUINFRA,52.28802490234375
2024-10-10,EUINFRA,52.2396354675293
2024-10-11,EUINFRA,52.66545104980469
2024-10-14,EUINFRA,53.042877197265625
2024-10-15,EUINFRA,53.042877197265625
2024-10-16,EUINFRA,53.536434173583984
2024-10-17,EUINFRA,53.27513885498047
2024-10-18,EUINFRA,53.4880485534668
2024-10-21,EUINFRA,52.98481369018555
2024-10-22,EUINFRA,52.82997131347656
2024-10-23,EUINFRA,52.762229919433594
2024-10-24,EUINFRA,52.849327087402344
2024-10-25,EUINFRA,52.29770278930664
2024-10-28,EUINFRA,52.849327087402344
2024-10-29,EUINFRA,52.08479690551758
2024-10-30,EUINFRA,51.97834396362305
2024-10-31,EUINFRA,51.99769592285156
2024-11-01,EUINFRA,51.32026672363281
2024-11-04,EUINFRA,51.39768600463867
2024-11-05,EUINFRA,52.14286422729492
2024-11-06,EUINFRA,51.81382369995117
2024-11-07,EUINFRA,52.22996139526367
2024-11-08,EUINFRA,52.35576629638672
2024-11-11,EUINFRA,52.529964447021484
2024-11-12,EUINFRA,51.81382369995117
2024-11-13,EUINFRA,51.610595703125
2024-11-14,EUINFRA,51.639625549316406
2024-11-15,EUINFRA,52.113826751708984
2024-11-18,EUINFRA,52.6557731628418
2024-11-19,EUINFRA,53.06223678588867
2024-11-20,EUINFRA,52.965457916259766
2024-11-21,EUINFRA,53.55579376220703
2024-11-22,EUINFRA,53.468692779541016
2024-11-25,EUINFRA,53.47836685180664
2024-11-26,EUINFRA,53.468692779541016
2024-11-27,EUINFRA,53.80740737915039
2024-11-28,EUINFRA,53.80740737915039
2024-11-29,EUINFRA,53.90418243408203
2024-12-02,EUINFRA,53.11062240600586
2024-12-03,EUINFRA,53.0719108581543
2024-12-04,EUINFRA,52.975135803222656
2024-12-05,EUINFRA,53.797733306884766
2024-12-06,EUINFRA,53.042877197265625
2024-12-09,EUINFRA,52.7525520324707
2024-12-10,EUINFRA,52.278350830078125
2024-12-11,EUINFRA,52.08479690551758
2024-12-12,EUINFRA,51.794471740722656
2024-12-13,EUINFRA,51.7847900390625
2024-12-16,EUINFRA,51.4751091003418
2024-12-17,EUINFRA,51.32660675048828
2024-12-18,EUINFRA,50.146461486816406
2024-12-19,EUINFRA,50.35298538208008
2024-12-20,EUINFRA,51.02173614501953
2024-12-23,EUINFRA,51.42495346069336
2024-12-24,EUINFRA,51.552799224853516
2024-12-25,EUINFRA,51.552799224853516
2024-12-26,EUINFRA,51.592140197753906
2024-12-27,EUINFRA,51.464290618896484
2024-12-30,EUINFRA,51.464290618896484
2024-12-31,EUINFRA,51.4052848815918
2025-01-01,EUINFRA,51.4052848815918
2025-01-02,EUINFRA,51.79866409301758
2025-01-03,EUINFRA,52.123207092285156
2025-01-06,EUINFRA,52.2412223815918
2025-01-07,EUINFRA,52.083866119384766
2025-01-08,EUINFRA,51.86750793457031
2025-01-09,EUINFRA,51.86750793457031
2025-01-10,EUINFRA,51.21842956542969
2025-01-13,EUINFRA,51.10041046142578
2025-01-14,EUINFRA,51.887176513671875
2025-01-15,EUINFRA,52.5165901184082
2025-01-16,EUINFRA,52.959144592285156
2025-01-17,EUINFRA,53.33285903930664
2025-01-20,EUINFRA,53.33285903930664
2025-01-21,EUINFRA,53.93276596069336
2025-01-22,EUINFRA,53.175506591796875
2025-01-23,EUINFRA,53.42136764526367
2025-01-24,EUINFRA,53.60822296142578
2025-01-27,EUINFRA,52.64443588256836
2025-01-28,EUINFRA,52.38874053955078
2025-01-29,EUINFRA,52.408409118652344
2025-01-30,EUINFRA,53.08699417114258
2025-01-31,EUINFRA,52.310062408447266
2025-02-03,EUINFRA,52.447750091552734
2025-02-04,EUINFRA,52.46741485595703
2025-02-05,EUINFRA,52.949310302734375
2025-02-06,EUINFRA,52.7427864074707
2025-02-07,EUINFRA,52.487083435058594
2025-02-10,EUINFRA,53.0771598815918
2025-02-11,EUINFRA,53.23451232910156
2025-02-12,EUINFRA,53.20500946044922
2025-02-13,EUINFRA,53.480377197265625
2025-02-14,EUINFRA,53.264015197753906
2025-02-17,EUINFRA,53.264015197753906
2025-02-18,EUINFRA,53.52954864501953
2025-02-19,EUINFRA,53.391868591308594
2025-02-20,EUINFRA,53.372196197509766
2025-02-21,EUINFRA,52.732948303222656
2025-02-24,EUINFRA,52.6936149597168
2025-02-25,EUINFRA,52.5165901184082
2025-02-26,EUINFRA,52.61493682861328
2025-02-27,EUINFRA,51.975685119628906
2025-02-28,EUINFRA,52.58543395996094
2025-03-03,EUINFRA,52.339569091796875
2025-03-04,EUINFRA,52.27072525024414
2025-03-05,EUINFRA,52.32973098754883
2025-03-06,EUINFRA,51.41511535644531
2025-03-07,EUINFRA,52.083866119384766
2025-03-10,EUINFRA,51.93635177612305
2025-03-11,EUINFRA,51.916683197021484
2025-03-12,EUINFRA,51.887176513671875
2025-03-13,EUINFRA,51.86750793457031
2025-03-14,EUINFRA,52.97881317138672
2025-03-17,EUINFRA,53.667232513427734
2025-03-18,EUINFRA,53.32302474975586
2025-03-19,EUINFRA,53.67707061767578
2025-03-20,EUINFRA,53.74591064453125
2025-03-21,EUINFRA,53.34269332885742
2025-03-24,EUINFRA,53.64756393432617
2025-03-25,EUINFRA,53.68690490722656
2025-03-26,EUINFRA,53.52954864501953
2025-03-27,EUINFRA,53.490211486816406
2025-03-28,EUINFRA,53.56888961791992
2025-03-31,EUINFRA,53.76557922363281
2025-04-01,EUINFRA,54.01144027709961
2025-04-02,EUINFRA,54.47366714477539
2025-04-03,EUINFRA,54.17863082885742
2025-04-04,EUINFRA,51.120079040527344
2025-04-07,EUINFRA,50.077613830566406
2025-04-08,EUINFRA,49.71373748779297
2025-04-09,EUINFRA,51.975685119628906
2025-04-10,EUINFRA,51.887176513671875
2025-04-11,EUINFRA,52.91980743408203
2025-04-14,EUINFRA,53.61806106567383
2025-04-15,EUINFRA,53.72624206542969
2025-04-16,EUINFRA,53.93276596069336
2025-04-17,EUINFRA,54.51300811767578
2025-04-18,EUINFRA,54.51300811767578
2025-04-21,EUINFRA,53.75574493408203
2025-04-22,EUINFRA,54.739200592041016
2025-04-23,EUINFRA,54.75886917114258
2025-04-24,EUINFRA,55.39812088012695
2025-04-25,EUINFRA,55.378448486328125
2025-04-28,EUINFRA,55.722660064697266
2025-04-29,EUINFRA,55.683319091796875
2025-04-30,EUINFRA,55.457122802734375
2025-05-01,EUINFRA,55.51613235473633
2025-05-02,EUINFRA,56.18488311767578
2025-05-05,EUINFRA,56.16521453857422
2025-05-06,EUINFRA,56.637271881103516
2025-05-07,EUINFRA,56.863468170166016
2025-05-08,EUINFRA,56.28322982788086
2025-05-09,EUINFRA,56.39141082763672
2025-05-12,EUINFRA,55.88984680175781
2025-05-13,EUINFRA,56.18488311767578
2025-05-14,EUINFRA,56.19471740722656
2025-05-15,EUINFRA,57.1486701965332
2025-05-16,EUINFRA,57.46337890625
2025-05-19,EUINFRA,57.78791427612305
2025-05-20,EUINFRA,58.13212966918945
2025-05-21,EUINFRA,57.56172180175781
2025-05-22,EUINFRA,57.19784164428711
2025-05-23,EUINFRA,57.76824951171875
2025-05-26,EUINFRA,57.76824951171875
2025-05-27,EUINFRA,57.99444580078125
2025-05-28,EUINFRA,57.42403793334961
2025-05-29,EUINFRA,57.73874282836914
2025-05-30,EUINFRA,58.023948669433594
2025-06-02,EUINFRA,58.653358459472656
2025-06-03,EUINFRA,58.43699645996094
2025-06-04,EUINFRA,58.18130111694336
2025-06-05,EUINFRA,58.39766311645508
2025-06-06,EUINFRA,58.62385559082031
2025-06-09,EUINFRA,58.0731201171875
2025-06-10,EUINFRA,58.16162872314453
2025-06-11,EUINFRA,58.328819274902344
2025-06-12,EUINFRA,58.84021759033203
2025-06-13,EUINFRA,58.43699645996094
2025-06-16,EUINFRA,58.369998931884766
2025-06-17,EUINFRA,57.869998931884766
2025-06-18,EUINFRA,57.900001525878906
2025-06-19,EUINFRA,57.900001525878906
2025-06-20,EUINFRA,57.72999954223633
2025-06-23,EUINFRA,58.13999938964844
2025-06-24,EUINFRA,58.40999984741211
2025-06-25,EUINFRA,58.04999923706055
2025-06-26,EUINFRA,58.63999938964844
2025-06-27,EUINFRA,58.689998626708984
2025-06-30,EUINFRA,59.20000076293945
2025-07-01,EUINFRA,59.08000183105469
2025-07-02,EUINFRA,59.0099983215332
2025-07-03,EUINFRA,59.04999923706055
2025-07-04,EUINFRA,59.04999923706055
2025-07-07,EUINFRA,58.59000015258789
2025-07-08,EUINFRA,58.34000015258789
2025-07-09,EUINFRA,58.5099983215332
2025-07-10,EUINFRA,58.84000015258789
2025-07-11,EUINFRA,58.689998626708984
2025-07-14,EUINFRA,59.0099983215332
2025-07-15,EUINFRA,58.290000915527344
2025-07-16,EUINFRA,58.540000915527344
2025-07-17,EUINFRA,58.68000030517578
2025-07-18,EUINFRA,59.119998931884766
2025-07-21,EUINFRA,59.11000061035156
2025-07-22,EUINFRA,59.40999984741211
2025-07-23,EUINFRA,59.41999816894531
2025-07-24,EUINFRA,59.25
2025-07-25,EUINFRA,59.36000061035156
2025-07-28,EUINFRA,58.70000076293945
2025-07-29,EUINFRA,59.18000030517578
2025-07-30,EUINFRA,59.15999984741211
2025-07-31,EUINFRA,59.08000183105469
2025-08-01,EUINFRA,59.20000076293945
2025-08-04,EUINFRA,60.040000915527344
2025-08-05,EUINFRA,59.970001220703125
2025-08-06,EUINFRA,60.060001373291016
2025-08-07,EUINFRA,60.380001068115234
2025-08-08,EUINFRA,60.29999923706055
2025-08-11,EUINFRA,60.369998931884766
2025-08-12,EUINFRA,60.75
2025-08-13,EUINFRA,60.97999954223633
2025-08-14,EUINFRA,60.880001068115234
2025-08-15,EUINFRA,61.0
2025-08-18,EUINFRA,60.75
2025-08-19,EUINFRA,60.939998626708984
2025-08-20,EUINFRA,61.310001373291016
2025-08-21,EUINFRA,61.18000030517578
2025-08-22,EUINFRA,61.43000030517578
2025-08-25,EUINFRA,60.650001525878906
2025-08-26,EUINFRA,60.66999816894531
2025-08-27,EUINFRA,60.56999969482422
2025-08-28,EUINFRA,60.61000061035156
2025-08-29,EUINFRA,60.349998474121094
2025-09-01,EUINFRA,60.349998474121094
2025-09-02,EUINFRA,59.75
2025-09-03,EUINFRA,59.630001068115234
2025-09-04,EUINFRA,59.83000183105469
2025-09-05,EUINFRA,59.869998931884766
2025-09-08,EUINFRA,59.810001373291016
2025-09-09,EUINFRA,59.939998626708984
2025-09-10,EUINFRA,60.36000061035156
2025-09-11,EUINFRA,60.900001525878906
2025-09-12,EUINFRA,61.09000015258789
2025-09-15,EUINFRA,61.15999984741211
2025-09-16,EUINFRA,60.709999084472656
2025-09-17,EUINFRA,60.720001220703125
2025-09-18,EUINFRA,60.43000030517578
2025-09-19,EUINFRA,60.349998474121094
2025-09-22,EUINFRA,60.75
2025-09-23,EUINFRA,60.84000015258789
2025-09-24,EUINFRA,60.810001373291016
2025-09-25,EUINFRA,60.540000915527344
2025-09-26,EUINFRA,61.02000045776367
2022-01-03,EUFIN,17.001239776611328
2022-01-04,EUFIN,17.395832061767578
2022-01-05,EUFIN,17.261505126953125
2022-01-06,EUFIN,17.437814712524414
2022-01-07,EUFIN,17.656099319458008
2022-01-10,EUFIN,17.647705078125
2022-01-11,EUFIN,17.807220458984375
2022-01-12,EUFIN,18.025508880615234
2022-01-13,EUFIN,18.101070404052734
2022-01-14,EUFIN,18.101070404052734
2022-01-17,EUFIN,18.101070404052734
2022-01-18,EUFIN,17.82401466369629
2022-01-19,EUFIN,17.67289161682129
2022-01-20,EUFIN,17.47979164123535
2022-01-21,EUFIN,17.303483963012695
2022-01-24,EUFIN,16.992843627929688
2022-01-25,EUFIN,17.118776321411133
2022-01-26,EUFIN,17.219526290893555
2022-01-27,EUFIN,17.236316680908203
2022-01-28,EUFIN,17.236316680908203
2022-01-31,EUFIN,17.446210861206055
2022-02-01,EUFIN,17.77364158630371
2022-02-02,EUFIN,17.882781982421875
2022-02-03,EUFIN,17.798826217651367
2022-02-04,EUFIN,17.77364158630371
2022-02-07,EUFIN,17.93315887451172
2022-02-08,EUFIN,18.218610763549805
2022-02-09,EUFIN,18.336149215698242
2022-02-10,EUFIN,18.143051147460938
2022-02-11,EUFIN,17.59733009338379
2022-02-14,EUFIN,17.42941665649414
2022-02-15,EUFIN,17.82401466369629
2022-02-16,EUFIN,17.81561851501465
2022-02-17,EUFIN,17.370647430419922
2022-02-18,EUFIN,17.28668785095215
2022-02-21,EUFIN,17.28668785095215
2022-02-22,EUFIN,16.950862884521484
2022-02-23,EUFIN,16.74936866760254
2022-02-24,EUFIN,16.060922622680664
2022-02-25,EUFIN,16.44712257385254
2022-02-28,EUFIN,15.699910163879395
2022-03-01,EUFIN,14.843549728393555
2022-03-02,EUFIN,15.20456314086914
2022-03-03,EUFIN,14.86873722076416
2022-03-04,EUFIN,13.894837379455566
2022-03-07,EUFIN,13.315537452697754
2022-03-08,EUFIN,13.945213317871094
2022-03-09,EUFIN,14.82675838470459
2022-03-10,EUFIN,14.558096885681152
2022-03-11,EUFIN,14.440559387207031
2022-03-14,EUFIN,14.952693939208984
2022-03-15,EUFIN,15.078625679016113
2022-03-16,EUFIN,15.825844764709473
2022-03-17,EUFIN,15.809051513671875
2022-03-18,EUFIN,15.851031303405762
2022-03-21,EUFIN,15.741888999938965
2022-03-22,EUFIN,16.111295700073242
2022-03-23,EUFIN,15.725095748901367
2022-03-24,EUFIN,15.750282287597656
2022-03-25,EUFIN,15.79226303100586
2022-03-28,EUFIN,15.78386402130127
2022-03-29,EUFIN,16.329586029052734
2022-03-30,EUFIN,16.178462982177734
2022-03-31,EUFIN,15.876216888427734
2022-04-01,EUFIN,16.069318771362305
2022-04-04,EUFIN,15.97696590423584
2022-04-05,EUFIN,15.716700553894043
2022-04-06,EUFIN,15.49841022491455
2022-04-07,EUFIN,15.557183265686035
2022-04-08,EUFIN,15.6495361328125
2022-04-11,EUFIN,15.557183265686035
2022-04-12,EUFIN,15.389266967773438
2022-04-13,EUFIN,15.557183265686035
2022-04-14,EUFIN,15.557183265686035
2022-04-15,EUFIN,15.557183265686035
2022-04-18,EUFIN,15.515205383300781
2022-04-19,EUFIN,15.573974609375
2022-04-20,EUFIN,15.758681297302246
2022-04-21,EUFIN,15.624348640441895
2022-04-22,EUFIN,15.338895797729492
2022-04-25,EUFIN,15.120606422424316
2022-04-26,EUFIN,14.541304588317871
2022-04-27,EUFIN,14.490931510925293
2022-04-28,EUFIN,14.734404563903809
2022-04-29,EUFIN,14.482536315917969
2022-05-02,EUFIN,14.4993257522583
2022-05-03,EUFIN,14.742801666259766
2022-05-04,EUFIN,14.885528564453125
2022-05-05,EUFIN,14.331415176391602
2022-05-06,EUFIN,14.087940216064453
2022-05-09,EUFIN,13.693342208862305
2022-05-10,EUFIN,13.911630630493164
2022-05-11,EUFIN,13.894837379455566
2022-05-12,EUFIN,13.86125659942627
2022-05-13,EUFIN,14.239062309265137
2022-05-16,EUFIN,14.28104019165039
2022-05-17,EUFIN,14.700823783874512
2022-05-18,EUFIN,14.356600761413574
2022-05-19,EUFIN,14.4993257522583
2022-05-20,EUFIN,14.516119956970215
2022-05-23,EUFIN,14.94429874420166
2022-05-24,EUFIN,15.112211227416992
2022-05-25,EUFIN,15.103814125061035
2022-05-26,EUFIN,15.330498695373535
2022-05-27,EUFIN,15.481621742248535
2022-05-30,EUFIN,15.481621742248535
2022-05-31,EUFIN,15.347290992736816
2022-06-01,EUFIN,15.095418930053711
2022-06-02,EUFIN,15.355684280395508
2022-06-03,EUFIN,15.112211227416992
2022-06-06,EUFIN,15.30531120300293
2022-06-07,EUFIN,15.30531120300293
2022-06-08,EUFIN,14.977879524230957
2022-06-09,EUFIN,14.628950119018555
2022-06-10,EUFIN,14.027042388916016
2022-06-13,EUFIN,13.634495735168457
2022-06-14,EUFIN,13.58215618133545
2022-06-15,EUFIN,14.105551719665527
2022-06-16,EUFIN,13.747897148132324
2022-06-17,EUFIN,13.747897148132324
2022-06-20,EUFIN,13.747897148132324
2022-06-21,EUFIN,14.09682846069336
2022-06-22,EUFIN,14.00959587097168
2022-06-23,EUFIN,13.739173889160156
2022-06-24,EUFIN,14.12299919128418
2022-06-27,EUFIN,14.088105201721191
2022-06-28,EUFIN,13.992149353027344
2022-06-29,EUFIN,13.870022773742676
2022-06-30,EUFIN,13.843853950500488
2022-07-01,EUFIN,13.730451583862305
2022-07-04,EUFIN,13.730451583862305
2022-07-05,EUFIN,13.180883407592773
2022-07-06,EUFIN,13.09365177154541
2022-07-07,EUFIN,13.364072799682617
2022-07-08,EUFIN,13.425135612487793
2022-07-11,EUFIN,13.13726806640625
2022-07-12,EUFIN,13.13726806640625
2022-07-13,EUFIN,13.084927558898926
2022-07-14,EUFIN,12.674933433532715
2022-07-15,EUFIN,12.840676307678223
2022-07-18,EUFIN,13.00641918182373
2022-07-19,EUFIN,13.512369155883789
2022-07-20,EUFIN,13.207053184509277
2022-07-21,EUFIN,13.451306343078613
2022-07-22,EUFIN,13.276840209960938
2022-07-25,EUFIN,13.529815673828125
2022-07-26,EUFIN,13.207053184509277
2022-07-27,EUFIN,13.538538932800293
2022-07-28,EUFIN,13.599601745605469
2022-07-29,EUFIN,13.861300468444824
2022-08-01,EUFIN,13.896193504333496
2022-08-02,EUFIN,13.643218040466309
2022-08-03,EUFIN,13.939809799194336
2022-08-04,EUFIN,14.035765647888184
2022-08-05,EUFIN,14.027042388916016
2022-08-08,EUFIN,14.09682846069336
2022-08-09,EUFIN,14.1404447555542
2022-08-10,EUFIN,14.437036514282227
2022-08-11,EUFIN,14.463207244873047
2022-08-12,EUFIN,14.594057083129883
2022-08-15,EUFIN,14.375974655151367
2022-08-16,EUFIN,14.410867691040039
2022-08-17,EUFIN,14.210232734680176
2022-08-18,EUFIN,14.114274978637695
2022-08-19,EUFIN,13.800236701965332
2022-08-22,EUFIN,13.477476119995117
2022-08-23,EUFIN,13.486200332641602
2022-08-24,EUFIN,13.460030555725098
2022-08-25,EUFIN,13.58215618133545
2022-08-26,EUFIN,13.189607620239258
2022-08-29,EUFIN,13.268117904663086
2022-08-30,EUFIN,13.276840209960938
2022-08-31,EUFIN,13.259393692016602
2022-09-01,EUFIN,13.058756828308105
2022-09-02,EUFIN,13.05003547668457
2022-09-05,EUFIN,13.05003547668457
2022-09-06,EUFIN,13.128544807434082
2022-09-07,EUFIN,13.259393692016602
2022-09-08,EUFIN,13.381519317626953
2022-09-09,EUFIN,13.765344619750977
2022-09-12,EUFIN,14.1404447555542
2022-09-13,EUFIN,13.730451583862305
2022-09-14,EUFIN,13.791513442993164
2022-09-15,EUFIN,13.878747940063477
2022-09-16,EUFIN,13.782791137695312
2022-09-19,EUFIN,13.826408386230469
2022-09-20,EUFIN,13.538538932800293
2022-09-21,EUFIN,13.31173324584961
2022-09-22,EUFIN,13.22450065612793
2022-09-23,EUFIN,12.648763656616211
2022-09-26,EUFIN,12.378341674804688
2022-09-27,EUFIN,12.212599754333496
2022-09-28,EUFIN,12.317278861999512
2022-09-29,EUFIN,12.116644859313965
2022-09-30,EUFIN,12.134090423583984
2022-10-03,EUFIN,12.378341674804688
2022-10-04,EUFIN,13.06748104095459
2022-10-05,EUFIN,12.80578327178955
2022-10-06,EUFIN,12.448129653930664
2022-10-07,EUFIN,12.28238582611084
2022-10-10,EUFIN,12.212599754333496
2022-10-11,EUFIN,11.95090103149414
2022-10-12,EUFIN,11.889838218688965
2022-10-13,EUFIN,12.421957969665527
2022-10-14,EUFIN,12.230046272277832
2022-10-17,EUFIN,12.657487869262695
2022-10-18,EUFIN,12.866846084594727
2022-10-19,EUFIN,12.701104164123535
2022-10-20,EUFIN,12.709826469421387
2022-10-21,EUFIN,13.00641918182373
2022-10-24,EUFIN,13.084927558898926
2022-10-25,EUFIN,13.31173324584961
2022-10-26,EUFIN,13.346627235412598
2022-10-27,EUFIN,13.320457458496094
2022-10-28,EUFIN,13.433858871459961
2022-10-31,EUFIN,13.285563468933105
2022-11-01,EUFIN,13.398965835571289
2022-11-02,EUFIN,13.154714584350586
2022-11-03,EUFIN,13.145991325378418
2022-11-04,EUFIN,13.774068832397461
2022-11-07,EUFIN,13.826408386230469
2022-11-08,EUFIN,13.983427047729492
2022-11-09,EUFIN,13.756622314453125
2022-11-10,EUFIN,14.428313255310059
2022-11-11,EUFIN,14.785967826843262
2022-11-14,EUFIN,14.66384220123291
2022-11-15,EUFIN,14.672565460205078
2022-11-16,EUFIN,14.733627319335938
2022-11-17,EUFIN,14.768522262573242
2022-11-18,EUFIN,14.855753898620605
2022-11-21,EUFIN,14.768522262573242
2022-11-22,EUFIN,14.934264183044434
2022-11-23,EUFIN,15.082560539245605
2022-11-24,EUFIN,15.082560539245605
2022-11-25,EUFIN,15.213410377502441
2022-11-28,EUFIN,14.89064884185791
2022-11-29,EUFIN,15.10873031616211
2022-11-30,EUFIN,15.2744722366333
2022-12-01,EUFIN,15.344261169433594
2022-12-02,EUFIN,15.370428085327148
2022-12-05,EUFIN,15.230856895446777
2022-12-06,EUFIN,15.222134590148926
2022-12-07,EUFIN,15.134902954101562
2022-12-08,EUFIN,15.169792175292969
2022-12-09,EUFIN,15.248303413391113
2022-12-12,EUFIN,15.283198356628418
2022-12-13,EUFIN,15.52144718170166
2022-12-14,EUFIN,15.425097465515137
2022-12-15,EUFIN,15.057206153869629
2022-12-16,EUFIN,15.004651069641113
2022-12-19,EUFIN,14.995890617370605
2022-12-20,EUFIN,15.14479923248291
2022-12-21,EUFIN,15.416337966918945
2022-12-22,EUFIN,15.337502479553223
2022-12-23,EUFIN,15.398818016052246
2022-12-26,EUFIN,15.398818016052246
2022-12-27,EUFIN,15.425097465515137
2022-12-28,EUFIN,15.346263885498047
2022-12-29,EUFIN,15.503929138183594
2022-12-30,EUFIN,15.355022430419922
2023-01-02,EUFIN,15.355022430419922
2023-01-03,EUFIN,15.591521263122559
2023-01-04,EUFIN,16.07328224182129
2023-01-05,EUFIN,15.968171119689941
2023-01-06,EUFIN,16.318540573120117
2023-01-09,EUFIN,16.397375106811523
2023-01-10,EUFIN,16.502487182617188
2023-01-11,EUFIN,16.56380271911621
2023-01-12,EUFIN,16.826580047607422
2023-01-13,EUFIN,16.914175033569336
2023-01-16,EUFIN,16.914175033569336
2023-01-17,EUFIN,16.896656036376953
2023-01-18,EUFIN,16.861616134643555
2023-01-19,EUFIN,16.800302505493164
2023-01-20,EUFIN,17.001766204833984
2023-01-23,EUFIN,17.045560836791992
2023-01-24,EUFIN,17.09811782836914
2023-01-25,EUFIN,17.229509353637695
2023-01-26,EUFIN,17.4134521484375
2023-01-27,EUFIN,17.3433780670166
2023-01-30,EUFIN,17.229509353637695
2023-01-31,EUFIN,17.395933151245117
2023-02-01,EUFIN,17.68498992919922
2023-02-02,EUFIN,17.553604125976562
2023-02-03,EUFIN,17.30834197998047
2023-02-06,EUFIN,17.115638732910156
2023-02-07,EUFIN,17.32585906982422
2023-02-08,EUFIN,17.32585906982422
2023-02-09,EUFIN,17.4134521484375
2023-02-10,EUFIN,17.220748901367188
2023-02-13,EUFIN,17.422212600708008
2023-02-14,EUFIN,17.52732276916504
2023-02-15,EUFIN,17.4134521484375
2023-02-16,EUFIN,17.466007232666016
2023-02-17,EUFIN,17.4835262298584
2023-02-20,EUFIN,17.4835262298584
2023-02-21,EUFIN,17.360898971557617
2023-02-22,EUFIN,17.133153915405273
2023-02-23,EUFIN,17.264543533325195
2023-02-24,EUFIN,17.071840286254883
2023-02-27,EUFIN,17.4134521484375
2023-02-28,EUFIN,17.4835262298584
2023-03-01,EUFIN,17.52732276916504
2023-03-02,EUFIN,17.369657516479492
2023-03-03,EUFIN,17.632434844970703
2023-03-06,EUFIN,17.7025089263916
2023-03-07,EUFIN,17.273303985595703
2023-03-08,EUFIN,17.360898971557617
2023-03-09,EUFIN,17.028045654296875
2023-03-10,EUFIN,16.625118255615234
2023-03-13,EUFIN,16.125839233398438
2023-03-14,EUFIN,16.423654556274414
2023-03-15,EUFIN,15.486410140991211
2023-03-16,EUFIN,15.731667518615723
2023-03-17,EUFIN,15.223630905151367
2023-03-20,EUFIN,15.556487083435059
2023-03-21,EUFIN,16.20467185974121
2023-03-22,EUFIN,15.9769287109375
2023-03-23,EUFIN,15.679113388061523
2023-03-24,EUFIN,15.617798805236816
2023-03-27,EUFIN,15.792986869812012
2023-03-28,EUFIN,15.801746368408203
2023-03-29,EUFIN,16.152116775512695
2023-03-30,EUFIN,16.3360595703125
2023-03-31,EUFIN,16.379858016967773
2023-04-03,EUFIN,16.493728637695312
2023-04-04,EUFIN,16.546283721923828
2023-04-05,EUFIN,16.484968185424805
2023-04-06,EUFIN,16.80906105041504
2023-04-07,EUFIN,16.80906105041504
2023-04-10,EUFIN,16.774024963378906
2023-04-11,EUFIN,16.861616134643555
2023-04-12,EUFIN,17.001766204833984
2023-04-13,EUFIN,17.203227996826172
2023-04-14,EUFIN,17.334619522094727
2023-04-17,EUFIN,17.0543212890625
2023-04-18,EUFIN,17.273303985595703
2023-04-19,EUFIN,17.378414154052734
2023-04-20,EUFIN,17.30834197998047
2023-04-21,EUFIN,17.334619522094727
2023-04-24,EUFIN,17.448488235473633
2023-04-25,EUFIN,16.94045066833496
2023-04-26,EUFIN,17.133153915405273
2023-04-27,EUFIN,17.378414154052734
2023-04-28,EUFIN,17.317100524902344
2023-05-01,EUFIN,17.30834197998047
2023-05-02,EUFIN,17.010528564453125
2023-05-03,EUFIN,17.001766204833984
2023-05-04,EUFIN,16.870378494262695
2023-05-05,EUFIN,17.23826789855957
2023-05-08,EUFIN,17.220748901367188
2023-05-09,EUFIN,17.12439727783203
2023-05-10,EUFIN,17.0543212890625
2023-05-11,EUFIN,16.96673011779785
2023-05-12,EUFIN,16.905412673950195
2023-05-15,EUFIN,17.08060073852539
2023-05-16,EUFIN,16.861616134643555
2023-05-17,EUFIN,16.99300765991211
2023-05-18,EUFIN,17.019285202026367
2023-05-19,EUFIN,17.168193817138672
2023-05-22,EUFIN,17.229509353637695
2023-05-23,EUFIN,17.06308364868164
2023-05-24,EUFIN,16.712709426879883
2023-05-25,EUFIN,16.703950881958008
2023-05-26,EUFIN,16.870378494262695
2023-05-29,EUFIN,16.870378494262695
2023-05-30,EUFIN,16.747745513916016
2023-05-31,EUFIN,16.45869255065918
2023-06-01,EUFIN,16.747745513916016
2023-06-02,EUFIN,17.028045654296875
2023-06-05,EUFIN,16.870378494262695
2023-06-06,EUFIN,17.010528564453125
2023-06-07,EUFIN,16.98231315612793
2023-06-08,EUFIN,17.16433334350586
2023-06-09,EUFIN,17.02781867980957
2023-06-12,EUFIN,17.02781867980957
2023-06-13,EUFIN,17.11882781982422
2023-06-14,EUFIN,17.264440536499023
2023-06-15,EUFIN,17.428258895874023
2023-06-16,EUFIN,17.400955200195312
2023-06-19,EUFIN,17.400955200195312
2023-06-20,EUFIN,17.282644271850586
2023-06-21,EUFIN,17.273542404174805
2023-06-22,EUFIN,17.07332420349121
2023-06-23,EUFIN,16.845800399780273
2023-06-26,EUFIN,16.918607711791992
2023-06-27,EUFIN,17.182533264160156
2023-06-28,EUFIN,17.13702964782715
2023-06-29,EUFIN,17.209835052490234
2023-06-30,EUFIN,17.4555606842041
2023-07-03,EUFIN,17.54656982421875
2023-07-04,EUFIN,17.54656982421875
2023-07-05,EUFIN,17.155231475830078
2023-07-06,EUFIN,16.89130401611328
2023-07-07,EUFIN,17.07332420349121
2023-07-10,EUFIN,17.109724044799805
2023-07-11,EUFIN,17.337249755859375
2023-07-12,EUFIN,17.74679183959961
2023-07-13,EUFIN,18.07442283630371
2023-07-14,EUFIN,17.92881202697754
2023-07-17,EUFIN,18.047122955322266
2023-07-18,EUFIN,18.19273567199707
2023-07-19,EUFIN,18.20183563232422
2023-07-20,EUFIN,18.22913932800293
2023-07-21,EUFIN,18.24734115600586
2023-07-24,EUFIN,18.238243103027344
2023-07-25,EUFIN,18.27464485168457
2023-07-26,EUFIN,18.374753952026367
2023-07-27,EUFIN,18.129026412963867
2023-07-28,EUFIN,18.33835220336914
2023-07-31,EUFIN,18.27464485168457
2023-08-01,EUFIN,18.07442283630371
2023-08-02,EUFIN,17.673986434936523
2023-08-03,EUFIN,17.737689971923828
2023-08-04,EUFIN,17.828699111938477
2023-08-07,EUFIN,18.065322875976562
2023-08-08,EUFIN,17.78319549560547
2023-08-09,EUFIN,17.828699111938477
2023-08-10,EUFIN,18.019817352294922
2023-08-11,EUFIN,17.901506423950195
2023-08-14,EUFIN,17.87420082092285
2023-08-15,EUFIN,17.59207534790039
2023-08-16,EUFIN,17.49196434020996
2023-08-17,EUFIN,17.291744232177734
2023-08-18,EUFIN,17.255338668823242
2023-08-21,EUFIN,17.309946060180664
2023-08-22,EUFIN,17.200735092163086
2023-08-23,EUFIN,17.319049835205078
2023-08-24,EUFIN,17.13702964782715
2023-08-25,EUFIN,17.209835052490234
2023-08-28,EUFIN,17.428258895874023
2023-08-29,EUFIN,17.68308448791504
2023-08-30,EUFIN,17.673986434936523
2023-08-31,EUFIN,17.50106430053711
2023-09-01,EUFIN,17.473764419555664
2023-09-04,EUFIN,17.473764419555664
2023-09-05,EUFIN,17.246238708496094
2023-09-06,EUFIN,17.10062599182129
2023-09-07,EUFIN,17.000516891479492
2023-09-08,EUFIN,17.03691864013672
2023-09-11,EUFIN,17.291744232177734
2023-09-12,EUFIN,17.328149795532227
2023-09-13,EUFIN,17.355451583862305
2023-09-14,EUFIN,17.61937713623047
2023-09-15,EUFIN,17.59207534790039
2023-09-18,EUFIN,17.428258895874023
2023-09-19,EUFIN,17.564769744873047
2023-09-20,EUFIN,17.564769744873047
2023-09-21,EUFIN,17.446460723876953
2023-09-22,EUFIN,17.355451583862305
2023-09-25,EUFIN,17.264440536499023
2023-09-26,EUFIN,17.146129608154297
2023-09-27,EUFIN,17.02781867980957
2023-09-28,EUFIN,17.255338668823242
2023-09-29,EUFIN,17.209835052490234
2023-10-02,EUFIN,16.87310218811035
2023-10-03,EUFIN,16.718387603759766
2023-10-04,EUFIN,16.772994995117188
2023-10-05,EUFIN,16.918607711791992
2023-10-06,EUFIN,17.237138748168945
2023-10-09,EUFIN,17.10062599182129
2023-10-10,EUFIN,17.382753372192383
2023-10-11,EUFIN,17.5374698638916
2023-10-12,EUFIN,17.328149795532227
2023-10-13,EUFIN,17.05512046813965
2023-10-16,EUFIN,17.309946060180664
2023-10-17,EUFIN,17.309946060180664
2023-10-18,EUFIN,17.03691864013672
2023-10-19,EUFIN,16.87310218811035
2023-10-20,EUFIN,16.636476516723633
2023-10-23,EUFIN,16.645578384399414
2023-10-24,EUFIN,16.590972900390625
2023-10-25,EUFIN,16.46356201171875
2023-10-26,EUFIN,16.418058395385742
2023-10-27,EUFIN,16.28154182434082
2023-10-30,EUFIN,16.53636932373047
2023-10-31,EUFIN,16.545469284057617
2023-11-01,EUFIN,16.681983947753906
2023-11-02,EUFIN,16.918607711791992
2023-11-03,EUFIN,17.11882781982422
2023-11-06,EUFIN,17.05512046813965
2023-11-07,EUFIN,16.98231315612793
2023-11-08,EUFIN,17.091524124145508
2023-11-09,EUFIN,17.0460205078125
2023-11-10,EUFIN,17.16433334350586
2023-11-13,EUFIN,17.282644271850586
2023-11-14,EUFIN,17.719486236572266
2023-11-15,EUFIN,17.78319549560547
2023-11-16,EUFIN,17.764991760253906
2023-11-17,EUFIN,18.083526611328125
2023-11-20,EUFIN,18.13813018798828
2023-11-21,EUFIN,18.047122955322266
2023-11-22,EUFIN,18.038021087646484
2023-11-23,EUFIN,18.038021087646484
2023-11-24,EUFIN,18.2928466796875
2023-11-27,EUFIN,18.22913932800293
2023-11-28,EUFIN,18.283742904663086
2023-11-29,EUFIN,18.374753952026367
2023-11-30,EUFIN,18.383853912353516
2023-12-01,EUFIN,18.584074020385742
2023-12-04,EUFIN,18.493066787719727
2023-12-05,EUFIN,18.456663131713867
2023-12-06,EUFIN,18.538570404052734
2023-12-07,EUFIN,18.65688133239746
2023-12-08,EUFIN,18.766094207763672
2023-12-11,EUFIN,18.8024959564209
2023-12-12,EUFIN,18.8662052154541
2023-12-13,EUFIN,19.066425323486328
2023-12-14,EUFIN,19.139232635498047
2023-12-15,EUFIN,18.8844051361084
2023-12-18,EUFIN,18.9481143951416
2023-12-19,EUFIN,19.157434463500977
2023-12-20,EUFIN,18.95412254333496
2023-12-21,EUFIN,19.194400787353516
2023-12-22,EUFIN,19.29605484008789
2023-12-25,EUFIN,19.29605484008789
2023-12-26,EUFIN,19.41619300842285
2023-12-27,EUFIN,19.527088165283203
2023-12-28,EUFIN,19.351503372192383
2023-12-29,EUFIN,19.369985580444336
2024-01-01,EUFIN,19.369985580444336
2024-01-02,EUFIN,19.23136329650879
2024-01-03,EUFIN,18.991086959838867
2024-01-04,EUFIN,19.17591667175293
2024-01-05,EUFIN,19.259090423583984
2024-01-08,EUFIN,19.48088264465332
2024-01-09,EUFIN,19.185155868530273
2024-01-10,EUFIN,19.222124099731445
2024-01-11,EUFIN,19.037296295166016
2024-01-12,EUFIN,19.046537399291992
2024-01-15,EUFIN,19.046537399291992
2024-01-16,EUFIN,18.667638778686523
2024-01-17,EUFIN,18.55674171447754
2024-01-18,EUFIN,18.71384620666504
2024-01-19,EUFIN,18.815502166748047
2024-01-22,EUFIN,18.907913208007812
2024-01-23,EUFIN,18.833984375
2024-01-24,EUFIN,19.000329971313477
2024-01-25,EUFIN,18.991086959838867
2024-01-26,EUFIN,19.11122703552246
2024-01-29,EUFIN,19.065017700195312
2024-01-30,EUFIN,19.185155868530273
2024-01-31,EUFIN,19.028053283691406
2024-02-01,EUFIN,19.009571075439453
2024-02-02,EUFIN,18.935640335083008
2024-02-05,EUFIN,18.815502166748047
2024-02-06,EUFIN,18.852466583251953
2024-02-07,EUFIN,18.7692928314209
2024-02-08,EUFIN,18.7415714263916
2024-02-09,EUFIN,18.760051727294922
2024-02-12,EUFIN,18.870948791503906
2024-02-13,EUFIN,18.593708038330078
2024-02-14,EUFIN,18.815502166748047
2024-02-15,EUFIN,19.009571075439453
2024-02-16,EUFIN,19.074260711669922
2024-02-19,EUFIN,19.074260711669922
2024-02-20,EUFIN,19.29605484008789
2024-02-21,EUFIN,19.16667366027832
2024-02-22,EUFIN,19.3977108001709
2024-02-23,EUFIN,19.45315933227539
2024-02-26,EUFIN,19.44391632080078
2024-02-27,EUFIN,19.490123748779297
2024-02-28,EUFIN,19.48088264465332
2024-02-29,EUFIN,19.591779708862305
2024-03-01,EUFIN,19.69343376159668
2024-03-04,EUFIN,19.684192657470703
2024-03-05,EUFIN,19.73040199279785
2024-03-06,EUFIN,19.961435317993164
2024-03-07,EUFIN,20.183229446411133
2024-03-08,EUFIN,20.210954666137695
2024-03-11,EUFIN,20.28488540649414
2024-03-12,EUFIN,20.552886962890625
2024-03-13,EUFIN,20.608333587646484
2024-03-14,EUFIN,20.37729835510254
2024-03-15,EUFIN,20.589853286743164
2024-03-18,EUFIN,20.46971321105957
2024-03-19,EUFIN,20.59909439086914
2024-03-20,EUFIN,20.820886611938477
2024-03-21,EUFIN,20.857851028442383
2024-03-22,EUFIN,20.8116455078125
2024-03-25,EUFIN,20.857851028442383
2024-03-26,EUFIN,20.941022872924805
2024-03-27,EUFIN,21.051921844482422
2024-03-28,EUFIN,21.014955520629883
2024-03-29,EUFIN,21.014955520629883
2024-04-01,EUFIN,20.959508895874023
2024-04-02,EUFIN,20.92254066467285
2024-04-03,EUFIN,21.14433479309082
2024-04-04,EUFIN,20.996471405029297
2024-04-05,EUFIN,21.03343963623047
2024-04-08,EUFIN,21.18130111694336
2024-04-09,EUFIN,20.959508895874023
2024-04-10,EUFIN,20.765438079833984
2024-04-11,EUFIN,20.571369171142578
2024-04-12,EUFIN,20.22943687438965
2024-04-15,EUFIN,20.25716209411621
2024-04-16,EUFIN,19.952194213867188
2024-04-17,EUFIN,20.15550422668457
2024-04-18,EUFIN,20.210954666137695
2024-04-19,EUFIN,20.28488540649414
2024-04-22,EUFIN,20.580608367919922
2024-04-23,EUFIN,20.950267791748047
2024-04-24,EUFIN,20.71923065185547
2024-04-25,EUFIN,20.645299911499023
2024-04-26,EUFIN,20.756195068359375
2024-04-29,EUFIN,20.783920288085938
2024-04-30,EUFIN,20.56212615966797
2024-05-01,EUFIN,20.543643951416016
2024-05-02,EUFIN,20.876333236694336
2024-05-03,EUFIN,20.92254066467285
2024-05-06,EUFIN,21.245990753173828
2024-05-07,EUFIN,21.486268997192383
2024-05-08,EUFIN,21.55095863342285
2024-05-09,EUFIN,21.58792495727539
2024-05-10,EUFIN,21.754268646240234
2024-05-13,EUFIN,21.76350975036621
2024-05-14,EUFIN,21.976062774658203
2024-05-15,EUFIN,22.170129776000977
2024-05-16,EUFIN,22.13316535949707
2024-05-17,EUFIN,22.299510955810547
2024-05-20,EUFIN,22.20709991455078
2024-05-21,EUFIN,22.281028747558594
2024-05-22,EUFIN,22.096200942993164
2024-05-23,EUFIN,21.920612335205078
2024-05-24,EUFIN,22.188613891601562
2024-05-27,EUFIN,22.188613891601562
2024-05-28,EUFIN,22.170129776000977
2024-05-29,EUFIN,21.85592269897461
2024-05-30,EUFIN,22.10544204711914
2024-05-31,EUFIN,22.36420249938965
2024-06-03,EUFIN,22.41040802001953
2024-06-04,EUFIN,22.077716827392578
2024-06-05,EUFIN,22.096200942993164
2024-06-06,EUFIN,22.29026985168457
2024-06-07,EUFIN,22.13316535949707
2024-06-10,EUFIN,21.920612335205078
2024-06-11,EUFIN,21.47450065612793
2024-06-12,EUFIN,21.84705924987793
2024-06-13,EUFIN,21.302553176879883
2024-06-14,EUFIN,20.98731231689453
2024-06-17,EUFIN,21.34076499938965
2024-06-18,EUFIN,21.493606567382812
2024-06-19,EUFIN,21.493606567382812
2024-06-20,EUFIN,21.64645004272461
2024-06-21,EUFIN,21.33121109008789
2024-06-24,EUFIN,21.67510986328125
2024-06-25,EUFIN,21.50316047668457
2024-06-26,EUFIN,21.35987091064453
2024-06-27,EUFIN,21.35987091064453
2024-06-28,EUFIN,21.35987091064453
2024-07-01,EUFIN,21.60824203491211
2024-07-02,EUFIN,21.484054565429688
2024-07-03,EUFIN,21.74197769165039
2024-07-04,EUFIN,21.74197769165039
2024-07-05,EUFIN,21.923480987548828
2024-07-08,EUFIN,21.837505340576172
2024-07-09,EUFIN,21.6942138671875
2024-07-10,EUFIN,21.923480987548828
2024-07-11,EUFIN,22.124086380004883
2024-07-12,EUFIN,22.27692985534668
2024-07-15,EUFIN,22.124086380004883
2024-07-16,EUFIN,22.257823944091797
2024-07-17,EUFIN,22.190956115722656
2024-07-18,EUFIN,22.095428466796875
2024-07-19,EUFIN,22.0285587310791
2024-07-22,EUFIN,22.362905502319336
2024-07-23,EUFIN,22.22916603088379
2024-07-24,EUFIN,21.999902725219727
2024-07-25,EUFIN,21.971242904663086
2024-07-26,EUFIN,22.267377853393555
2024-07-29,EUFIN,22.085878372192383
2024-07-30,EUFIN,22.30558967590332
2024-07-31,EUFIN,22.296035766601562
2024-08-01,EUFIN,21.45539665222168
2024-08-02,EUFIN,21.054183959960938
2024-08-05,EUFIN,20.576547622680664
2024-08-06,EUFIN,20.614757537841797
2024-08-07,EUFIN,20.77715301513672
2024-08-08,EUFIN,21.04463005065918
2024-08-09,EUFIN,21.197473526000977
2024-08-12,EUFIN,21.197473526000977
2024-08-13,EUFIN,21.512714385986328
2024-08-14,EUFIN,21.684661865234375
2024-08-15,EUFIN,21.980796813964844
2024-08-16,EUFIN,22.219614028930664
2024-08-19,EUFIN,22.496641159057617
2024-08-20,EUFIN,22.391563415527344
2024-08-21,EUFIN,22.5921688079834
2024-08-22,EUFIN,22.57306480407715
2024-08-23,EUFIN,23.02204132080078
2024-08-26,EUFIN,22.95517349243164
2024-08-27,EUFIN,23.108016967773438
2024-08-28,EUFIN,23.00293731689453
2024-08-29,EUFIN,23.041147232055664
2024-08-30,EUFIN,23.069805145263672
2024-09-02,EUFIN,23.069805145263672
2024-09-03,EUFIN,22.5921688079834
2024-09-04,EUFIN,22.639934539794922
2024-09-05,EUFIN,22.850093841552734
2024-09-06,EUFIN,22.410667419433594
2024-09-09,EUFIN,22.706802368164062
2024-09-10,EUFIN,22.496641159057617
2024-09-11,EUFIN,22.649484634399414
2024-09-12,EUFIN,22.840539932250977
2024-09-13,EUFIN,23.00293731689453
2024-09-16,EUFIN,23.251306533813477
2024-09-17,EUFIN,23.17488670349121
2024-09-18,EUFIN,23.17488670349121
2024-09-19,EUFIN,23.63341522216797
2024-09-20,EUFIN,23.471017837524414
2024-09-23,EUFIN,23.404150009155273
2024-09-24,EUFIN,23.614309310913086
2024-09-25,EUFIN,23.356388092041016
2024-09-26,EUFIN,23.891338348388672
2024-09-27,EUFIN,23.80536460876465
2024-09-30,EUFIN,23.62386131286621
2024-10-01,EUFIN,23.14622688293457
2024-10-02,EUFIN,23.079357147216797
2024-10-03,EUFIN,22.888303756713867
2024-10-04,EUFIN,23.184438705444336
2024-10-07,EUFIN,23.117570877075195
2024-10-08,EUFIN,23.03159523010254
2024-10-09,EUFIN,23.079357147216797
2024-10-10,EUFIN,23.127120971679688
2024-10-11,EUFIN,23.28951644897461
2024-10-14,EUFIN,23.356388092041016
2024-10-15,EUFIN,23.24175453186035
2024-10-16,EUFIN,23.308622360229492
2024-10-17,EUFIN,23.38504409790039
2024-10-18,EUFIN,23.58565330505371
2024-10-21,EUFIN,23.28951644897461
2024-10-22,EUFIN,23.22264862060547
2024-10-23,EUFIN,23.012489318847656
2024-10-24,EUFIN,23.155780792236328
2024-10-25,EUFIN,22.916961669921875
2024-10-28,EUFIN,23.232200622558594
2024-10-29,EUFIN,23.117570877075195
2024-10-30,EUFIN,23.012489318847656
2024-10-31,EUFIN,22.926513671875
2024-11-01,EUFIN,23.069805145263672
2024-11-04,EUFIN,23.165332794189453
2024-11-05,EUFIN,23.46146583557129
2024-11-06,EUFIN,23.079357147216797
2024-11-07,EUFIN,23.203542709350586
2024-11-08,EUFIN,22.745012283325195
2024-11-11,EUFIN,22.869197845458984
2024-11-12,EUFIN,22.37245750427246
2024-11-13,EUFIN,22.248273849487305
2024-11-14,EUFIN,22.37245750427246
2024-11-15,EUFIN,22.57306480407715
2024-11-18,EUFIN,22.773670196533203
2024-11-19,EUFIN,22.5921688079834
2024-11-20,EUFIN,22.54440689086914
2024-11-21,EUFIN,22.5921688079834
2024-11-22,EUFIN,22.391563415527344
2024-11-25,EUFIN,22.534852981567383
2024-11-26,EUFIN,22.34379768371582
2024-11-27,EUFIN,22.506193161010742
2024-11-28,EUFIN,22.506193161010742
2024-11-29,EUFIN,22.81188201904297
2024-12-02,EUFIN,22.79277801513672
2024-12-03,EUFIN,22.840539932250977
2024-12-04,EUFIN,22.9647274017334
2024-12-05,EUFIN,23.46146583557129
2024-12-06,EUFIN,23.38504409790039
2024-12-09,EUFIN,23.24175453186035
2024-12-10,EUFIN,23.184438705444336
2024-12-11,EUFIN,23.28951644897461
2024-12-12,EUFIN,23.060253143310547
2024-12-13,EUFIN,23.24175453186035
2024-12-16,EUFIN,23.251306533813477
2024-12-17,EUFIN,23.04183578491211
2024-12-18,EUFIN,22.44752311706543
2024-12-19,EUFIN,22.46700668334961
2024-12-20,EUFIN,22.49623680114746
2024-12-23,EUFIN,22.5546932220459
2024-12-24,EUFIN,22.759294509887695
2024-12-25,EUFIN,22.759294509887695
2024-12-26,EUFIN,22.79826545715332
2024-12-27,EUFIN,22.73980712890625
2024-12-30,EUFIN,22.720321655273438
2024-12-31,EUFIN,22.700836181640625
2025-01-01,EUFIN,22.700836181640625
2025-01-02,EUFIN,22.437780380249023
2025-01-03,EUFIN,22.681350708007812
2025-01-06,EUFIN,23.002864837646484
2025-01-07,EUFIN,23.01260757446289
2025-01-08,EUFIN,23.051578521728516
2025-01-09,EUFIN,23.051578521728516
2025-01-10,EUFIN,22.78852081298828
2025-01-13,EUFIN,22.7690372467041
2025-01-14,EUFIN,23.061321258544922
2025-01-15,EUFIN,23.490007400512695
2025-01-16,EUFIN,23.597177505493164
2025-01-17,EUFIN,23.69460678100586
2025-01-20,EUFIN,23.69460678100586
2025-01-21,EUFIN,24.201234817504883
2025-01-22,EUFIN,24.103805541992188
2025-01-23,EUFIN,24.551979064941406
2025-01-24,EUFIN,24.571462631225586
2025-01-27,EUFIN,24.776063919067383
2025-01-28,EUFIN,24.6981201171875
2025-01-29,EUFIN,24.74683380126953
2025-01-30,EUFIN,24.86374855041504
2025-01-31,EUFIN,24.62017822265625
2025-02-03,EUFIN,24.191492080688477
2025-02-04,EUFIN,24.551979064941406
2025-02-05,EUFIN,24.776063919067383
2025-02-06,EUFIN,25.195005416870117
2025-02-07,EUFIN,25.019634246826172
2025-02-10,EUFIN,25.126806259155273
2025-02-11,EUFIN,25.39960479736328
2025-02-12,EUFIN,25.691892623901367
2025-02-13,EUFIN,25.73086166381836
2025-02-14,EUFIN,25.828290939331055
2025-02-17,EUFIN,25.828290939331055
2025-02-18,EUFIN,26.30569076538086
2025-02-19,EUFIN,25.877004623413086
2025-02-20,EUFIN,26.03289031982422
2025-02-21,EUFIN,25.954946517944336
2025-02-24,EUFIN,26.003662109375
2025-02-25,EUFIN,26.559003829956055
2025-02-26,EUFIN,26.802576065063477
2025-02-27,EUFIN,26.617460250854492
2025-02-28,EUFIN,26.734376907348633
2025-03-03,EUFIN,27.2020320892334
2025-03-04,EUFIN,27.133832931518555
2025-03-05,EUFIN,28.078887939453125
2025-03-06,EUFIN,27.7768611907959
2025-03-07,EUFIN,28.273746490478516
2025-03-10,EUFIN,27.39689064025879
2025-03-11,EUFIN,27.387147903442383
2025-03-12,EUFIN,27.61123275756836
2025-03-13,EUFIN,27.35791778564453
2025-03-14,EUFIN,28.078887939453125
2025-03-17,EUFIN,28.39065933227539
2025-03-18,EUFIN,28.712173461914062
2025-03-19,EUFIN,28.64397430419922
2025-03-20,EUFIN,28.186059951782227
2025-03-21,EUFIN,28.09837532043457
2025-03-24,EUFIN,28.293231964111328
2025-03-25,EUFIN,28.69268798828125
2025-03-26,EUFIN,28.283489227294922
2025-03-27,EUFIN,28.39065933227539
2025-03-28,EUFIN,28.108118057250977
2025-03-31,EUFIN,27.757373809814453
2025-04-01,EUFIN,27.884033203125
2025-04-02,EUFIN,28.09837532043457
2025-04-03,EUFIN,27.221519470214844
2025-04-04,EUFIN,24.951435089111328
2025-04-07,EUFIN,24.25969123840332
2025-04-08,EUFIN,24.13303565979004
2025-04-09,EUFIN,26.237491607666016
2025-04-10,EUFIN,26.023147583007812
2025-04-11,EUFIN,26.68566131591797
2025-04-14,EUFIN,27.06563377380371
2025-04-15,EUFIN,27.552776336669922
2025-04-16,EUFIN,27.533288955688477
2025-04-17,EUFIN,27.806089401245117
2025-04-18,EUFIN,27.806089401245117
2025-04-21,EUFIN,27.620975494384766
2025-04-22,EUFIN,28.42963218688965
2025-04-23,EUFIN,28.605003356933594
2025-04-24,EUFIN,28.82908821105957
2025-04-25,EUFIN,28.99471664428711
2025-04-28,EUFIN,29.17983055114746
2025-04-29,EUFIN,29.40391731262207
2025-04-30,EUFIN,29.12137222290039
2025-05-01,EUFIN,29.014202117919922
2025-05-02,EUFIN,29.520830154418945
2025-05-05,EUFIN,29.764400482177734
2025-05-06,EUFIN,29.77414321899414
2025-05-07,EUFIN,29.686458587646484
2025-05-08,EUFIN,29.705944061279297
2025-05-09,EUFIN,29.978744506835938
2025-05-12,EUFIN,29.94951629638672
2025-05-13,EUFIN,30.017715454101562
2025-05-14,EUFIN,30.21257209777832
2025-05-15,EUFIN,30.407428741455078
2025-05-16,EUFIN,30.456144332885742
2025-05-19,EUFIN,30.933544158935547
2025-05-20,EUFIN,31.07968521118164
2025-05-21,EUFIN,30.875085830688477
2025-05-22,EUFIN,30.933544158935547
2025-05-23,EUFIN,30.777658462524414
2025-05-26,EUFIN,30.777658462524414
2025-05-27,EUFIN,31.00174331665039
2025-05-28,EUFIN,30.709457397460938
2025-05-29,EUFIN,30.923799514770508
2025-05-30,EUFIN,30.962772369384766
2025-06-02,EUFIN,31.35248565673828
2025-06-03,EUFIN,31.040714263916016
2025-06-04,EUFIN,31.040714263916016
2025-06-05,EUFIN,31.235572814941406
2025-06-06,EUFIN,31.44017219543457
2025-06-09,EUFIN,31.39145851135254
2025-06-10,EUFIN,30.972515106201172
2025-06-11,EUFIN,30.982255935668945
2025-06-12,EUFIN,31.206342697143555
2025-06-13,EUFIN,30.650999069213867
2025-06-16,EUFIN,31.1200008392334
2025-06-17,EUFIN,30.420000076293945
2025-06-18,EUFIN,30.559999465942383
2025-06-19,EUFIN,30.559999465942383
2025-06-20,EUFIN,30.420000076293945
2025-06-23,EUFIN,30.540000915527344
2025-06-24,EUFIN,31.170000076293945
2025-06-25,EUFIN,31.049999237060547
2025-06-26,EUFIN,31.260000228881836
2025-06-27,EUFIN,31.59000015258789
2025-06-30,EUFIN,31.6299991607666
2025-07-01,EUFIN,31.5
2025-07-02,EUFIN,31.559999465942383
2025-07-03,EUFIN,31.770000457763672
2025-07-04,EUFIN,31.770000457763672
2025-07-07,EUFIN,31.68000030517578
2025-07-08,EUFIN,32.029998779296875
2025-07-09,EUFIN,32.5099983215332
2025-07-10,EUFIN,32.2400016784668
2025-07-11,EUFIN,31.790000915527344
2025-07-14,EUFIN,31.920000076293945
2025-07-15,EUFIN,31.399999618530273
2025-07-16,EUFIN,31.770000457763672
2025-07-17,EUFIN,31.81999969482422
2025-07-18,EUFIN,31.799999237060547
2025-07-21,EUFIN,32.0099983215332
2025-07-22,EUFIN,32.15999984741211
2025-07-23,EUFIN,32.9900016784668
2025-07-24,EUFIN,32.720001220703125
2025-07-25,EUFIN,32.79999923706055
2025-07-28,EUFIN,32.25
2025-07-29,EUFIN,32.4900016784668
2025-07-30,EUFIN,32.18000030517578
2025-07-31,EUFIN,32.06999969482422
2025-08-01,EUFIN,31.719999313354492
2025-08-04,EUFIN,32.33000183105469
2025-08-05,EUFIN,32.45000076293945
2025-08-06,EUFIN,33.0
2025-08-07,EUFIN,33.470001220703125
2025-08-08,EUFIN,33.709999084472656
2025-08-11,EUFIN,33.720001220703125
2025-08-12,EUFIN,33.970001220703125
2025-08-13,EUFIN,34.220001220703125
2025-08-14,EUFIN,34.45000076293945
2025-08-15,EUFIN,34.43000030517578
2025-08-18,EUFIN,34.209999084472656
2025-08-19,EUFIN,34.16999816894531
2025-08-20,EUFIN,34.459999084472656
2025-08-21,EUFIN,34.34000015258789
2025-08-22,EUFIN,34.7400016784668
2025-08-25,EUFIN,34.189998626708984
2025-08-26,EUFIN,33.93000030517578
2025-08-27,EUFIN,33.5099983215332
2025-08-28,EUFIN,33.58000183105469
2025-08-29,EUFIN,33.43000030517578
2025-09-01,EUFIN,33.43000030517578
2025-09-02,EUFIN,32.970001220703125
2025-09-03,EUFIN,32.9900016784668
2025-09-04,EUFIN,33.369998931884766
2025-09-05,EUFIN,33.310001373291016
2025-09-08,EUFIN,33.54999923706055
2025-09-09,EUFIN,33.56999969482422
2025-09-10,EUFIN,33.709999084472656
2025-09-11,EUFIN,34.099998474121094
2025-09-12,EUFIN,34.099998474121094
2025-09-15,EUFIN,34.43000030517578
2025-09-16,EUFIN,34.040000915527344
2025-09-17,EUFIN,33.970001220703125
2025-09-18,EUFIN,34.0099983215332
2025-09-19,EUFIN,33.970001220703125
2025-09-22,EUFIN,34.040000915527344
2025-09-23,EUFIN,34.0099983215332
2025-09-24,EUFIN,33.83000183105469
2025-09-25,EUFIN,33.560001373291016
2025-09-26,EUFIN,34.13999938964844
2022-01-03,JP,62.89727020263672
2022-01-04,JP,63.723026275634766
2022-01-05,JP,63.43212127685547
2022-01-06,JP,62.96295166015625
2022-01-07,JP,62.559471130371094
2022-01-10,JP,62.40932846069336
2022-01-11,JP,62.89727020263672
2022-01-12,JP,63.79807662963867
2022-01-13,JP,63.159996032714844
2022-01-14,JP,63.08494186401367
2022-01-17,JP,63.08494186401367
2022-01-18,JP,62.09029006958008
2022-01-19,JP,61.32085037231445
2022-01-20,JP,61.048728942871094
2022-01-21,JP,60.81414031982422
2022-01-24,JP,60.55140686035156
2022-01-25,JP,60.33559036254883
2022-01-26,JP,59.50046157836914
2022-01-27,JP,58.655948638916016
2022-01-28,JP,58.88115310668945
2022-01-31,JP,60.129150390625
2022-02-01,JP,60.14791488647461
2022-02-02,JP,61.067501068115234
2022-02-03,JP,59.79134750366211
2022-02-04,JP,60.26051712036133
2022-02-07,JP,60.298057556152344
2022-02-08,JP,60.645240783691406
2022-02-09,JP,61.48036193847656
2022-02-10,JP,60.50448989868164
2022-02-11,JP,60.01654815673828
2022-02-14,JP,60.01654815673828
2022-02-15,JP,60.68277359008789
2022-02-16,JP,60.69215393066406
2022-02-17,JP,59.800724029541016
2022-02-18,JP,59.7068977355957
2022-02-21,JP,59.7068977355957
2022-02-22,JP,59.228336334228516
2022-02-23,JP,58.6184196472168
2022-02-24,JP,58.28061294555664
2022-02-25,JP,59.631832122802734
2022-02-28,JP,59.0594367980957
2022-03-01,JP,58.25246047973633
2022-03-02,JP,58.44951629638672
2022-03-03,JP,58.15863037109375
2022-03-04,JP,57.4079475402832
2022-03-07,JP,55.39051055908203
2022-03-08,JP,54.59291458129883
2022-03-09,JP,56.06612014770508
2022-03-10,JP,55.8315315246582
2022-03-11,JP,54.930721282958984
2022-03-14,JP,55.00578308105469
2022-03-15,JP,55.90660095214844
2022-03-16,JP,57.15459442138672
2022-03-17,JP,57.68946075439453
2022-03-18,JP,58.430747985839844
2022-03-21,JP,58.41197967529297
2022-03-22,JP,58.590267181396484
2022-03-23,JP,58.243080139160156
2022-03-24,JP,58.88115310668945
2022-03-25,JP,58.871768951416016
2022-03-28,JP,57.989723205566406
2022-03-29,JP,59.1345100402832
2022-03-30,JP,58.515193939208984
2022-03-31,JP,57.81143569946289
2022-04-01,JP,58.1117057800293
2022-04-04,JP,58.58088684082031
2022-04-05,JP,57.0513801574707
2022-04-06,JP,56.19749069213867
2022-04-07,JP,56.00043487548828
2022-04-08,JP,55.76585006713867
2022-04-11,JP,54.893184661865234
2022-04-12,JP,54.170658111572266
2022-04-13,JP,54.94948196411133
2022-04-14,JP,54.79935073852539
2022-04-15,JP,54.79935073852539
2022-04-18,JP,54.14250946044922
2022-04-19,JP,54.151885986328125
2022-04-20,JP,54.658599853515625
2022-04-21,JP,54.208194732666016
2022-04-22,JP,53.401214599609375
2022-04-25,JP,53.729637145996094
2022-04-26,JP,52.594242095947266
2022-04-27,JP,52.80067825317383
2022-04-28,JP,53.76716995239258
2022-04-29,JP,53.12909698486328
2022-05-02,JP,53.11033248901367
2022-05-03,JP,53.532588958740234
2022-05-04,JP,54.48031234741211
2022-05-05,JP,52.98834991455078
2022-05-06,JP,53.19478225708008
2022-05-09,JP,51.69343185424805
2022-05-10,JP,51.76849365234375
2022-05-11,JP,51.20549011230469
2022-05-12,JP,51.77787780761719
2022-05-13,JP,52.847591400146484
2022-05-16,JP,52.56609344482422
2022-05-17,JP,52.95081329345703
2022-05-18,JP,52.4441032409668
2022-05-19,JP,52.894508361816406
2022-05-20,JP,53.57012176513672
2022-05-23,JP,54.08620834350586
2022-05-24,JP,53.8797721862793
2022-05-25,JP,53.99237060546875
2022-05-26,JP,54.414634704589844
2022-05-27,JP,54.7430534362793
2022-05-30,JP,54.7430534362793
2022-05-31,JP,54.048675537109375
2022-06-01,JP,54.07683181762695
2022-06-02,JP,54.63045120239258
2022-06-03,JP,53.49504852294922
2022-06-06,JP,53.78593826293945
2022-06-07,JP,53.95484161376953
2022-06-08,JP,53.25108337402344
2022-06-09,JP,52.86830520629883
2022-06-10,JP,51.911376953125
2022-06-13,JP,50.46175765991211
2022-06-14,JP,50.12067413330078
2022-06-15,JP,50.67967987060547
2022-06-16,JP,49.874332427978516
2022-06-17,JP,49.324806213378906
2022-06-20,JP,49.324806213378906
2022-06-21,JP,49.83643341064453
2022-06-22,JP,49.590091705322266
2022-06-23,JP,49.893280029296875
2022-06-24,JP,50.878639221191406
2022-06-27,JP,50.43333435058594
2022-06-28,JP,50.357540130615234
2022-06-29,JP,50.13014602661133
2022-06-30,JP,50.05435562133789
2022-07-01,JP,50.262786865234375
2022-07-04,JP,50.262786865234375
2022-07-05,JP,49.94065475463867
2022-07-06,JP,49.931182861328125
2022-07-07,JP,50.64176940917969
2022-07-08,JP,50.897586822509766
2022-07-11,JP,50.20594787597656
2022-07-12,JP,50.224891662597656
2022-07-13,JP,49.95960235595703
2022-07-14,JP,49.46692657470703
2022-07-15,JP,49.9880256652832
2022-07-18,JP,50.08277130126953
2022-07-19,JP,50.80284118652344
2022-07-20,JP,51.02075958251953
2022-07-21,JP,51.66503143310547
2022-07-22,JP,51.82610321044922
2022-07-25,JP,51.816619873046875
2022-07-26,JP,51.24815368652344
2022-07-27,JP,52.2808837890625
2022-07-28,JP,52.70723342895508
2022-07-29,JP,53.199920654296875
2022-08-01,JP,53.8820915222168
2022-08-02,JP,52.85884094238281
2022-08-03,JP,52.745140075683594
2022-08-04,JP,52.7261962890625
2022-08-05,JP,52.404052734375
2022-08-08,JP,52.38510513305664
2022-08-09,JP,51.8640022277832
2022-08-10,JP,53.35150909423828
2022-08-11,JP,53.33256149291992
2022-08-12,JP,54.0336799621582
2022-08-15,JP,54.25160217285156
2022-08-16,JP,53.99578857421875
2022-08-17,JP,53.82524490356445
2022-08-18,JP,53.6357536315918
2022-08-19,JP,52.70723342895508
2022-08-22,JP,52.16718673706055
2022-08-23,JP,52.29035186767578
2022-08-24,JP,52.27140426635742
2022-08-25,JP,52.86830520629883
2022-08-26,JP,51.57976150512695
2022-08-29,JP,51.058658599853516
2022-08-30,JP,51.00181198120117
2022-08-31,JP,50.774417877197266
2022-09-01,JP,50.168052673339844
2022-09-02,JP,49.61851501464844
2022-09-05,JP,49.61851501464844
2022-09-06,JP,48.84160232543945
2022-09-07,JP,48.76580810546875
2022-09-08,JP,49.35322570800781
2022-09-09,JP,50.281742095947266
2022-09-12,JP,50.30069351196289
2022-09-13,JP,48.642635345458984
2022-09-14,JP,49.34375762939453
2022-09-15,JP,48.955299377441406
2022-09-16,JP,48.917396545410156
2022-09-19,JP,49.07846450805664
2022-09-20,JP,48.566837310791016
2022-09-21,JP,48.00782775878906
2022-09-22,JP,48.386817932128906
2022-09-23,JP,47.41093063354492
2022-09-26,JP,46.643489837646484
2022-09-27,JP,46.25503158569336
2022-09-28,JP,47.12670135498047
2022-09-29,JP,46.671913146972656
2022-09-30,JP,46.283451080322266
2022-10-03,JP,47.117225646972656
2022-10-04,JP,48.623680114746094
2022-10-05,JP,48.11205291748047
2022-10-06,JP,47.67622375488281
2022-10-07,JP,47.193016052246094
2022-10-10,JP,47.0035285949707
2022-10-11,JP,46.52031707763672
2022-10-12,JP,46.179237365722656
2022-10-13,JP,46.58664321899414
2022-10-14,JP,45.913944244384766
2022-10-17,JP,46.37820053100586
2022-10-18,JP,46.21713638305664
2022-10-19,JP,45.93288803100586
2022-10-20,JP,45.89499282836914
2022-10-21,JP,46.700340270996094
2022-10-24,JP,46.397151947021484
2022-10-25,JP,47.45830154418945
2022-10-26,JP,47.73306655883789
2022-10-27,JP,47.13616943359375
2022-10-28,JP,47.63832473754883
2022-10-31,JP,47.363563537597656
2022-11-01,JP,47.72359085083008
2022-11-02,JP,47.41093063354492
2022-11-03,JP,47.27829360961914
2022-11-04,JP,48.197322845458984
2022-11-07,JP,48.47209167480469
2022-11-08,JP,49.173213958740234
2022-11-09,JP,48.339447021484375
2022-11-10,JP,51.03970718383789
2022-11-11,JP,52.053489685058594
2022-11-14,JP,51.3428955078125
2022-11-15,JP,51.683982849121094
2022-11-16,JP,51.503963470458984
2022-11-17,JP,51.409217834472656
2022-11-18,JP,51.3902702331543
2022-11-21,JP,50.973388671875
2022-11-22,JP,52.062965393066406
2022-11-23,JP,52.65987014770508
2022-11-24,JP,52.65987014770508
2022-11-25,JP,53.0198974609375
2022-11-28,JP,52.612491607666016
2022-11-29,JP,52.29035186767578
2022-11-30,JP,52.86830520629883
2022-12-01,JP,53.22834396362305
2022-12-02,JP,52.991477966308594
2022-12-05,JP,51.8829460144043
2022-12-06,JP,51.72187805175781
2022-12-07,JP,51.87347412109375
2022-12-08,JP,52.195613861083984
2022-12-09,JP,52.35667419433594
2022-12-12,JP,52.34720993041992
2022-12-13,JP,53.10117721557617
2022-12-14,JP,53.0536994934082
2022-12-15,JP,51.76225662231445
2022-12-16,JP,51.80023956298828
2022-12-19,JP,51.4678840637207
2022-12-20,JP,52.199073791503906
2022-12-21,JP,52.12310028076172
2022-12-22,JP,51.97116470336914
2022-12-23,JP,52.00914764404297
2022-12-26,JP,52.00914764404297
2022-12-27,JP,51.771751403808594
2022-12-28,JP,51.15451431274414
2022-12-29,JP,52.10410690307617
2022-12-30,JP,51.69578552246094
2023-01-02,JP,51.69578552246094
2023-01-03,JP,51.94268035888672
2023-01-04,JP,51.429901123046875
2023-01-05,JP,50.7366943359375
2023-01-06,JP,52.00914764404297
2023-01-09,JP,52.12310028076172
2023-01-10,JP,51.99965286254883
2023-01-11,JP,52.417476654052734
2023-01-12,JP,53.68043518066406
2023-01-13,JP,53.9083366394043
2023-01-16,JP,53.9083366394043
2023-01-17,JP,54.42111587524414
2023-01-18,JP,54.34514617919922
2023-01-19,JP,54.31665802001953
2023-01-20,JP,54.933895111083984
2023-01-23,JP,54.78195571899414
2023-01-24,JP,55.15230178833008
2023-01-25,JP,55.817012786865234
2023-01-26,JP,55.703060150146484
2023-01-27,JP,55.85499954223633
2023-01-30,JP,55.52264404296875
2023-01-31,JP,55.71255874633789
2023-02-01,JP,55.9024772644043
2023-02-02,JP,55.76953125
2023-02-03,JP,55.13330841064453
2023-02-06,JP,54.63002395629883
2023-02-07,JP,55.42768096923828
2023-02-08,JP,54.81993865966797
2023-02-09,JP,54.87691879272461
2023-02-10,JP,55.19028091430664
2023-02-13,JP,55.16179656982422
2023-02-14,JP,54.88641357421875
2023-02-15,JP,54.34514617919922
2023-02-16,JP,54.16472244262695
2023-02-17,JP,54.14573669433594
2023-02-20,JP,54.14573669433594
2023-02-21,JP,53.481021881103516
2023-02-22,JP,53.08218765258789
2023-02-23,JP,53.61396026611328
2023-02-24,JP,52.81630325317383
2023-02-27,JP,53.31958770751953
2023-02-28,JP,53.120174407958984
2023-03-01,JP,53.20563507080078
2023-03-02,JP,53.262611389160156
2023-03-03,JP,54.48758316040039
2023-03-06,JP,54.48758316040039
2023-03-07,JP,54.003292083740234
2023-03-08,JP,54.668006896972656
2023-03-09,JP,54.57305145263672
2023-03-10,JP,53.91782760620117
2023-03-13,JP,53.405052185058594
2023-03-14,JP,53.25312042236328
2023-03-15,JP,52.17057800292969
2023-03-16,JP,53.234127044677734
2023-03-17,JP,52.90176773071289
2023-03-20,JP,53.670936584472656
2023-03-21,JP,54.003292083740234
2023-03-22,JP,53.851356506347656
2023-03-23,JP,54.08875274658203
2023-03-24,JP,54.25019073486328
2023-03-27,JP,54.48758316040039
2023-03-28,JP,54.592041015625
2023-03-29,JP,54.80094909667969
2023-03-30,JP,55.057342529296875
2023-03-31,JP,55.73154830932617
2023-04-03,JP,55.98794174194336
2023-04-04,JP,55.96894454956055
2023-04-05,JP,55.13330841064453
2023-04-06,JP,54.895912170410156
2023-04-07,JP,54.895912170410156
2023-04-10,JP,54.78195571899414
2023-04-11,JP,54.96238327026367
2023-04-12,JP,55.14280700683594
2023-04-13,JP,55.91197204589844
2023-04-14,JP,55.4941520690918
2023-04-17,JP,55.65559005737305
2023-04-18,JP,55.98794174194336
2023-04-19,JP,55.54163360595703
2023-04-20,JP,55.72205352783203
2023-04-21,JP,56.03541946411133
2023-04-24,JP,56.00693130493164
2023-04-25,JP,55.61759567260742
2023-04-26,JP,55.41818618774414
2023-04-27,JP,56.32029724121094
2023-04-28,JP,55.87398910522461
2023-05-01,JP,55.807518005371094
2023-05-02,JP,55.34221649169922
2023-05-03,JP,55.67457962036133
2023-05-04,JP,55.77903366088867
2023-05-05,JP,56.529205322265625
2023-05-08,JP,56.40576171875
2023-05-09,JP,57.01349639892578
2023-05-10,JP,56.72862243652344
2023-05-11,JP,56.89004898071289
2023-05-12,JP,57.16543197631836
2023-05-15,JP,57.50728988647461
2023-05-16,JP,57.39333724975586
2023-05-17,JP,57.78266906738281
2023-05-18,JP,57.79216384887695
2023-05-19,JP,57.887123107910156
2023-05-22,JP,58.14351272583008
2023-05-23,JP,57.30787658691406
2023-05-24,JP,56.700130462646484
2023-05-25,JP,57.02299499511719
2023-05-26,JP,57.212913513183594
2023-05-29,JP,57.212913513183594
2023-05-30,JP,56.84257888793945
2023-05-31,JP,56.34878158569336
2023-06-01,JP,57.76367950439453
2023-06-02,JP,58.87470245361328
2023-06-05,JP,58.66578674316406
2023-06-06,JP,59.86227798461914
2023-06-07,JP,58.32386779785156
2023-06-08,JP,58.82105255126953
2023-06-09,JP,59.49034118652344
2023-06-12,JP,59.86323165893555
2023-06-13,JP,60.72374725341797
2023-06-14,JP,61.00102615356445
2023-06-15,JP,60.914974212646484
2023-06-16,JP,60.33173751831055
2023-06-19,JP,60.33173751831055
2023-06-20,JP,59.499900817871094
2023-06-21,JP,60.20743942260742
2023-06-22,JP,59.71025848388672
2023-06-23,JP,58.23781204223633
2023-06-26,JP,58.23781204223633
2023-06-27,JP,58.45772171020508
2023-06-28,JP,59.10789108276367
2023-06-29,JP,58.81148910522461
2023-06-30,JP,59.184383392333984
2023-07-03,JP,59.36604690551758
2023-07-04,JP,59.36604690551758
2023-07-05,JP,58.87842559814453
2023-07-06,JP,58.10395812988281
2023-07-07,JP,58.93578338623047
2023-07-10,JP,58.84973907470703
2023-07-11,JP,59.10789108276367
2023-07-12,JP,59.5190315246582
2023-07-13,JP,60.408226013183594
2023-07-14,JP,59.68156433105469
2023-07-17,JP,59.71025848388672
2023-07-18,JP,60.53252410888672
2023-07-19,JP,60.54208755493164
2023-07-20,JP,59.73893356323242
2023-07-21,JP,59.67200469970703
2023-07-24,JP,59.758056640625
2023-07-25,JP,59.83454895019531
2023-07-26,JP,60.07358169555664
2023-07-27,JP,60.56120681762695
2023-07-28,JP,60.90541458129883
2023-07-31,JP,60.637699127197266
2023-08-01,JP,59.920597076416016
2023-08-02,JP,58.79237365722656
2023-08-03,JP,58.505531311035156
2023-08-04,JP,59.06964874267578
2023-08-07,JP,59.566829681396484
2023-08-08,JP,59.04096221923828
2023-08-09,JP,58.52465057373047
2023-08-10,JP,58.77324676513672
2023-08-11,JP,58.67763137817383
2023-08-14,JP,58.151763916015625
2023-08-15,JP,57.530277252197266
2023-08-16,JP,56.81317901611328
2023-08-17,JP,56.57414245605469
2023-08-18,JP,56.71757125854492
2023-08-21,JP,56.76537322998047
2023-08-22,JP,57.04265213012695
2023-08-23,JP,57.797996520996094
2023-08-24,JP,57.04265213012695
2023-08-25,JP,57.339054107666016
2023-08-28,JP,58.017906188964844
2023-08-29,JP,58.41947937011719
2023-08-30,JP,58.31430435180664
2023-08-31,JP,58.93578338623047
2023-09-01,JP,59.3182373046875
2023-09-04,JP,59.3182373046875
2023-09-05,JP,59.346923828125
2023-09-06,JP,59.499900817871094
2023-09-07,JP,59.499900817871094
2023-09-08,JP,58.9071044921875
2023-09-11,JP,59.58595657348633
2023-09-12,JP,59.576393127441406
2023-09-13,JP,59.547706604003906
2023-09-14,JP,60.56120681762695
2023-09-15,JP,60.226566314697266
2023-09-18,JP,60.36997985839844
2023-09-19,JP,60.666378021240234
2023-09-20,JP,59.853668212890625
2023-09-21,JP,58.92622756958008
2023-09-22,JP,59.08876419067383
2023-09-25,JP,59.01227951049805
2023-09-26,JP,58.10395812988281
2023-09-27,JP,58.35254669189453
2023-09-28,JP,58.46728515625
2023-09-29,JP,57.645015716552734
2023-10-02,JP,57.1478271484375
2023-10-03,JP,56.15345001220703
2023-10-04,JP,55.54153060913086
2023-10-05,JP,56.63151550292969
2023-10-06,JP,56.774940490722656
2023-10-09,JP,56.937477111816406
2023-10-10,JP,57.68326187133789
2023-10-11,JP,57.53984069824219
2023-10-12,JP,57.68326187133789
2023-10-13,JP,56.966163635253906
2023-10-16,JP,57.1478271484375
2023-10-17,JP,57.2625617980957
2023-10-18,JP,56.36380386352539
2023-10-19,JP,55.952667236328125
2023-10-20,JP,55.57977294921875
2023-10-23,JP,55.445919036865234
2023-10-24,JP,55.799686431884766
2023-10-25,JP,55.57977294921875
2023-10-26,JP,54.82443618774414
2023-10-27,JP,55.28337478637695
2023-10-30,JP,55.69451141357422
2023-10-31,JP,56.37336349487305
2023-11-01,JP,57.339054107666016
2023-11-02,JP,58.27606201171875
2023-11-03,JP,59.27999496459961
2023-11-06,JP,58.51509094238281
2023-11-07,JP,57.97966003417969
2023-11-08,JP,57.02352523803711
2023-11-09,JP,57.2625617980957
2023-11-10,JP,57.81711959838867
2023-11-13,JP,57.78843307495117
2023-11-14,JP,58.93578338623047
2023-11-15,JP,58.4959716796875
2023-11-16,JP,58.696754455566406
2023-11-17,JP,59.61463928222656
2023-11-20,JP,59.624202728271484
2023-11-21,JP,59.37560272216797
2023-11-22,JP,59.74850082397461
2023-11-23,JP,59.74850082397461
2023-11-24,JP,59.86323165893555
2023-11-27,JP,59.8154296875
2023-11-28,JP,59.80586624145508
2023-11-29,JP,59.74850082397461
2023-11-30,JP,59.86323165893555
2023-12-01,JP,60.43690872192383
2023-12-04,JP,59.5190315246582
2023-12-05,JP,59.29911804199219
2023-12-06,JP,59.920597076416016
2023-12-07,JP,60.379547119140625
2023-12-08,JP,60.02577209472656
2023-12-11,JP,60.36997985839844
2023-12-12,JP,60.283931732177734
2023-12-13,JP,61.20181655883789
2023-12-14,JP,60.92454147338867
2023-12-15,JP,60.39866256713867
2023-12-18,JP,60.283931732177734
2023-12-19,JP,60.46559524536133
2023-12-20,JP,60.16019058227539
2023-12-21,JP,61.207298278808594
2023-12-22,JP,61.401206970214844
2023-12-25,JP,61.401206970214844
2023-12-26,JP,61.38181686401367
2023-12-27,JP,61.721153259277344
2023-12-28,JP,62.08958053588867
2023-12-29,JP,62.1865348815918
2024-01-01,JP,62.1865348815918
2024-01-02,JP,61.624202728271484
2024-01-03,JP,61.28485870361328
2024-01-04,JP,61.13943099975586
2024-01-05,JP,61.59511184692383
2024-01-08,JP,62.49679183959961
2024-01-09,JP,62.11866760253906
2024-01-10,JP,63.233638763427734
2024-01-11,JP,63.79597854614258
2024-01-12,JP,64.40679168701172
2024-01-15,JP,64.40679168701172
2024-01-16,JP,63.93171310424805
2024-01-17,JP,63.136688232421875
2024-01-18,JP,63.72811508178711
2024-01-19,JP,63.89293670654297
2024-01-22,JP,64.64917755126953
2024-01-23,JP,64.07714080810547
2024-01-24,JP,64.15470886230469
2024-01-25,JP,63.912322998046875
2024-01-26,JP,63.39847183227539
2024-01-29,JP,64.15470886230469
2024-01-30,JP,63.92202377319336
2024-01-31,JP,64.19349670410156
2024-02-01,JP,64.88186645507812
2024-02-02,JP,64.48435974121094
2024-02-05,JP,64.17410278320312
2024-02-06,JP,64.16439819335938
2024-02-07,JP,64.53282928466797
2024-02-08,JP,64.36800384521484
2024-02-09,JP,64.60070037841797
2024-02-12,JP,64.93034362792969
2024-02-13,JP,64.70734405517578
2024-02-14,JP,64.95943450927734
2024-02-15,JP,65.57994079589844
2024-02-16,JP,65.57023620605469
2024-02-19,JP,65.57023620605469
2024-02-20,JP,65.8611068725586
2024-02-21,JP,65.7253646850586
2024-02-22,JP,66.80156707763672
2024-02-23,JP,66.90821838378906
2024-02-26,JP,66.89851379394531
2024-02-27,JP,67.07303619384766
2024-02-28,JP,66.57856750488281
2024-02-29,JP,67.0148696899414
2024-03-01,JP,68.18801879882812
2024-03-04,JP,67.79049682617188
2024-03-05,JP,68.15892791748047
2024-03-06,JP,69.19634246826172
2024-03-07,JP,69.16724395751953
2024-03-08,JP,69.01213073730469
2024-03-11,JP,67.48023986816406
2024-03-12,JP,67.84867095947266
2024-03-13,JP,67.25725555419922
2024-03-14,JP,66.95668029785156
2024-03-15,JP,67.45116424560547
2024-03-18,JP,68.4982681274414
2024-03-19,JP,68.76004028320312
2024-03-20,JP,69.29329681396484
2024-03-21,JP,69.64232635498047
2024-03-22,JP,69.63262939453125
2024-03-25,JP,68.82791137695312
2024-03-26,JP,69.12847137451172
2024-03-27,JP,69.42902374267578
2024-03-28,JP,69.17694091796875
2024-03-29,JP,69.17694091796875
2024-04-01,JP,68.13953399658203
2024-04-02,JP,67.79049682617188
2024-04-03,JP,68.25587463378906
2024-04-04,JP,67.54811096191406
2024-04-05,JP,67.74201965332031
2024-04-08,JP,68.08136749267578
2024-04-09,JP,68.33344268798828
2024-04-10,JP,67.2669448852539
2024-04-11,JP,67.85836791992188
2024-04-12,JP,66.95668029785156
2024-04-15,JP,66.67552185058594
2024-04-16,JP,65.7447509765625
2024-04-17,JP,65.04669189453125
2024-04-18,JP,64.852783203125
2024-04-19,JP,64.4649658203125
2024-04-22,JP,65.12425231933594
2024-04-23,JP,65.26968383789062
2024-04-24,JP,65.55084991455078
2024-04-25,JP,64.53282928466797
2024-04-26,JP,65.08546447753906
2024-04-29,JP,65.67689514160156
2024-04-30,JP,65.22120666503906
2024-05-01,JP,65.06608581542969
2024-05-02,JP,66.38465881347656
2024-05-03,JP,67.15059661865234
2024-05-06,JP,67.54811096191406
2024-05-07,JP,66.81126403808594
2024-05-08,JP,65.96775817871094
2024-05-09,JP,66.25861358642578
2024-05-10,JP,65.8804931640625
2024-05-13,JP,65.61872100830078
2024-05-14,JP,66.13257598876953
2024-05-15,JP,66.86943054199219
2024-05-16,JP,66.19075012207031
2024-05-17,JP,66.6367416381836
2024-05-20,JP,67.11182403564453
2024-05-21,JP,66.7239990234375
2024-05-22,JP,65.9483642578125
2024-05-23,JP,65.65750122070312
2024-05-24,JP,66.37496185302734
2024-05-27,JP,66.37496185302734
2024-05-28,JP,66.75308990478516
2024-05-29,JP,65.41511535644531
2024-05-30,JP,65.98714447021484
2024-05-31,JP,66.86943054199219
2024-06-03,JP,67.28633117675781
2024-06-04,JP,67.36389923095703
2024-06-05,JP,67.16999053955078
2024-06-06,JP,67.1312026977539
2024-06-07,JP,66.6367416381836
2024-06-10,JP,67.22815704345703
2024-06-11,JP,66.47511291503906
2024-06-12,JP,66.79743194580078
2024-06-13,JP,65.58631134033203
2024-06-14,JP,65.5667724609375
2024-06-17,JP,65.05888366699219
2024-06-18,JP,65.10772705078125
2024-06-19,JP,65.10772705078125
2024-06-20,JP,64.93191528320312
2024-06-21,JP,64.47286224365234
2024-06-24,JP,64.96121978759766
2024-06-25,JP,65.98676300048828
2024-06-26,JP,65.74258422851562
2024-06-27,JP,66.07466888427734
2024-06-28,JP,66.65092468261719
2024-07-01,JP,66.21141052246094
2024-07-02,JP,67.25648498535156
2024-07-03,JP,67.87181854248047
2024-07-04,JP,67.87181854248047
2024-07-05,JP,68.33087921142578
2024-07-08,JP,67.99879455566406
2024-07-09,JP,68.36994934082031
2024-07-10,JP,69.62013244628906
2024-07-11,JP,69.35643005371094
2024-07-12,JP,69.73734283447266
2024-07-15,JP,69.40525817871094
2024-07-16,JP,70.22570037841797
2024-07-17,JP,69.81548309326172
2024-07-18,JP,68.76063537597656
2024-07-19,JP,68.33087921142578
2024-07-22,JP,68.6629638671875
2024-07-23,JP,68.60435485839844
2024-07-24,JP,67.25648498535156
2024-07-25,JP,66.2016372680664
2024-07-26,JP,67.09044647216797
2024-07-29,JP,67.24671936035156
2024-07-30,JP,67.33462524414062
2024-07-31,JP,69.3173599243164
2024-08-01,JP,65.97699737548828
2024-08-02,JP,63.14452362060547
2024-08-05,JP,61.952938079833984
2024-08-06,JP,61.65015411376953
2024-08-07,JP,62.67570114135742
2024-08-08,JP,64.0040283203125
2024-08-09,JP,63.8477668762207
2024-08-12,JP,64.19937896728516
2024-08-13,JP,66.03559875488281
2024-08-14,JP,66.13327026367188
2024-08-15,JP,67.40299987792969
2024-08-16,JP,67.7546157836914
2024-08-19,JP,68.72156524658203
2024-08-20,JP,68.38948059082031
2024-08-21,JP,69.18061828613281
2024-08-22,JP,68.67272186279297
2024-08-23,JP,70.25499725341797
2024-08-26,JP,69.3759536743164
2024-08-27,JP,70.05966186523438
2024-08-28,JP,69.75687408447266
2024-08-29,JP,69.87408447265625
2024-08-30,JP,70.2940673828125
2024-09-02,JP,70.2940673828125
2024-09-03,JP,69.23921966552734
2024-09-04,JP,68.5262222290039
2024-09-05,JP,68.93643951416016
2024-09-06,JP,66.5044174194336
2024-09-09,JP,67.71554565429688
2024-09-10,JP,67.52996826171875
2024-09-11,JP,67.94019317626953
2024-09-12,JP,68.61412048339844
2024-09-13,JP,68.24297332763672
2024-09-16,JP,68.89736938476562
2024-09-17,JP,68.08670043945312
2024-09-18,JP,67.77415466308594
2024-09-19,JP,69.57130432128906
2024-09-20,JP,69.61036682128906
2024-09-23,JP,70.03034973144531
2024-09-24,JP,69.42479705810547
2024-09-25,JP,69.29782104492188
2024-09-26,JP,71.29032135009766
2024-09-27,JP,69.42479705810547
2024-09-30,JP,69.87408447265625
2024-10-01,JP,69.97174835205078
2024-10-02,JP,69.57130432128906
2024-10-03,JP,69.29782104492188
2024-10-04,JP,70.20616149902344
2024-10-07,JP,69.38572692871094
2024-10-08,JP,69.60060119628906
2024-10-09,JP,69.23921966552734
2024-10-10,JP,69.24898529052734
2024-10-11,JP,69.39549255371094
2024-10-14,JP,69.5126953125
2024-10-15,JP,68.08670043945312
2024-10-16,JP,68.49691772460938
2024-10-17,JP,68.13553619384766
2024-10-18,JP,68.49691772460938
2024-10-21,JP,67.36392974853516
2024-10-22,JP,66.47511291503906
2024-10-23,JP,65.11748504638672
2024-10-24,JP,65.65467834472656
2024-10-25,JP,65.67420959472656
2024-10-28,JP,66.12349700927734
2024-10-29,JP,66.76813507080078
2024-10-30,JP,66.82672882080078
2024-10-31,JP,66.4848861694336
2024-11-01,JP,66.39698791503906
2024-11-04,JP,66.45558166503906
2024-11-05,JP,67.46159362792969
2024-11-06,JP,67.7643814086914
2024-11-07,JP,68.35041809082031
2024-11-08,JP,67.81321716308594
2024-11-11,JP,67.97926330566406
2024-11-12,JP,66.90486907958984
2024-11-13,JP,66.16256713867188
2024-11-14,JP,66.24070739746094
2024-11-15,JP,65.91838836669922
2024-11-18,JP,66.29930877685547
2024-11-19,JP,66.2016372680664
2024-11-20,JP,65.7132797241211
2024-11-21,JP,65.89885711669922
2024-11-22,JP,66.36767578125
2024-11-25,JP,66.82672882080078
2024-11-26,JP,66.4848861694336
2024-11-27,JP,66.29930877685547
2024-11-28,JP,66.29930877685547
2024-11-29,JP,68.06716918945312
2024-12-02,JP,68.89736938476562
2024-12-03,JP,69.88385009765625
2024-12-04,JP,69.4931640625
2024-12-05,JP,69.3661880493164
2024-12-06,JP,69.42479705810547
2024-12-09,JP,68.81922912597656
2024-12-10,JP,68.44808197021484
2024-12-11,JP,69.41502380371094
2024-12-12,JP,68.73133087158203
2024-12-13,JP,67.92066192626953
2024-12-16,JP,67.56903839111328
2024-12-17,JP,67.33493041992188
2024-12-18,JP,65.6485824584961
2024-12-19,JP,65.85689544677734
2024-12-20,JP,65.67833709716797
2024-12-23,JP,65.95609283447266
2024-12-24,JP,65.91641235351562
2024-12-25,JP,65.91641235351562
2024-12-26,JP,66.68022918701172
2024-12-27,JP,67.18614196777344
2024-12-30,JP,66.62071990966797
2024-12-31,JP,66.56119537353516
2025-01-01,JP,66.56119537353516
2025-01-02,JP,66.47191619873047
2025-01-03,JP,66.73974609375
2025-01-06,JP,66.88854217529297
2025-01-07,JP,66.72982788085938
2025-01-08,JP,66.56119537353516
2025-01-09,JP,66.56119537353516
2025-01-10,JP,64.71612548828125
2025-01-13,JP,64.89468383789062
2025-01-14,JP,64.76573181152344
2025-01-15,JP,65.73785400390625
2025-01-16,JP,65.32122802734375
2025-01-17,JP,65.6485824584961
2025-01-20,JP,65.6485824584961
2025-01-21,JP,66.78935241699219
2025-01-22,JP,66.70999145507812
2025-01-23,JP,67.2754135131836
2025-01-24,JP,67.93011474609375
2025-01-27,JP,67.19605255126953
2025-01-28,JP,67.761474609375
2025-01-29,JP,67.55316162109375
2025-01-30,JP,68.56497955322266
2025-01-31,JP,67.761474609375
2025-02-03,JP,67.11669921875
2025-02-04,JP,67.72179412841797
2025-02-05,JP,68.56497955322266
2025-02-06,JP,68.84272766113281
2025-02-07,JP,67.93011474609375
2025-02-10,JP,68.19794464111328
2025-02-11,JP,68.18802642822266
2025-02-12,JP,67.47380065917969
2025-02-13,JP,68.70384979248047
2025-02-14,JP,68.81297302246094
2025-02-17,JP,68.81297302246094
2025-02-18,JP,69.53710174560547
2025-02-19,JP,69.06095886230469
2025-02-20,JP,69.15023803710938
2025-02-21,JP,68.53520965576172
2025-02-24,JP,68.22770690917969
2025-02-25,JP,68.91216278076172
2025-02-26,JP,68.95184326171875
2025-02-27,JP,68.44593811035156
2025-02-28,JP,67.92019653320312
2025-03-03,JP,68.65425109863281
2025-03-04,JP,68.08882904052734
2025-03-05,JP,69.58670806884766
2025-03-06,JP,69.05104064941406
2025-03-07,JP,69.6065444946289
2025-03-10,JP,68.12850952148438
2025-03-11,JP,67.71188354492188
2025-03-12,JP,68.96176147460938
2025-03-13,JP,68.70384979248047
2025-03-14,JP,69.78509521484375
2025-03-17,JP,70.51914978027344
2025-03-18,JP,70.32076263427734
2025-03-19,JP,71.12425231933594
2025-03-20,JP,70.74730682373047
2025-03-21,JP,70.75723266601562
2025-03-24,JP,70.5985107421875
2025-03-25,JP,71.10441589355469
2025-03-26,JP,70.181884765625
2025-03-27,JP,70.08268737792969
2025-03-28,JP,68.66416931152344
2025-03-31,JP,68.00946807861328
2025-04-01,JP,67.65235900878906
2025-04-02,JP,67.67220306396484
2025-04-03,JP,64.884765625
2025-04-04,JP,61.01607894897461
2025-04-07,JP,60.827606201171875
2025-04-08,JP,61.15496063232422
2025-04-09,JP,65.80729675292969
2025-04-10,JP,63.704322814941406
2025-04-11,JP,65.29147338867188
2025-04-14,JP,66.36280059814453
2025-04-15,JP,66.89846801757812
2025-04-16,JP,66.24376678466797
2025-04-17,JP,67.52340698242188
2025-04-18,JP,67.52340698242188
2025-04-21,JP,67.3746109008789
2025-04-22,JP,68.7137680053711
2025-04-23,JP,68.92208862304688
2025-04-24,JP,69.71566009521484
2025-04-25,JP,70.20172119140625
2025-04-28,JP,71.16393280029297
2025-04-29,JP,71.44168853759766
2025-04-30,JP,70.8564224243164
2025-05-01,JP,70.5985107421875
2025-05-02,JP,71.31272888183594
2025-05-05,JP,71.8087158203125
2025-05-06,JP,71.84839630126953
2025-05-07,JP,71.40201568603516
2025-05-08,JP,71.25321197509766
2025-05-09,JP,71.43177032470703
2025-05-12,JP,72.2154312133789
2025-05-13,JP,71.66983795166016
2025-05-14,JP,70.87625885009766
2025-05-15,JP,71.71944427490234
2025-05-16,JP,71.90791320800781
2025-05-19,JP,71.98727416992188
2025-05-20,JP,72.40390014648438
2025-05-21,JP,71.72935485839844
2025-05-22,JP,71.78887939453125
2025-05-23,JP,72.44357299804688
2025-05-26,JP,72.44357299804688
2025-05-27,JP,74.34815979003906
2025-05-28,JP,73.0189208984375
2025-05-29,JP,73.435546875
2025-05-30,JP,73.52482604980469
2025-06-02,JP,74.43743896484375
2025-06-03,JP,73.53474426269531
2025-06-04,JP,73.48514556884766
2025-06-05,JP,72.80068969726562
2025-06-06,JP,73.22723388671875
2025-06-09,JP,73.33634948730469
2025-06-10,JP,73.28675079345703
2025-06-11,JP,73.07843780517578
2025-06-12,JP,73.61410522460938
2025-06-13,JP,73.00900268554688
2025-06-16,JP,73.1500015258789
2025-06-17,JP,72.27999877929688
2025-06-18,JP,73.05000305175781
2025-06-19,JP,73.05000305175781
2025-06-20,JP,71.76000213623047
2025-06-23,JP,72.0199966430664
2025-06-24,JP,72.73999786376953
2025-06-25,JP,72.44000244140625
2025-06-26,JP,73.97000122070312
2025-06-27,JP,75.27999877929688
2025-06-30,JP,74.97000122070312
2025-07-01,JP,74.41999816894531
2025-07-02,JP,74.45999908447266
2025-07-03,JP,74.5999984741211
2025-07-04,JP,74.5999984741211
2025-07-07,JP,72.81999969482422
2025-07-08,JP,73.19000244140625
2025-07-09,JP,73.30000305175781
2025-07-10,JP,72.94000244140625
2025-07-11,JP,72.36000061035156
2025-07-14,JP,72.41000366210938
2025-07-15,JP,71.69000244140625
2025-07-16,JP,72.0199966430664
2025-07-17,JP,72.38999938964844
2025-07-18,JP,71.80999755859375
2025-07-21,JP,72.61000061035156
2025-07-22,JP,72.9800033569336
2025-07-23,JP,76.48999786376953
2025-07-24,JP,76.55000305175781
2025-07-25,JP,75.68000030517578
2025-07-28,JP,74.2699966430664
2025-07-29,JP,73.87999725341797
2025-07-30,JP,73.9800033569336
2025-07-31,JP,73.62000274658203
2025-08-01,JP,74.06999969482422
2025-08-04,JP,75.29000091552734
2025-08-05,JP,75.02999877929688
2025-08-06,JP,76.02999877929688
2025-08-07,JP,76.62000274658203
2025-08-08,JP,77.93000030517578
2025-08-11,JP,77.79000091552734
2025-08-12,JP,79.2300033569336
2025-08-13,JP,79.2699966430664
2025-08-14,JP,78.80000305175781
2025-08-15,JP,80.1500015258789
2025-08-18,JP,80.30000305175781
2025-08-19,JP,80.0199966430664
2025-08-20,JP,79.63999938964844
2025-08-21,JP,78.69999694824219
2025-08-22,JP,80.0199966430664
2025-08-25,JP,79.05000305175781
2025-08-26,JP,78.91999816894531
2025-08-27,JP,78.62999725341797
2025-08-28,JP,79.29000091552734
2025-08-29,JP,78.27999877929688
2025-09-01,JP,78.27999877929688
2025-09-02,JP,78.1500015258789
2025-09-03,JP,77.93000030517578
2025-09-04,JP,78.7300033569336
2025-09-05,JP,79.18000030517578
2025-09-08,JP,80.95999908447266
2025-09-09,JP,80.05999755859375
2025-09-10,JP,80.36000061035156
2025-09-11,JP,81.31999969482422
2025-09-12,JP,80.76000213623047
2025-09-15,JP,81.3499984741211
2025-09-16,JP,81.3499984741211
2025-09-17,JP,81.16999816894531
2025-09-18,JP,81.48999786376953
2025-09-19,JP,80.79000091552734
2025-09-22,JP,81.25
2025-09-23,JP,81.08999633789062
2025-09-24,JP,80.8499984741211
2025-09-25,JP,80.45999908447266
2025-09-26,JP,80.44000244140625
2022-01-03,EMB,89.58270263671875
2022-01-04,EMB,89.53291320800781
2022-01-05,EMB,88.67841339111328
2022-01-06,EMB,88.5954360961914
2022-01-07,EMB,88.42121887207031
2022-01-10,EMB,88.12255859375
2022-01-11,EMB,88.3050765991211
2022-01-12,EMB,88.12255859375
2022-01-13,EMB,87.82389068603516
2022-01-14,EMB,87.05233001708984
2022-01-17,EMB,87.05233001708984
2022-01-18,EMB,86.24759674072266
2022-01-19,EMB,86.82835388183594
2022-01-20,EMB,87.13530731201172
2022-01-21,EMB,87.59990692138672
2022-01-24,EMB,87.01084899902344
2022-01-25,EMB,87.14360046386719
2022-01-26,EMB,86.68733215332031
2022-01-27,EMB,87.17680358886719
2022-01-28,EMB,87.45057678222656
2022-01-31,EMB,87.42565155029297
2022-02-01,EMB,87.6529769897461
2022-02-02,EMB,88.0525894165039
2022-02-03,EMB,87.29496002197266
2022-02-04,EMB,86.87869262695312
2022-02-07,EMB,86.77877044677734
2022-02-08,EMB,86.5539779663086
2022-02-09,EMB,86.86201477050781
2022-02-10,EMB,85.72142028808594
2022-02-11,EMB,85.22189331054688
2022-02-14,EMB,85.54654693603516
2022-02-15,EMB,85.87128448486328
2022-02-16,EMB,86.12104797363281
2022-02-17,EMB,85.72142028808594
2022-02-18,EMB,85.75472259521484
2022-02-21,EMB,85.75472259521484
2022-02-22,EMB,84.6723861694336
2022-02-23,EMB,83.24866485595703
2022-02-24,EMB,82.40776062011719
2022-02-25,EMB,83.39849853515625
2022-02-28,EMB,82.5909652709961
2022-03-01,EMB,81.31752014160156
2022-03-02,EMB,81.1420669555664
2022-03-03,EMB,80.79113006591797
2022-03-04,EMB,79.05313873291016
2022-03-07,EMB,78.43480682373047
2022-03-08,EMB,79.1199951171875
2022-03-09,EMB,79.88871002197266
2022-03-10,EMB,80.00569152832031
2022-03-11,EMB,79.38740539550781
2022-03-14,EMB,79.22024536132812
2022-03-15,EMB,79.696533203125
2022-03-16,EMB,81.32587432861328
2022-03-17,EMB,81.84395599365234
2022-03-18,EMB,81.50971221923828
2022-03-21,EMB,80.08089447021484
2022-03-22,EMB,79.93883514404297
2022-03-23,EMB,80.00569152832031
2022-03-24,EMB,80.3232192993164
2022-03-25,EMB,80.13941192626953
2022-03-28,EMB,80.91645812988281
2022-03-29,EMB,81.71023559570312
2022-03-30,EMB,81.76873016357422
2022-03-31,EMB,81.68516540527344
2022-04-01,EMB,81.9813003540039
2022-04-04,EMB,82.300048828125
2022-04-05,EMB,80.97467041015625
2022-04-06,EMB,80.73140716552734
2022-04-07,EMB,80.49654388427734
2022-04-08,EMB,79.8002700805664
2022-04-11,EMB,78.85236358642578
2022-04-12,EMB,79.1459732055664
2022-04-13,EMB,79.34730529785156
2022-04-14,EMB,78.60909271240234
2022-04-15,EMB,78.60909271240234
2022-04-18,EMB,78.56717681884766
2022-04-19,EMB,78.25676727294922
2022-04-20,EMB,78.79360961914062
2022-04-21,EMB,78.08063507080078
2022-04-22,EMB,77.25016784667969
2022-04-25,EMB,78.1561279296875
2022-04-26,EMB,77.61927032470703
2022-04-27,EMB,77.40953826904297
2022-04-28,EMB,77.5521469116211
2022-04-29,EMB,76.23513793945312
2022-05-02,EMB,75.81739807128906
2022-05-03,EMB,76.137451171875
2022-05-04,EMB,77.44290161132812
2022-05-05,EMB,76.28062438964844
2022-05-06,EMB,75.25310516357422
2022-05-09,EMB,74.58772277832031
2022-05-10,EMB,74.95833587646484
2022-05-11,EMB,75.28678894042969
2022-05-12,EMB,75.33731842041016
2022-05-13,EMB,75.21098327636719
2022-05-16,EMB,74.80670928955078
2022-05-17,EMB,75.07624053955078
2022-05-18,EMB,74.59616088867188
2022-05-19,EMB,75.00044250488281
2022-05-20,EMB,75.48894500732422
2022-05-23,EMB,75.53948974609375
2022-05-24,EMB,76.19640350341797
2022-05-25,EMB,76.87017822265625
2022-05-26,EMB,77.12286376953125
2022-05-27,EMB,77.24918365478516
2022-05-30,EMB,77.24918365478516
2022-05-31,EMB,76.85334014892578
2022-06-01,EMB,76.71385955810547
2022-06-02,EMB,77.4577407836914
2022-06-03,EMB,76.93366241455078
2022-06-06,EMB,75.91924285888672
2022-06-07,EMB,76.36724853515625
2022-06-08,EMB,75.61491394042969
2022-06-09,EMB,74.98938751220703
2022-06-10,EMB,73.72986602783203
2022-06-13,EMB,71.77714538574219
2022-06-14,EMB,71.74331665039062
2022-06-15,EMB,73.89045715332031
2022-06-16,EMB,72.2505111694336
2022-06-17,EMB,72.63937377929688
2022-06-20,EMB,72.63937377929688
2022-06-21,EMB,72.42804718017578
2022-06-22,EMB,72.53791046142578
2022-06-23,EMB,73.0197525024414
2022-06-24,EMB,73.11275482177734
2022-06-27,EMB,72.11524200439453
2022-06-28,EMB,71.56578826904297
2022-06-29,EMB,71.82783508300781
2022-06-30,EMB,72.12371063232422
2022-07-01,EMB,73.13480377197266
2022-07-04,EMB,73.13480377197266
2022-07-05,EMB,72.55750274658203
2022-07-06,EMB,71.97174835205078
2022-07-07,EMB,72.18394470214844
2022-07-08,EMB,71.84442901611328
2022-07-11,EMB,71.24166107177734
2022-07-12,EMB,71.03794860839844
2022-07-13,EMB,70.74929809570312
2022-07-14,EMB,69.50985717773438
2022-07-15,EMB,70.20597839355469
2022-07-18,EMB,70.23992919921875
2022-07-19,EMB,71.26712799072266
2022-07-20,EMB,71.82743835449219
2022-07-21,EMB,72.22643280029297
2022-07-22,EMB,73.01594543457031
2022-07-25,EMB,73.06683349609375
2022-07-26,EMB,72.38773345947266
2022-07-27,EMB,73.48283386230469
2022-07-28,EMB,74.43363189697266
2022-07-29,EMB,74.72225952148438
2022-08-01,EMB,75.05976104736328
2022-08-02,EMB,73.96884155273438
2022-08-03,EMB,75.39213562011719
2022-08-04,EMB,75.55408477783203
2022-08-05,EMB,75.40066528320312
2022-08-08,EMB,76.51717376708984
2022-08-09,EMB,75.23873901367188
2022-08-10,EMB,76.58531951904297
2022-08-11,EMB,76.27000427246094
2022-08-12,EMB,76.84955596923828
2022-08-15,EMB,76.70463562011719
2022-08-16,EMB,76.03987884521484
2022-08-17,EMB,75.20462799072266
2022-08-18,EMB,75.11942291259766
2022-08-19,EMB,73.97737121582031
2022-08-22,EMB,73.43193817138672
2022-08-23,EMB,74.20747375488281
2022-08-24,EMB,74.13931274414062
2022-08-25,EMB,74.92339324951172
2022-08-26,EMB,73.75579833984375
2022-08-29,EMB,73.3125991821289
2022-08-30,EMB,73.28703308105469
2022-08-31,EMB,72.6989974975586
2022-09-01,EMB,72.52102661132812
2022-09-02,EMB,72.77767944335938
2022-09-05,EMB,72.77767944335938
2022-09-06,EMB,72.11044311523438
2022-09-07,EMB,73.20536804199219
2022-09-08,EMB,73.23101043701172
2022-09-09,EMB,73.67581939697266
2022-09-12,EMB,73.65018463134766
2022-09-13,EMB,72.52102661132812
2022-09-14,EMB,72.46973419189453
2022-09-15,EMB,72.41838836669922
2022-09-16,EMB,72.02488708496094
2022-09-19,EMB,72.28153991699219
2022-09-20,EMB,71.61432647705078
2022-09-21,EMB,71.40902709960938
2022-09-22,EMB,70.92996978759766
2022-09-23,EMB,70.07460021972656
2022-09-26,EMB,68.42366790771484
2022-09-27,EMB,67.3287582397461
2022-09-28,EMB,68.9454574584961
2022-09-29,EMB,68.07293701171875
2022-09-30,EMB,67.91897583007812
2022-10-03,EMB,68.95113372802734
2022-10-04,EMB,70.24884796142578
2022-10-05,EMB,69.25194549560547
2022-10-06,EMB,68.98551940917969
2022-10-07,EMB,68.05731964111328
2022-10-10,EMB,67.85969543457031
2022-10-11,EMB,67.80812072753906
2022-10-12,EMB,67.56746673583984
2022-10-13,EMB,67.36119079589844
2022-10-14,EMB,66.86276245117188
2022-10-17,EMB,67.23230743408203
2022-10-18,EMB,67.94559478759766
2022-10-19,EMB,66.93151092529297
2022-10-20,EMB,66.25257110595703
2022-10-21,EMB,66.98307800292969
2022-10-24,EMB,66.94011688232422
2022-10-25,EMB,68.10028839111328
2022-10-26,EMB,68.54718780517578
2022-10-27,EMB,68.70189666748047
2022-10-28,EMB,68.87380981445312
2022-10-31,EMB,67.80812072753906
2022-11-01,EMB,69.11387634277344
2022-11-02,EMB,68.58708190917969
2022-11-03,EMB,68.34526824951172
2022-11-04,EMB,69.44204711914062
2022-11-07,EMB,69.41612243652344
2022-11-08,EMB,69.89973449707031
2022-11-09,EMB,68.95842742919922
2022-11-10,EMB,72.1278305053711
2022-11-11,EMB,72.11055755615234
2022-11-14,EMB,71.49740600585938
2022-11-15,EMB,72.84461212158203
2022-11-16,EMB,72.84461212158203
2022-11-17,EMB,72.18830108642578
2022-11-18,EMB,72.18830108642578
2022-11-21,EMB,72.19690704345703
2022-11-22,EMB,72.94825744628906
2022-11-23,EMB,73.4232406616211
2022-11-24,EMB,73.4232406616211
2022-11-25,EMB,73.76004028320312
2022-11-28,EMB,73.46642303466797
2022-11-29,EMB,73.80321502685547
2022-11-30,EMB,74.64092254638672
2022-12-01,EMB,76.12259674072266
2022-12-02,EMB,75.80183410644531
2022-12-05,EMB,74.6400146484375
2022-12-06,EMB,74.23255157470703
2022-12-07,EMB,75.30762481689453
2022-12-08,EMB,75.16891479492188
2022-12-09,EMB,74.64871215820312
2022-12-12,EMB,74.92616271972656
2022-12-13,EMB,75.64574432373047
2022-12-14,EMB,75.5330581665039
2022-12-15,EMB,75.1326675415039
2022-12-16,EMB,74.74099731445312
2022-12-19,EMB,74.33190155029297
2022-12-20,EMB,73.95763397216797
2022-12-21,EMB,74.92375946044922
2022-12-22,EMB,74.54080200195312
2022-12-23,EMB,74.14042663574219
2022-12-26,EMB,74.14042663574219
2022-12-27,EMB,73.69650268554688
2022-12-28,EMB,73.42671966552734
2022-12-29,EMB,73.99244689941406
2022-12-30,EMB,73.62686920166016
2023-01-02,EMB,73.62686920166016
2023-01-03,EMB,73.94892120361328
2023-01-04,EMB,74.85415649414062
2023-01-05,EMB,74.17521667480469
2023-01-06,EMB,75.4895248413086
2023-01-09,EMB,75.34156799316406
2023-01-10,EMB,74.8715591430664
2023-01-11,EMB,75.72454833984375
2023-01-12,EMB,76.62105560302734
2023-01-13,EMB,76.43828582763672
2023-01-16,EMB,76.43828582763672
2023-01-17,EMB,76.51658630371094
2023-01-18,EMB,77.42182159423828
2023-01-19,EMB,77.2042007446289
2023-01-20,EMB,77.03013610839844
2023-01-23,EMB,76.9865951538086
2023-01-24,EMB,77.32606506347656
2023-01-25,EMB,77.27384948730469
2023-01-26,EMB,77.27384948730469
2023-01-27,EMB,77.1258773803711
2023-01-30,EMB,76.14236450195312
2023-01-31,EMB,76.51658630371094
2023-02-01,EMB,77.9683609008789
2023-02-02,EMB,78.22169494628906
2023-02-03,EMB,77.14725494384766
2023-02-06,EMB,76.0553970336914
2023-02-07,EMB,76.12532043457031
2023-02-08,EMB,76.08158874511719
2023-02-09,EMB,75.58370208740234
2023-02-10,EMB,74.99845886230469
2023-02-13,EMB,75.2081298828125
2023-02-14,EMB,75.25177764892578
2023-02-15,EMB,75.03340911865234
2023-02-16,EMB,74.54424285888672
2023-02-17,EMB,74.57047271728516
2023-02-20,EMB,74.57047271728516
2023-02-21,EMB,73.4436264038086
2023-02-22,EMB,73.73190307617188
2023-02-23,EMB,74.91112518310547
2023-02-24,EMB,74.39573669433594
2023-02-27,EMB,74.77134704589844
2023-02-28,EMB,74.45687866210938
2023-03-01,EMB,73.96466064453125
2023-03-02,EMB,73.69267272949219
2023-03-03,EMB,74.82451629638672
2023-03-06,EMB,74.52621459960938
2023-03-07,EMB,74.21910858154297
2023-03-08,EMB,73.8681640625
2023-03-09,EMB,73.88570404052734
2023-03-10,EMB,74.57884216308594
2023-03-13,EMB,74.4560317993164
2023-03-14,EMB,74.25420379638672
2023-03-15,EMB,74.52621459960938
2023-03-16,EMB,74.21035766601562
2023-03-17,EMB,73.87693786621094
2023-03-20,EMB,73.88570404052734
2023-03-21,EMB,74.41213989257812
2023-03-22,EMB,75.06144714355469
2023-03-23,EMB,75.33341979980469
2023-03-24,EMB,74.92102813720703
2023-03-27,EMB,74.60518646240234
2023-03-28,EMB,74.34196472167969
2023-03-29,EMB,74.70169067382812
2023-03-30,EMB,75.21935272216797
2023-03-31,EMB,75.70193481445312
2023-04-03,EMB,75.98564147949219
2023-04-04,EMB,76.09136199951172
2023-04-05,EMB,75.93277740478516
2023-04-06,EMB,75.85347747802734
2023-04-07,EMB,75.85347747802734
2023-04-10,EMB,75.45700073242188
2023-04-11,EMB,75.5362777709961
2023-04-12,EMB,75.75655364990234
2023-04-13,EMB,75.83584594726562
2023-04-14,EMB,75.67726135253906
2023-04-17,EMB,75.1926498413086
2023-04-18,EMB,75.17501831054688
2023-04-19,EMB,74.81376647949219
2023-04-20,EMB,74.72566223144531
2023-04-21,EMB,74.7344741821289
2023-04-24,EMB,74.93711853027344
2023-04-25,EMB,75.39529418945312
2023-04-26,EMB,75.1926498413086
2023-04-27,EMB,75.21026611328125
2023-04-28,EMB,75.90633392333984
2023-05-01,EMB,75.15434265136719
2023-05-02,EMB,75.47283172607422
2023-05-03,EMB,75.71170806884766
2023-05-04,EMB,75.33128356933594
2023-05-05,EMB,75.5436019897461
2023-05-08,EMB,75.2428207397461
2023-05-09,EMB,75.20742797851562
2023-05-10,EMB,75.62322235107422
2023-05-11,EMB,75.86211395263672
2023-05-12,EMB,75.38435363769531
2023-05-15,EMB,75.05702209472656
2023-05-16,EMB,74.76509094238281
2023-05-17,EMB,74.7739028930664
2023-05-18,EMB,74.47314453125
2023-05-19,EMB,74.46429443359375
2023-05-22,EMB,74.4554443359375
2023-05-23,EMB,74.5439224243164
2023-05-24,EMB,74.4200668334961
2023-05-25,EMB,74.22543334960938
2023-05-26,EMB,74.53506469726562
2023-05-29,EMB,74.53506469726562
2023-05-30,EMB,75.10125732421875
2023-05-31,EMB,75.00396728515625
2023-06-01,EMB,75.50411987304688
2023-06-02,EMB,75.38861083984375
2023-06-05,EMB,75.63738250732422
2023-06-06,EMB,75.77061462402344
2023-06-07,EMB,75.32643127441406
2023-06-08,EMB,75.75288391113281
2023-06-09,EMB,75.66402435302734
2023-06-12,EMB,76.08157348632812
2023-06-13,EMB,75.966064453125
2023-06-14,EMB,76.1259994506836
2023-06-15,EMB,76.51688385009766
2023-06-16,EMB,76.21482849121094
2023-06-19,EMB,76.21482849121094
2023-06-20,EMB,76.25037384033203
2023-06-21,EMB,76.65013885498047
2023-06-22,EMB,76.35694122314453
2023-06-23,EMB,76.44584655761719
2023-06-26,EMB,76.6856689453125
2023-06-27,EMB,76.6856689453125
2023-06-28,EMB,76.73896026611328
2023-06-29,EMB,76.33032989501953
2023-06-30,EMB,76.88111114501953
2023-07-03,EMB,77.02918243408203
2023-07-04,EMB,77.02918243408203
2023-07-05,EMB,76.63673400878906
2023-07-06,EMB,75.5396499633789
2023-07-07,EMB,75.45040893554688
2023-07-10,EMB,75.77151489257812
2023-07-11,EMB,76.25318145751953
2023-07-12,EMB,77.16297912597656
2023-07-13,EMB,78.00141906738281
2023-07-14,EMB,77.54652404785156
2023-07-17,EMB,77.66246795654297
2023-07-18,EMB,78.04601287841797
2023-07-19,EMB,77.83192443847656
2023-07-20,EMB,77.35921478271484
2023-07-21,EMB,77.60003662109375
2023-07-24,EMB,77.75166320800781
2023-07-25,EMB,77.65355682373047
2023-07-26,EMB,77.90331268310547
2023-07-27,EMB,77.16297912597656
2023-07-28,EMB,78.09951782226562
2023-07-31,EMB,78.20655822753906
2023-08-01,EMB,77.4256591796875
2023-08-02,EMB,76.8704833984375
2023-08-03,EMB,76.21672821044922
2023-08-04,EMB,77.22867584228516
2023-08-07,EMB,76.97791290283203
2023-08-08,EMB,77.17491912841797
2023-08-09,EMB,77.33610534667969
2023-08-10,EMB,77.04060363769531
2023-08-11,EMB,76.86151885986328
2023-08-14,EMB,76.24361419677734
2023-08-15,EMB,75.59883880615234
2023-08-16,EMB,75.4555435180664
2023-08-17,EMB,75.39286804199219
2023-08-18,EMB,75.37494659423828
2023-08-21,EMB,74.99884033203125
2023-08-22,EMB,75.20482635498047
2023-08-23,EMB,76.41375732421875
2023-08-24,EMB,75.89437103271484
2023-08-25,EMB,76.0107650756836
2023-08-28,EMB,76.25257110595703
2023-08-29,EMB,77.04060363769531
2023-08-30,EMB,76.83464813232422
2023-08-31,EMB,76.76298522949219
2023-09-01,EMB,76.57325744628906
2023-09-04,EMB,76.57325744628906
2023-09-05,EMB,75.82685852050781
2023-09-06,EMB,75.7099609375
2023-09-07,EMB,76.11461639404297
2023-09-08,EMB,76.17759704589844
2023-09-11,EMB,76.06066131591797
2023-09-12,EMB,76.11461639404297
2023-09-13,EMB,76.15957641601562
2023-09-14,EMB,76.18656158447266
2023-09-15,EMB,75.93478393554688
2023-09-18,EMB,75.9797134399414
2023-09-19,EMB,75.88980865478516
2023-09-20,EMB,75.82685852050781
2023-09-21,EMB,75.06246948242188
2023-09-22,EMB,75.36821746826172
2023-09-25,EMB,74.93658447265625
2023-09-26,EMB,74.44198608398438
2023-09-27,EMB,74.11825561523438
2023-09-28,EMB,74.28909301757812
2023-09-29,EMB,74.20816040039062
2023-10-02,EMB,73.39803314208984
2023-10-03,EMB,72.57618713378906
2023-10-04,EMB,72.91940307617188
2023-10-05,EMB,72.89228057861328
2023-10-06,EMB,72.91940307617188
2023-10-09,EMB,73.2806396484375
2023-10-10,EMB,73.39803314208984
2023-10-11,EMB,73.99410247802734
2023-10-12,EMB,73.21742248535156
2023-10-13,EMB,73.4251480102539
2023-10-16,EMB,73.34386444091797
2023-10-17,EMB,72.99164581298828
2023-10-18,EMB,72.52201080322266
2023-10-19,EMB,71.98915100097656
2023-10-20,EMB,72.38652038574219
2023-10-23,EMB,72.80198669433594
2023-10-24,EMB,73.37998962402344
2023-10-25,EMB,72.8290786743164
2023-10-26,EMB,73.11809539794922
2023-10-27,EMB,73.1541976928711
2023-10-30,EMB,73.34386444091797
2023-10-31,EMB,73.32579040527344
2023-11-01,EMB,74.28921508789062
2023-11-02,EMB,75.0331039428711
2023-11-03,EMB,75.76791381835938
2023-11-06,EMB,75.1419677734375
2023-11-07,EMB,75.39598846435547
2023-11-08,EMB,75.54114532470703
2023-11-09,EMB,74.77002716064453
2023-11-10,EMB,75.09661865234375
2023-11-13,EMB,74.69747161865234
2023-11-14,EMB,75.99473571777344
2023-11-15,EMB,75.52299499511719
2023-11-16,EMB,76.1489486694336
2023-11-17,EMB,76.39389038085938
2023-11-20,EMB,76.87468719482422
2023-11-21,EMB,76.87468719482422
2023-11-22,EMB,77.2557144165039
2023-11-23,EMB,77.2557144165039
2023-11-24,EMB,77.10149383544922
2023-11-27,EMB,77.43714904785156
2023-11-28,EMB,77.83629608154297
2023-11-29,EMB,78.45319366455078
2023-11-30,EMB,77.89981079101562
2023-12-01,EMB,79.09465789794922
2023-12-04,EMB,78.54824829101562
2023-12-05,EMB,79.00359344482422
2023-12-06,EMB,79.44075012207031
2023-12-07,EMB,79.35877990722656
2023-12-08,EMB,79.08556365966797
2023-12-11,EMB,78.95803833007812
2023-12-12,EMB,79.1219711303711
2023-12-13,EMB,80.43341064453125
2023-12-14,EMB,81.26922607421875
2023-12-15,EMB,81.15948486328125
2023-12-18,EMB,81.17778015136719
2023-12-19,EMB,81.37895965576172
2023-12-20,EMB,81.38809204101562
2023-12-21,EMB,81.534423828125
2023-12-22,EMB,81.4246826171875
2023-12-25,EMB,81.4246826171875
2023-12-26,EMB,81.71732330322266
2023-12-27,EMB,82.00993347167969
2023-12-28,EMB,81.78131866455078
2023-12-29,EMB,81.4429702758789
2024-01-01,EMB,81.4429702758789
2024-01-02,EMB,80.63825225830078
2024-01-03,EMB,80.32730102539062
2024-01-04,EMB,79.96151733398438
2024-01-05,EMB,79.71461486816406
2024-01-08,EMB,79.8152084350586
2024-01-09,EMB,79.5042953491211
2024-01-10,EMB,80.07125854492188
2024-01-11,EMB,80.79369354248047
2024-01-12,EMB,80.94000244140625
2024-01-15,EMB,80.94000244140625
2024-01-16,EMB,80.19014739990234
2024-01-17,EMB,79.88835906982422
2024-01-18,EMB,79.97065734863281
2024-01-19,EMB,80.00723266601562
2024-01-22,EMB,80.06212615966797
2024-01-23,EMB,79.6506118774414
2024-01-24,EMB,79.4311294555664
2024-01-25,EMB,79.99812316894531
2024-01-26,EMB,80.11697387695312
2024-01-29,EMB,80.41875457763672
2024-01-30,EMB,80.60164642333984
2024-01-31,EMB,80.45532989501953
2024-02-01,EMB,81.13213348388672
2024-02-02,EMB,80.4801254272461
2024-02-05,EMB,79.80062103271484
2024-02-06,EMB,80.52606201171875
2024-02-07,EMB,80.41584777832031
2024-02-08,EMB,80.3148422241211
2024-02-09,EMB,80.34237670898438
2024-02-12,EMB,80.41584777832031
2024-02-13,EMB,79.4240951538086
2024-02-14,EMB,79.96588897705078
2024-02-15,EMB,80.61788940429688
2024-02-16,EMB,80.06690979003906
2024-02-19,EMB,80.06690979003906
2024-02-20,EMB,80.0577163696289
2024-02-21,EMB,79.99342346191406
2024-02-22,EMB,80.4985122680664
2024-02-23,EMB,80.948486328125
2024-02-26,EMB,80.71890258789062
2024-02-27,EMB,80.64543151855469
2024-02-28,EMB,80.81071472167969
2024-02-29,EMB,81.08623504638672
2024-03-01,EMB,81.56214904785156
2024-03-04,EMB,81.48834228515625
2024-03-05,EMB,81.66360473632812
2024-03-06,EMB,81.96797943115234
2024-03-07,EMB,82.1893310546875
2024-03-08,EMB,82.28156280517578
2024-03-11,EMB,82.15243530273438
2024-03-12,EMB,82.04175567626953
2024-03-13,EMB,82.12477111816406
2024-03-14,EMB,81.70970153808594
2024-03-15,EMB,81.45146179199219
2024-03-18,EMB,81.49757385253906
2024-03-19,EMB,81.875732421875
2024-03-20,EMB,82.26310729980469
2024-03-21,EMB,82.54902648925781
2024-03-22,EMB,82.8165054321289
2024-03-25,EMB,82.751953125
2024-03-26,EMB,82.74271392822266
2024-03-27,EMB,83.08399200439453
2024-03-28,EMB,82.7058334350586
2024-03-29,EMB,82.7058334350586
2024-04-01,EMB,82.35020446777344
2024-04-02,EMB,82.38723754882812
2024-04-03,EMB,82.56321716308594
2024-04-04,EMB,82.52616882324219
2024-04-05,EMB,82.65582275390625
2024-04-08,EMB,82.68362426757812
2024-04-09,EMB,83.23928833007812
2024-04-10,EMB,81.92420959472656
2024-04-11,EMB,81.68340301513672
2024-04-12,EMB,81.45185852050781
2024-04-15,EMB,80.50724029541016
2024-04-16,EMB,80.25719451904297
2024-04-17,EMB,80.8869400024414
2024-04-18,EMB,80.82210540771484
2024-04-19,EMB,81.05364990234375
2024-04-22,EMB,81.48892211914062
2024-04-23,EMB,81.60005187988281
2024-04-24,EMB,81.01660919189453
2024-04-25,EMB,80.78506469726562
2024-04-26,EMB,81.13700866699219
2024-04-29,EMB,81.53522491455078
2024-04-30,EMB,80.71097564697266
2024-05-01,EMB,81.04669952392578
2024-05-02,EMB,81.70697784423828
2024-05-03,EMB,82.37654113769531
2024-05-06,EMB,82.60905456542969
2024-05-07,EMB,82.67413330078125
2024-05-08,EMB,82.36726379394531
2024-05-09,EMB,82.646240234375
2024-05-10,EMB,82.45096588134766
2024-05-13,EMB,82.53463745117188
2024-05-14,EMB,82.72063446044922
2024-05-15,EMB,83.58551025390625
2024-05-16,EMB,83.30652618408203
2024-05-17,EMB,83.14842987060547
2024-05-20,EMB,83.15773010253906
2024-05-21,EMB,83.22282409667969
2024-05-22,EMB,82.95313262939453
2024-05-23,EMB,82.38585662841797
2024-05-24,EMB,82.71134185791016
2024-05-27,EMB,82.71134185791016
2024-05-28,EMB,82.21846771240234
2024-05-29,EMB,81.92086029052734
2024-05-30,EMB,82.41374969482422
2024-05-31,EMB,82.81363677978516
2024-06-03,EMB,83.18995666503906
2024-06-04,EMB,83.24597930908203
2024-06-05,EMB,83.4700927734375
2024-06-06,EMB,83.27399444580078
2024-06-07,EMB,82.62035369873047
2024-06-10,EMB,82.60166931152344
2024-06-11,EMB,82.91915893554688
2024-06-12,EMB,83.24597930908203
2024-06-13,EMB,83.4700927734375
2024-06-14,EMB,83.36735534667969
2024-06-17,EMB,83.11526489257812
2024-06-18,EMB,83.66616821289062
2024-06-19,EMB,83.66616821289062
2024-06-20,EMB,83.35802459716797
2024-06-21,EMB,83.46073150634766
2024-06-24,EMB,83.49808502197266
2024-06-25,EMB,83.48876953125
2024-06-26,EMB,83.20863342285156
2024-06-27,EMB,83.28334045410156
2024-06-28,EMB,82.62035369873047
2024-07-01,EMB,82.29306030273438
2024-07-02,EMB,82.69630432128906
2024-07-03,EMB,83.3434066772461
2024-07-04,EMB,83.3434066772461
2024-07-05,EMB,83.88732147216797
2024-07-08,EMB,83.86858367919922
2024-07-09,EMB,83.60599517822266
2024-07-10,EMB,83.99984741210938
2024-07-11,EMB,84.48754119873047
2024-07-12,EMB,84.64695739746094
2024-07-15,EMB,84.29997253417969
2024-07-16,EMB,84.67508697509766
2024-07-17,EMB,84.37499237060547
2024-07-18,EMB,83.9342269897461
2024-07-19,EMB,83.70914459228516
2024-07-22,EMB,84.08427429199219
2024-07-23,EMB,84.11241912841797
2024-07-24,EMB,83.56849670410156
2024-07-25,EMB,83.70914459228516
2024-07-26,EMB,84.17804718017578
2024-07-29,EMB,84.3187484741211
2024-07-30,EMB,84.4312744140625
2024-07-31,EMB,84.82515716552734
2024-08-01,EMB,84.77899932861328
2024-08-02,EMB,85.34412384033203
2024-08-05,EMB,84.47759246826172
2024-08-06,EMB,84.19503021240234
2024-08-07,EMB,84.37398529052734
2024-08-08,EMB,84.76956939697266
2024-08-09,EMB,85.1463394165039
2024-08-12,EMB,85.24050903320312
2024-08-13,EMB,85.70203399658203
2024-08-14,EMB,85.8904037475586
2024-08-15,EMB,85.86216735839844
2024-08-16,EMB,86.21065521240234
2024-08-19,EMB,86.47438049316406
2024-08-20,EMB,86.68160247802734
2024-08-21,EMB,86.93590545654297
2024-08-22,EMB,86.21065521240234
2024-08-23,EMB,87.14311218261719
2024-08-26,EMB,86.96415710449219
2024-08-27,EMB,86.85113525390625
2024-08-28,EMB,86.70985412597656
2024-08-29,EMB,86.67218780517578
2024-08-30,EMB,86.74752807617188
2024-09-02,EMB,86.74752807617188
2024-09-03,EMB,86.40520477294922
2024-09-04,EMB,86.79293823242188
2024-09-05,EMB,87.12390899658203
2024-09-06,EMB,86.9253158569336
2024-09-09,EMB,87.16173553466797
2024-09-10,EMB,87.2279281616211
2024-09-11,EMB,87.45489501953125
2024-09-12,EMB,87.59674835205078
2024-09-13,EMB,87.9939193725586
2024-09-16,EMB,88.5329360961914
2024-09-17,EMB,88.5140380859375
2024-09-18,EMB,88.25870513916016
2024-09-19,EMB,88.64643096923828
2024-09-20,EMB,88.47620391845703
2024-09-23,EMB,88.22088623046875
2024-09-24,EMB,88.33435821533203
2024-09-25,EMB,88.06956481933594
2024-09-26,EMB,88.19251251220703
2024-09-27,EMB,88.34381103515625
2024-09-30,EMB,88.49510955810547
2024-10-01,EMB,88.74674987792969
2024-10-02,EMB,88.54734802246094
2024-10-03,EMB,88.177001953125
2024-10-04,EMB,87.84466552734375
2024-10-07,EMB,87.44583892822266
2024-10-08,EMB,87.58827209472656
2024-10-09,EMB,87.44583892822266
2024-10-10,EMB,87.30339813232422
2024-10-11,EMB,87.41736602783203
2024-10-14,EMB,87.5977783203125
2024-10-15,EMB,87.83515930175781
2024-10-16,EMB,88.0535659790039
2024-10-17,EMB,87.49333190917969
2024-10-18,EMB,87.69273376464844
2024-10-21,EMB,86.8286361694336
2024-10-22,EMB,86.62921142578125
2024-10-23,EMB,86.30635833740234
2024-10-24,EMB,86.65769958496094
2024-10-25,EMB,86.65769958496094
2024-10-28,EMB,86.7431640625
2024-10-29,EMB,86.94258117675781
2024-10-30,EMB,86.84761810302734
2024-10-31,EMB,86.33484649658203
2024-11-01,EMB,85.99332427978516
2024-11-04,EMB,86.36537170410156
2024-11-05,EMB,86.63249206542969
2024-11-06,EMB,86.3558349609375
2024-11-07,EMB,87.30028533935547
2024-11-08,EMB,87.5387954711914
2024-11-11,EMB,87.35753631591797
2024-11-12,EMB,86.68020629882812
2024-11-13,EMB,86.5561752319336
2024-11-14,EMB,86.33675384521484
2024-11-15,EMB,86.21273803710938
2024-11-18,EMB,86.31765747070312
2024-11-19,EMB,86.72789764404297
2024-11-20,EMB,86.7374267578125
2024-11-21,EMB,86.77559661865234
2024-11-22,EMB,86.670654296875
2024-11-25,EMB,87.4815444946289
2024-11-26,EMB,87.35753631591797
2024-11-27,EMB,87.66280364990234
2024-11-28,EMB,87.66280364990234
2024-11-29,EMB,87.91084289550781
2024-12-02,EMB,87.8131332397461
2024-12-03,EMB,87.8322982788086
2024-12-04,EMB,88.15802001953125
2024-12-05,EMB,88.27298736572266
2024-12-06,EMB,88.5699691772461
2024-12-09,EMB,88.36878967285156
2024-12-10,EMB,88.2250747680664
2024-12-11,EMB,88.17718505859375
2024-12-12,EMB,87.71732330322266
2024-12-13,EMB,87.26704406738281
2024-12-16,EMB,87.34370422363281
2024-12-17,EMB,87.29578399658203
2024-12-18,EMB,85.9857406616211
2024-12-19,EMB,85.61034393310547
2024-12-20,EMB,86.20713806152344
2024-12-23,EMB,85.9857406616211
2024-12-24,EMB,86.37076568603516
2024-12-25,EMB,86.37076568603516
2024-12-26,EMB,86.28414154052734
2024-12-27,EMB,85.95687103271484
2024-12-30,EMB,86.11613464355469
2024-12-31,EMB,85.9520492553711
2025-01-01,EMB,85.9520492553711
2025-01-02,EMB,86.24163055419922
2025-01-03,EMB,86.39608001708984
2025-01-06,EMB,86.43468475341797
2025-01-07,EMB,86.08718872070312
2025-01-08,EMB,86.1547622680664
2025-01-09,EMB,86.1547622680664
2025-01-10,EMB,85.69139862060547
2025-01-13,EMB,85.56591796875
2025-01-14,EMB,85.69139862060547
2025-01-15,EMB,86.676025390625
2025-01-16,EMB,86.56983947753906
2025-01-17,EMB,86.73394012451172
2025-01-20,EMB,86.73394012451172
2025-01-21,EMB,87.32279968261719
2025-01-22,EMB,87.08145904541016
2025-01-23,EMB,87.0621566772461
2025-01-24,EMB,87.20694732666016
2025-01-27,EMB,87.45793151855469
2025-01-28,EMB,87.41931915283203
2025-01-29,EMB,87.34209442138672
2025-01-30,EMB,87.70892333984375
2025-01-31,EMB,87.40967559814453
2025-02-03,EMB,87.54644775390625
2025-02-04,EMB,87.85685729980469
2025-02-05,EMB,88.35159301757812
2025-02-06,EMB,88.27398681640625
2025-02-07,EMB,87.93446350097656
2025-02-10,EMB,87.93446350097656
2025-02-11,EMB,87.55615997314453
2025-02-12,EMB,87.27484130859375
2025-02-13,EMB,87.99267578125
2025-02-14,EMB,88.26427459716797
2025-02-17,EMB,88.26427459716797
2025-02-18,EMB,87.8859634399414
2025-02-19,EMB,87.90536499023438
2025-02-20,EMB,88.07026672363281
2025-02-21,EMB,88.099365234375
2025-02-24,EMB,88.18667602539062
2025-02-25,EMB,88.7396011352539
2025-02-26,EMB,89.0306167602539
2025-02-27,EMB,88.72990417480469
2025-02-28,EMB,89.27310943603516
2025-03-03,EMB,89.08413696289062
2025-03-04,EMB,88.94776153564453
2025-03-05,EMB,88.91854858398438
2025-03-06,EMB,88.39250946044922
2025-03-07,EMB,88.63603973388672
2025-03-10,EMB,88.51914978027344
2025-03-11,EMB,88.34380340576172
2025-03-12,EMB,88.32432556152344
2025-03-13,EMB,88.28535461425781
2025-03-14,EMB,88.37303924560547
2025-03-17,EMB,88.60681915283203
2025-03-18,EMB,88.57759857177734
2025-03-19,EMB,89.06465911865234
2025-03-20,EMB,88.88931274414062
2025-03-21,EMB,88.62630462646484
2025-03-24,EMB,88.5678482055664
2025-03-25,EMB,88.65552520751953
2025-03-26,EMB,88.14897918701172
2025-03-27,EMB,87.95414733886719
2025-03-28,EMB,88.05155944824219
2025-03-31,EMB,88.24639129638672
2025-04-01,EMB,88.53014373779297
2025-04-02,EMB,88.49102020263672
2025-04-03,EMB,87.962646484375
2025-04-04,EMB,86.68087005615234
2025-04-07,EMB,85.28170013427734
2025-04-08,EMB,84.675048828125
2025-04-09,EMB,86.85698699951172
2025-04-10,EMB,85.17406463623047
2025-04-11,EMB,85.47737884521484
2025-04-14,EMB,86.36776733398438
2025-04-15,EMB,86.63194274902344
2025-04-16,EMB,86.66129302978516
2025-04-17,EMB,86.8863525390625
2025-04-18,EMB,86.8863525390625
2025-04-21,EMB,85.8785400390625
2025-04-22,EMB,86.76893615722656
2025-04-23,EMB,87.15052795410156
2025-04-24,EMB,88.08006286621094
2025-04-25,EMB,88.43229675292969
2025-04-28,EMB,88.53014373779297
2025-04-29,EMB,88.6475601196289
2025-04-30,EMB,88.02135467529297
2025-05-01,EMB,88.06262969970703
2025-05-02,EMB,87.82675170898438
2025-05-05,EMB,87.64984130859375
2025-05-06,EMB,88.01348876953125
2025-05-07,EMB,88.35749053955078
2025-05-08,EMB,88.003662109375
2025-05-09,EMB,88.14125061035156
2025-05-12,EMB,88.65232849121094
2025-05-13,EMB,88.73096466064453
2025-05-14,EMB,88.43611907958984
2025-05-15,EMB,88.73096466064453
2025-05-16,EMB,88.89804077148438
2025-05-19,EMB,88.95702362060547
2025-05-20,EMB,88.81942749023438
2025-05-21,EMB,88.003662109375
2025-05-22,EMB,88.29850769042969
2025-05-23,EMB,88.386962890625
2025-05-26,EMB,88.386962890625
2025-05-27,EMB,88.92753601074219
2025-05-28,EMB,88.74079132080078
2025-05-29,EMB,89.04547119140625
2025-05-30,EMB,89.04547119140625
2025-06-02,EMB,89.01091766357422
2025-06-03,EMB,89.29721069335938
2025-06-04,EMB,89.63288879394531
2025-06-05,EMB,89.41569519042969
2025-06-06,EMB,89.27748107910156
2025-06-09,EMB,89.50455474853516
2025-06-10,EMB,89.89944458007812
2025-06-11,EMB,90.16600799560547
2025-06-12,EMB,90.32395935058594
2025-06-13,EMB,89.7513656616211
2025-06-16,EMB,89.85009002685547
2025-06-17,EMB,89.91919708251953
2025-06-18,EMB,89.85995483398438
2025-06-19,EMB,89.85995483398438
2025-06-20,EMB,89.97842407226562
2025-06-23,EMB,90.235107421875
2025-06-24,EMB,90.7780990600586
2025-06-25,EMB,90.72874450683594
2025-06-26,EMB,91.00517272949219
2025-06-27,EMB,90.92619323730469
2025-06-30,EMB,91.43956756591797
2025-07-01,EMB,91.61800384521484
2025-07-02,EMB,91.5287857055664
2025-07-03,EMB,91.68739318847656
2025-07-04,EMB,91.68739318847656
2025-07-07,EMB,91.22147369384766
2025-07-08,EMB,90.93399047851562
2025-07-09,EMB,91.5783462524414
2025-07-10,EMB,91.43955993652344
2025-07-11,EMB,90.96372985839844
2025-07-14,EMB,90.97364044189453
2025-07-15,EMB,90.7258071899414
2025-07-16,EMB,90.79519653320312
2025-07-17,EMB,90.89434051513672
2025-07-18,EMB,91.09259796142578
2025-07-21,EMB,91.43955993652344
2025-07-22,EMB,91.59817504882812
2025-07-23,EMB,91.63783264160156
2025-07-24,EMB,91.61800384521484
2025-07-25,EMB,91.91539764404297
2025-07-28,EMB,91.85591888427734
2025-07-29,EMB,92.202880859375
2025-07-30,EMB,92.04426574707031
2025-07-31,EMB,92.06410217285156
2025-08-01,EMB,92.32398223876953
2025-08-04,EMB,92.78201293945312
2025-08-05,EMB,92.78201293945312
2025-08-06,EMB,92.84175872802734
2025-08-07,EMB,92.98115539550781
2025-08-08,EMB,92.98115539550781
2025-08-11,EMB,93.10064697265625
2025-08-12,EMB,93.27987670898438
2025-08-13,EMB,93.7379150390625
2025-08-14,EMB,93.52880859375
2025-08-15,EMB,93.44915008544922
2025-08-18,EMB,93.53877258300781
2025-08-19,EMB,93.57859802246094
2025-08-20,EMB,93.42923736572266
2025-08-21,EMB,93.1305160522461
2025-08-22,EMB,93.8076171875
2025-08-25,EMB,93.43919372558594
2025-08-26,EMB,93.41928100585938
2025-08-27,EMB,93.30975341796875
2025-08-28,EMB,93.85740661621094
2025-08-29,EMB,93.71800231933594
2025-09-01,EMB,93.71800231933594
2025-09-02,EMB,93.36000061035156
2025-09-03,EMB,93.76000213623047
2025-09-04,EMB,94.12999725341797
2025-09-05,EMB,94.76000213623047
2025-09-08,EMB,94.75
2025-09-09,EMB,94.66000366210938
2025-09-10,EMB,95.18000030517578
2025-09-11,EMB,95.52999877929688
2025-09-12,EMB,95.25
2025-09-15,EMB,95.58999633789062
2025-09-16,EMB,95.52999877929688
2025-09-17,EMB,95.4800033569336
2025-09-18,EMB,95.08000183105469
2025-09-19,EMB,94.9800033569336
2025-09-22,EMB,95.19000244140625
2025-09-23,EMB,95.55999755859375
2025-09-24,EMB,95.5
2025-09-25,EMB,95.26000213623047
2025-09-26,EMB,95.2300033569336
